[04Apr2025 22:19:17.283] [main/INFO] [cpw.mods.modlauncher.Launcher/MODLAUNCHER]: ModLauncher running: args [--launchTarget, forgeserver, --fml.forgeVersion, 47.3.7, --fml.mcVersion, 1.20.1, --fml.forgeGroup, net.minecraftforge, --fml.mcpVersion, 20230612.114412, nogui]
[04Apr2025 22:19:17.287] [main/INFO] [cpw.mods.modlauncher.Launcher/MODLAUNCHER]: ModLauncher 10.0.9+10.0.9+main.dcd20f30 starting: java version 17.0.14 by Ubuntu; OS Linux arch amd64 version 6.8.0-1021-azure
[04Apr2025 22:19:18.403] [main/INFO] [net.minecraftforge.fml.loading.ImmediateWindowHandler/]: ImmediateWindowProvider not loading because launch target is forgeserver
[04Apr2025 22:19:18.449] [main/INFO] [mixin/]: SpongePowered MIXIN Subsystem Version=0.8.5 Source=union:/workspaces/solid-invention/servidor_minecraft/libraries/org/spongepowered/mixin/0.8.5/mixin-0.8.5.jar%2365!/ Service=ModLauncher Env=SERVER
[04Apr2025 22:19:18.940] [main/WARN] [net.minecraftforge.fml.loading.moddiscovery.ModFileParser/LOADING]: Mod file /workspaces/solid-invention/servidor_minecraft/libraries/net/minecraftforge/fmlcore/1.20.1-47.3.7/fmlcore-1.20.1-47.3.7.jar is missing mods.toml file
[04Apr2025 22:19:18.940] [main/WARN] [net.minecraftforge.fml.loading.moddiscovery.ModFileParser/LOADING]: Mod file /workspaces/solid-invention/servidor_minecraft/libraries/net/minecraftforge/javafmllanguage/1.20.1-47.3.7/javafmllanguage-1.20.1-47.3.7.jar is missing mods.toml file
[04Apr2025 22:19:18.941] [main/WARN] [net.minecraftforge.fml.loading.moddiscovery.ModFileParser/LOADING]: Mod file /workspaces/solid-invention/servidor_minecraft/libraries/net/minecraftforge/lowcodelanguage/1.20.1-47.3.7/lowcodelanguage-1.20.1-47.3.7.jar is missing mods.toml file
[04Apr2025 22:19:18.942] [main/WARN] [net.minecraftforge.fml.loading.moddiscovery.ModFileParser/LOADING]: Mod file /workspaces/solid-invention/servidor_minecraft/libraries/net/minecraftforge/mclanguage/1.20.1-47.3.7/mclanguage-1.20.1-47.3.7.jar is missing mods.toml file
[04Apr2025 22:19:19.393] [main/WARN] [net.minecraftforge.jarjar.selection.JarSelector/]: Attempted to select two dependency jars from JarJar which have the same identification: Mod File:  and Mod File: . Using Mod File: 
[04Apr2025 22:19:19.394] [main/WARN] [net.minecraftforge.jarjar.selection.JarSelector/]: Attempted to select a dependency jar for JarJar which was passed in as source: resourcefullib. Using Mod File: /workspaces/solid-invention/servidor_minecraft/mods/resourcefullib-forge-1.20.1-2.1.29.jar
[04Apr2025 22:19:19.395] [main/WARN] [net.minecraftforge.jarjar.selection.JarSelector/]: Attempted to select a dependency jar for JarJar which was passed in as source: architectury. Using Mod File: /workspaces/solid-invention/servidor_minecraft/mods/architectury-9.2.14-forge.jar
[04Apr2025 22:19:19.395] [main/INFO] [net.minecraftforge.fml.loading.moddiscovery.JarInJarDependencyLocator/]: Found 24 dependencies adding them to mods collection
[04Apr2025 22:19:23.465] [main/INFO] [mixin/]: Compatibility level set to JAVA_17
[04Apr2025 22:19:23.601] [main/ERROR] [mixin/]: Mixin config celestisynth.mixins.json does not specify "minVersion" property
[04Apr2025 22:19:23.871] [main/INFO] [cpw.mods.modlauncher.LaunchServiceHandler/MODLAUNCHER]: Launching target 'forgeserver' with arguments [nogui]
[04Apr2025 22:19:23.923] [main/WARN] [mixin/]: Reference map 'createdeco-forge-refmap.json' for createdeco.mixins.json could not be read. If this is a development environment you can ignore this message
[04Apr2025 22:19:24.061] [main/WARN] [mixin/]: Reference map 'corpsecurioscompat.refmap.json' for gravestonecurioscompat.mixins.json could not be read. If this is a development environment you can ignore this message
[04Apr2025 22:19:24.202] [main/WARN] [mixin/]: Reference map 'mixins.sons_of_sins.refmap.json' for mixins.sons_of_sins.json could not be read. If this is a development environment you can ignore this message
[04Apr2025 22:19:24.384] [main/INFO] [Puzzles Lib/]: Loading 145 mods:
	- alexscaves 2.0.2
	- alexscaves_torpedoes 1.0.2
	- alexsmobs 1.22.9
	- aquamirae 6.API15
	- aquamirae_mod_extra_music 1.0.0
	- architectury 9.2.14
	- artifacts 9.5.13
		\-- expandability 9.0.4
	- astemirlib 1.25
	- atmospheric 6.1.0
	- attributeslib 1.3.7
	- balm 7.3.18
		\-- kuma_api 20.1.9-SNAPSHOT
	- bettercombat 1.8.6+1.20.1
	- biomancy 2.8.19.0
	- blueprint 7.1.1
	- bookshelf 20.2.13
	- born_in_chaos_v1 1.6.3
	- caelus 3.2.0+1.20.1
	- carryon 2.1.2.7
	- cataclysm 2.57
	- cataclysmiccombat 1.4
	- celestisynth 1.20.1-1.3.1
	- citadel 2.6.1
	- cloth_config 11.1.136
	- comforts 6.4.0+1.20.1
		\-- spectrelib 0.13.15+1.20.1
	- connectivity 1.20.1-7.1
	- copycats 2.2.0+mc.1.20.1-forge
	- cosmeticarmorreworked 1.20.1-v1a
	- cpm 0.6.21a
	- create 0.5.1.j
		\-- flywheel 0.6.11-13
	- create_curios_backtank 1.0.1
	- createbb 3.1.1
	- createbigcannons 5.8.2
		\-- ritchiesprojectilelib 2.0.0-dev+mc.1.20.1-forge-build.182
	- createdeco 2.0.2-1.20.1-forge
	- createrailwaysnavigator 1.20.1-beta-0.7.2
		\-- dragonlib 1.20.1-2.2.24
	- creativecore 2.12.31
	- creeperoverhaul 3.0.2
	- cristellib 1.1.6
	- cupboard 1.20.1-2.7
	- curios 5.12.1+1.20.1
	- curious_armor_stands 1.20-5.1.0
	- deltaboxlib 1.1.3
	- domesticationinnovation 1.7.1
	- dragonfight 1.20.1-4.6
	- drinkbeer 1.0.5
	- dynamo 1.0.1
	- easy_npc 5.9.0
	- edible_meth 1.0.0
	- endergetic 5.0.1
		\-- mixinextras 0.4.1
	- endermanoverhaul 1.0.4
	- endrem 5.3.3-R-1.20.1
	- entityculling 1.7.3
	- environmental 4.0.1
	- extendedbogeys 0.5.16-1.20.1-0.5.1.f-forge
	- fallingtree 4.3.4
	- farmersdelight 1.20.1-1.2.7
	- fastleafdecay 32
	- ferritecore 6.0.1
	- forge 47.3.7
	- fpsboostremake 2.0
	- framework 0.7.12
	- ftbchunks 2001.3.5
	- ftblibrary 2001.2.9
	- ftbquests 2001.4.11
	- ftbranks 2001.1.3
	- ftbteams 2001.3.1
	- geckolib 4.7
	- goblintraders 1.9.3
	- gravestone 1.20.1-1.0.24
	- gravestonecurioscompat 2.1.0
	- idas 1.10.3+1.20.1
	- illageandspillage 1.2.8
	- integrated_api 1.5.2+1.20.1-forge
	- integrated_stronghold 1.1.2+1.20.1-forge
	- irons_spellbooks 1.20.1-3.4.0.7
	- item_obliterator 2.3.0
	- itemfilters 2001.1.0-build.59
	- jei 15.20.0.106
	- jeresources 1.4.0.247
	- journeymap 5.10.3
	- kotlinforforge 4.11.0
	- kubejs 2001.6.5-build.16
	- lionfishapi 2.4-Fix
	- lootr 0.7.35.90
	- mediumcore 1.0.0
	- meetyourfight 1.20.1-1.4.3
	- melody 1.0.2
	- midnightlib 1.4.2
	- minecraft 1.20.1
	- moonlight 1.20-2.13.71
	- mowziesmobs 1.7.1
	- naturescompass 1.20.1-1.11.2-forge
	- necronomicon 1.6.0
	- nethers_exoticism 1.2.9
	- numismatics 1.0.7+forge-mc1.20.1
	- obscure_api 15
	- octolib 0.4.2
	- papucraft 1.0.0
	- parcool 3.3.1.1
	- parcool_compat_addon 1.0
	- patchouli 1.20.1-84.1-FORGE
	- pehkui 3.8.2+1.20.1-forge
	- placebo 8.6.3
	- playeranimator 1.0.2-rc1+1.20
	- playerrevive 2.0.31
	- plenty_of_golems 1.4.2
	- productivebees 1.20.1-12.6.0
		\-- productivelib 1.20.1-0.0.4
	- puzzleslib 8.1.25
		\-- puzzlesaccessapi 8.0.7
	- quark 4.0-460
	- railways 1.6.7+forge-mc1.20.1
	- rarcompat 0.1.7
	- refurbished_furniture 1.0.12
	- relics 0.8.0.7
	- resourcefulconfig 2.1.3
	- resourcefullib 2.1.29
	- rhino 2001.2.3-build.10
	- securitycraft 1.9.12
	- skinrestorer 2.2.1+1.20-forge
	- slotmachinemod 1.1.5
	- smartbrainlib 1.15
	- sons_of_sins 2.1.7
	- sophisticatedbackpacks 3.23.6.1210
	- sophisticatedcore 1.2.20.894
	- sos_organ_museum 1.0.0
	- supplementaries 1.20-3.1.18
		\-- mixinsquared 0.1.1
	- t_and_t 0.0NONE
	- tctcore 2.0
	- terrablender 3.0.1.7
	- the_bumblezone 7.5.16+1.20.1-forge
		\-- athena 3.1.1
	- traveloptics 4.2.0-1.20.1
	- visualworkbench 8.0.0
	- voicechat 1.20.1-2.5.26
	- waystones 14.1.10
	- ysns 2.0.2
	- zeta 1.0-24
[04Apr2025 22:19:24.400] [main/WARN] [mixin/]: Reference map 'Aquamirae.refmap.json' for aquamirae.mixins.json could not be read. If this is a development environment you can ignore this message
[04Apr2025 22:19:24.409] [main/WARN] [mixin/]: Reference map 'cristellib-forge-refmap.json' for cristellib.mixins.json could not be read. If this is a development environment you can ignore this message
[04Apr2025 22:19:24.648] [main/INFO] [net.minecraftforge.coremod.CoreMod.placebo/COREMODLOG]: Patching IForgeItemStack#getEnchantmentLevel
[04Apr2025 22:19:24.693] [main/INFO] [net.minecraftforge.coremod.CoreMod.placebo/COREMODLOG]: Patching IForgeItemStack#getEnchantmentLevel
[04Apr2025 22:19:24.970] [main/ERROR] [net.minecraftforge.fml.loading.RuntimeDistCleaner/DISTXFORM]: Attempted to load class net/minecraft/client/gui/screens/Screen for invalid dist DEDICATED_SERVER
[04Apr2025 22:19:24.971] [main/WARN] [mixin/]: Error loading class: net/minecraft/client/gui/screens/Screen (java.lang.RuntimeException: Attempted to load class net/minecraft/client/gui/screens/Screen for invalid dist DEDICATED_SERVER)
[04Apr2025 22:19:24.971] [main/WARN] [mixin/]: @Mixin target net.minecraft.client.gui.screens.Screen was not found relics.mixins.json:ScreenMixin
[04Apr2025 22:19:26.480] [main/WARN] [mixin/]: Error loading class: xfacthd/framedblocks/common/blockentity/doubled/FramedAdjustableDoubleBlockEntity (java.lang.ClassNotFoundException: xfacthd.framedblocks.common.blockentity.doubled.FramedAdjustableDoubleBlockEntity)
[04Apr2025 22:19:26.481] [main/WARN] [mixin/]: @Mixin target xfacthd.framedblocks.common.blockentity.doubled.FramedAdjustableDoubleBlockEntity was not found createbigcannons.mixins.json:compat.FramedAdjustableDoubleBlockEntityAccessor
[04Apr2025 22:19:28.050] [main/INFO] [MixinExtras|Service/]: Initializing MixinExtras via com.llamalad7.mixinextras.service.MixinExtrasServiceImpl(version=0.4.1).
[04Apr2025 22:19:29.068] [main/INFO] [net.minecraftforge.coremod.CoreMod.placebo/COREMODLOG]: Patching IForgeItemStack#getEnchantmentLevel
[04Apr2025 22:19:29.070] [main/INFO] [net.minecraftforge.coremod.CoreMod.placebo/COREMODLOG]: Patching IForgeItemStack#getEnchantmentLevel
[04Apr2025 22:19:31.477] [main/WARN] [mixin/]: Method overwrite conflict for setBlockState in the_bumblezone-common.mixins.json:blocks.FallingBlockEntityAccessor, previously written by com.github.alexmodguy.alexscaves.mixin.FallingBlockEntityMixin. Skipping method.
[04Apr2025 22:19:31.636] [main/WARN] [mixin/]: @Redirect conflict. Skipping securitycraft.mixins.json:camera.ServerPlayerMixin->@Redirect::securitycraft$tick(Lnet/minecraft/server/level/ServerPlayer;DDDFF)V with priority 1100, already redirected by railways-common.mixins.json:conductor_possession.ServerPlayerMixin->@Redirect::railways$securitycraft$tick(Lnet/minecraft/server/level/ServerPlayer;DDDFF)V with priority 1200
[04Apr2025 22:19:31.950] [main/INFO] [net.minecraftforge.coremod.CoreMod.placebo/COREMODLOG]: Patching IForgeItemStack#getEnchantmentLevel
[04Apr2025 22:19:31.950] [main/INFO] [net.minecraftforge.coremod.CoreMod.placebo/COREMODLOG]: Patching IForgeItemStack#getEnchantmentLevel
[04Apr2025 22:19:34.511] [main/WARN] [mixin/]: @Inject(@At("INVOKE_ASSIGN")) Shift.BY=2 on refurbished_furniture.common.mixins.json:LevelChunkMixin::handler$zic000$refurbishedFurniture$AfterRemoveBlockEntity exceeds the maximum allowed value: 0. Increase the value of maxShiftBy to suppress this warning.
[04Apr2025 22:19:35.611] [main/WARN] [mixin/]: Mixin alexscaves.mixins.json:SwampHutPieceMixin has multiple constructors, (Lnet/minecraft/world/level/levelgen/structure/pieces/StructurePieceType;IIIIIILnet/minecraft/core/Direction;)V was selected

[04Apr2025 22:19:36.154] [modloading-worker-0/INFO] [Easy NPC/]: Initializing Easy NPC (Forge) ...
[04Apr2025 22:19:36.154] [modloading-worker-0/INFO] [Easy NPC/]: 🗣 Register Easy NPC Debug Manager ...
[04Apr2025 22:19:36.156] [modloading-worker-0/WARN] [Easy NPC/]: [Debug Manager] Detected debug log level for Easy NPC with ALL!
[04Apr2025 22:19:36.156] [modloading-worker-0/WARN] [Easy NPC/]: [Debug Manager] Adjusting log level for Easy NPC from ALL to INFO, for performance reasons!
[04Apr2025 22:19:36.160] [modloading-worker-0/INFO] [Easy NPC/]: [Debug Manager] Add new logger config for Easy NPC with level INFO ...
[04Apr2025 22:19:36.161] [modloading-worker-0/INFO] [Easy NPC/]: 🗣 Register Easy NPC Constants ...
[04Apr2025 22:19:36.164] [modloading-worker-0/INFO] [Easy NPC/]: 🗣 Register Easy NPC Configuration ...
[04Apr2025 22:19:36.173] [modloading-worker-0/INFO] [Easy NPC/]: [Config] Updated configuration path to /workspaces/solid-invention/servidor_minecraft/config/easy_npc
[04Apr2025 22:19:36.173] [modloading-worker-0/INFO] [Easy NPC/]: [Config] Registering common configuration ...
[04Apr2025 22:19:36.203] [modloading-worker-0/INFO] [Easy NPC/]: [Config] Render Entity Type Support Configuration

 Please note that this configuration file only includes confirmed entity types.
 If an entity type is not listed here, it doesn't mean it's automatically supported or unsupported!
 is up to date: {minecraft:giant=true, dannys_expansion:mundane_slime=false, botania:pool_minecart=false, botania:ender_air=false, minecraft:end_crystal=false, simple_mobs:rumble=false, minecraft:experience_bottle=false, minecraft:glow_squid=true, minecraft:trader_llama=true, orcz:decaystrikecustom=false, simple_mobs:staff_usage=false, minecraft:horse=true, the_bumblezone:purple_spike_entity=false, minecraft:llama=true, minecraft:husk=true, minecraft:cave_spider=true, minecraft:enderman=true, minecraft:dolphin=true, frostiful:freezing_wind=false, minecraft:shulker_bullet=false, simple_mobs:projecttest=false, minecraft:donkey=true, minecraft:area_effect_cloud=false, minecraft:ghast=false, frostiful:packed_snowball=false, twigs:pebble=false, handcrafted:fancy_painting=false, moretotems:summoned_zombie=false, minecraft:piglin_brute=true, minecraft:creeper=true, minecraft:glow_item_frame=false, minecraft:bee=true, botania:mana_storm=false, minecraft:illusioner=true, minecraft:player=false, minecraft:wither_skull=false, minecraft:mooshroom=true, smallships:galley=false, create:stationary_contraption=false, minecraft:eye_of_ender=false, minecraft:villager=true, ad_astra:tier_1_rocket=false, botania:magic_landmine=false, minecraft:stray=true, smallships:cog=false, minecraft:falling_block=false, minecraft:drowned=true, minecraft:axolotl=true, botania:doppleganger=false, botania:flame_ring=false, botania:ender_air_bottle=false, minecraft:tnt=false, ae2:tiny_tnt_primed=false, botania:magic_missile=false, create:crafting_blueprint=false, create:contraption=false, minecraft:strider=true, smallships:brigg=false, minecraft:guardian=true, minecraft:parrot=true, minecraft:arrow=false, lootr:lootr_minecart=false, the_bumblezone:pollen_puff=false, minecraft:chest_minecart=false, minecraft:wither=true, minecraft:ender_pearl=false, create:super_glue=false, minecraft:wandering_trader=true, handcrafted:seat=false, simple_mobs:dragon_smoke=false, minecraft:wither_skeleton=true, botania:thorn_chakram=false, minecraft:iron_golem=true, botania:pixie=false, dummmmmmy:target_dummy=false, minecraft:elder_guardian=true, graveyard:skull=false, minecraft:mule=true, the_bumblezone:bee_stinger=false, the_bumblezone:thrown_stinger_spear=false, minecraft:armor_stand=false, aquamirae:pillagers_patrol=false, minecraft:vindicator=true, botania:mana_burst=false, minecraft:evoker=true, minecraft:slime=false, minecraft:leash_knot=false, botania:babylon_weapon=false, minecraft:pufferfish=true, terraform:boat=false, swampier_swamps:swamp_gas=false, minecraft:experience_orb=false, ad_astra:tier_3_rocket=false, minecraft:fox=true, botania:thrown_item=false, the_bumblezone:cosmic_crystal_entity=false, graveyard:ghouling=false, botania:player_mover=false, minecraft:silverfish=true, minecraft:endermite=true, minecraft:firework_rocket=false, minecraft:chicken=true, minecraft:zombie=true, the_bumblezone:sentry_watcher=false, minecraft:spawner_minecart=false, botania:spark=false, botania:falling_star=false, minecraft:hoglin=true, minecraft:boat=false, minecraft:trident=false, friendsandfoes:player_illusion=false, minecraft:polar_bear=true, minecraft:phantom=false, ad_astra:tier_4_rocket=false, minecraft:zombified_piglin=true, minecraft:witch=true, ad_astra:tier_2_rocket=false, minecraft:pig=true, minecraft:turtle=true, moretotems:summoned_bee=false, minecraft:sheep=true, minecraft:ender_dragon=false, minecraft:goat=true, minecraft:item_frame=false, create:carriage_contraption=false, minecraft:vex=true, minecraft:minecart=false, minecraft:item=false, minecraft:dragon_fireball=false, minecraft:cod=true, minecraft:skeleton=true, ad_astra:space_painting=false, create:seat=false, simple_mobs:staff_interact=false, minecraft:ravager=true, minecraft:squid=true, minecraft:skeleton_horse=true, minecraft:cow=true, minecraft:potion=false, ad_astra:lander=false, minecraft:salmon=true, minecraft:snow_golem=true, minecraft:shulker=true, friendsandfoes:ice_chunk=false, minecraft:hopper_minecart=false, the_bumblezone:honey_crystal_shard=false, simple_mobs:lightning_spear=false, minecraft:rabbit=true, minecraft:painting=false, minecraft:pillager=true, the_bumblezone:electric_ring_entity=false, minecraft:zoglin=true, minecraft:lightning_bolt=false, frostiful:frost_spell=false, minecraft:fishing_bobber=false, minecraft:tnt_minecart=false, simple_mobs:ground_spike=false, minecraft:command_block_minecart=false, minecraft:bat=false, the_bumblezone:dirt_pellet=false, minecraft:fireball=false, minecraft:llama_spit=false, minecraft:furnace_minecart=false, minecraft:evoker_fangs=false, minecraft:piglin=true, minecraft:snowball=false, minecraft:spectral_arrow=false, orcz:wither_strikeringcustom=false, simple_mobs:elemental_chain=false, minecraft:blaze=true, ad_astra:ice_spit=false, techreborn:nuke=false, minecraft:egg=false, minecraft:zombie_horse=true, minecraft:magma_cube=false, minecraft:small_fireball=false, frostiful:thrown_icicle=false, minecraft:spider=true, ad_astra:tier_1_rover=false, minecraft:marker=false, majruszsdifficulty:cursed_armor=false, minecraft:text_display=false, farmersdelight:rotten_tomato=false, minecraft:cat=true, armourers_workshop:mannequin=false, create:gantry_contraption=false, minecraft:tropical_fish=true, botania:corporea_spark=false, minecraft:ocelot=true, minecraft:wolf=true, minecraft:panda=true, minecraft:zombie_villager=true}
[04Apr2025 22:19:36.209] [modloading-worker-0/INFO] [Easy NPC/]: [Config] Registering server configuration ...
[04Apr2025 22:19:36.209] [modloading-worker-0/INFO] [Easy NPC/]: 🗣 Register Easy NPC Common Data Files ...
[04Apr2025 22:19:36.221] [modloading-worker-0/INFO] [Easy NPC/]: 🗣 Register Easy NPC Common data folders ...
[04Apr2025 22:19:36.222] [modloading-worker-0/INFO] [Easy NPC/]: 🗣 Register Easy NPC Entity Data Serializers ...
[04Apr2025 22:19:36.312] [modloading-worker-0/INFO] [Create Deco/]: Registering items for Create Deco
[04Apr2025 22:19:36.371] [modloading-worker-0/INFO] [Easy NPC/]: Registered entity data serializer ActionEventSet with id 28
[04Apr2025 22:19:36.371] [modloading-worker-0/INFO] [Easy NPC/]: Registered entity data serializer CustomAttributes with id 29
[04Apr2025 22:19:36.371] [modloading-worker-0/INFO] [Easy NPC/]: Registered entity data serializer DialogDataSet with id 30
[04Apr2025 22:19:36.372] [modloading-worker-0/INFO] [Easy NPC/]: Registered entity data serializer DisplayAttributeSet with id 31
[04Apr2025 22:19:36.372] [modloading-worker-0/INFO] [Easy NPC/]: Registered entity data serializer EntityAttributes with id 32
[04Apr2025 22:19:36.372] [modloading-worker-0/INFO] [Easy NPC/]: Registered entity data serializer MerchantOffers with id 33
[04Apr2025 22:19:36.372] [modloading-worker-0/INFO] [Easy NPC/]: Registered entity data serializer ModelPose with id 34
[04Apr2025 22:19:36.372] [modloading-worker-0/INFO] [Easy NPC/]: Registered entity data serializer ObjectiveDataSet with id 35
[04Apr2025 22:19:36.372] [modloading-worker-0/INFO] [Easy NPC/]: Registered entity data serializer CustomPosition with id 36
[04Apr2025 22:19:36.373] [modloading-worker-0/INFO] [Easy NPC/]: Registered entity data serializer Profession with id 37
[04Apr2025 22:19:36.373] [modloading-worker-0/INFO] [Easy NPC/]: Registered entity data serializer RenderDataSet with id 38
[04Apr2025 22:19:36.373] [modloading-worker-0/INFO] [Easy NPC/]: Registered entity data serializer CustomRotation with id 39
[04Apr2025 22:19:36.377] [modloading-worker-0/INFO] [Easy NPC/]: Registered entity data serializer CustomScale with id 40
[04Apr2025 22:19:36.377] [modloading-worker-0/INFO] [Easy NPC/]: Registered entity data serializer SkinDataEntry with id 41
[04Apr2025 22:19:36.377] [modloading-worker-0/INFO] [Easy NPC/]: Registered entity data serializer SoundDataSet with id 42
[04Apr2025 22:19:36.377] [modloading-worker-0/INFO] [Easy NPC/]: Registered entity data serializer HashSet:UUID with id 43
[04Apr2025 22:19:36.378] [modloading-worker-0/INFO] [Easy NPC/]: Registered entity data serializer HashSet:String with id 44
[04Apr2025 22:19:36.378] [modloading-worker-0/INFO] [Easy NPC/]: Registered entity data serializer TradingDataSet with id 45
[04Apr2025 22:19:36.378] [modloading-worker-0/INFO] [Easy NPC/]: Registered entity data serializer UUID with id 46
[04Apr2025 22:19:36.382] [modloading-worker-0/INFO] [Easy NPC/]: 🗣 Register Easy NPC Compatibility Handler ...
[04Apr2025 22:19:36.383] [modloading-worker-0/INFO] [Easy NPC/]: 🗣 Register Easy NPC Compat Handler ...
[04Apr2025 22:19:36.383] [modloading-worker-0/INFO] [Easy NPC/]: [Compat Manager] Epic Fight mod with id 'epicfight' loaded: false
[04Apr2025 22:19:36.383] [modloading-worker-0/INFO] [Easy NPC/]: [Compat Manager] Cobblemon mod with id 'cobblemon' loaded: false
[04Apr2025 22:19:36.387] [modloading-worker-0/INFO] [Easy NPC/]: 🗣 Register Easy NPC Command Argument Types ...
[04Apr2025 22:19:36.389] [modloading-worker-0/INFO] [Easy NPC/]: 🗣 Register Easy NPC Entity Types ...
[04Apr2025 22:19:36.409] [modloading-worker-0/INFO] [Easy NPC/]: 🗣 Register Easy NPC Blocks ...
[04Apr2025 22:19:36.421] [modloading-worker-0/INFO] [Easy NPC/]: 🗣 Register Easy NPC Blocks Entity Types ...
[04Apr2025 22:19:36.424] [modloading-worker-0/INFO] [Easy NPC/]: 🗣 Register Easy NPC Items ...
[04Apr2025 22:19:36.443] [modloading-worker-0/INFO] [Easy NPC/]: 🗣 Register Easy NPC Menu Types ...
[04Apr2025 22:19:36.475] [modloading-worker-0/INFO] [Easy NPC/]: 🗣 Register Easy NPC Menu Handler ...
[04Apr2025 22:19:36.501] [modloading-worker-0/INFO] [Easy NPC/]: 🗣 Register Easy NPC Network Handler ...
[04Apr2025 22:19:36.517] [modloading-worker-0/INFO] [Easy NPC/]: Registering server network handler for Server -> Client messages.
[04Apr2025 22:19:36.522] [modloading-worker-0/INFO] [Easy NPC/]: 🗣 Register Easy NPC Client Network Message Handler ...
[04Apr2025 22:19:36.604] [modloading-worker-0/INFO] [com.leclowndu93150.corpsecurioscompat.Main/]: Hello from Gravestone Curios Compat!
[04Apr2025 22:19:36.624] [modloading-worker-0/INFO] [Create Deco/]: Registering blocks for Create Deco
[04Apr2025 22:19:36.708] [modloading-worker-0/INFO] [Bookshelf/]: Fixing MC-151457. Crafting remainder for minecraft:pufferfish_bucket is now minecraft:bucket.
[04Apr2025 22:19:36.713] [modloading-worker-0/INFO] [Bookshelf/]: Fixing MC-151457. Crafting remainder for minecraft:salmon_bucket is now minecraft:bucket.
[04Apr2025 22:19:36.713] [modloading-worker-0/INFO] [Bookshelf/]: Fixing MC-151457. Crafting remainder for minecraft:cod_bucket is now minecraft:bucket.
[04Apr2025 22:19:36.713] [modloading-worker-0/INFO] [Bookshelf/]: Fixing MC-151457. Crafting remainder for minecraft:tropical_fish_bucket is now minecraft:bucket.
[04Apr2025 22:19:36.713] [modloading-worker-0/INFO] [Bookshelf/]: Fixing MC-151457. Crafting remainder for minecraft:axolotl_bucket is now minecraft:bucket.
[04Apr2025 22:19:36.713] [modloading-worker-0/INFO] [Bookshelf/]: Fixing MC-151457. Crafting remainder for minecraft:powder_snow_bucket is now minecraft:bucket.
[04Apr2025 22:19:36.713] [modloading-worker-0/INFO] [Bookshelf/]: Fixing MC-151457. Crafting remainder for minecraft:tadpole_bucket is now minecraft:bucket.
[04Apr2025 22:19:36.744] [modloading-worker-0/INFO] [Create: Numismatics/]: Create: Numismatics 1.0.7+forge-mc1.20.1 initializing! Create version: 0.5.1f on platform: FORGE
[04Apr2025 22:19:36.784] [modloading-worker-0/INFO] [Create: Numismatics/]: Registering items for Create: Numismatics
[04Apr2025 22:19:36.878] [modloading-worker-0/INFO] [Create: Numismatics/]: Registering blocks for Create: Numismatics
[04Apr2025 22:19:37.160] [modloading-worker-0/INFO] [de.keksuccino.melody.Melody/]: [MELODY] Disabling Melody since it's loaded server-side.
[04Apr2025 22:19:37.442] [modloading-worker-0/INFO] [necronomicon/]: File exists, reading config for elocindev.ysns.config.DisabledEntities.
[04Apr2025 22:19:37.443] [modloading-worker-0/INFO] [necronomicon/]: Config for elocindev.ysns.config.DisabledEntities read successfully.
[04Apr2025 22:19:37.453] [modloading-worker-0/INFO] [necronomicon/]: File exists, reading config for elocindev.ysns.config.PerDimensionEntities.
[04Apr2025 22:19:37.453] [modloading-worker-0/INFO] [necronomicon/]: Config for elocindev.ysns.config.PerDimensionEntities read successfully.
[04Apr2025 22:19:37.459] [modloading-worker-0/INFO] [ysns/]: You Shall Not Spawn's Config initialized
[04Apr2025 22:19:37.522] [modloading-worker-0/INFO] [com.cupboard.Cupboard/]: Loaded config for: cupboard.json
[04Apr2025 22:19:38.120] [modloading-worker-0/INFO] [Biomancy/ModsCompatHandler]: Initialize Pehkui compat...
[04Apr2025 22:19:39.528] [modloading-worker-0/INFO] [com.dannbrown.deltaboxlib.DeltaboxLib/]: deltaboxlib has started!
[04Apr2025 22:19:39.606] [modloading-worker-0/INFO] [dev.architectury.networking.forge.NetworkManagerImpl/]: Registering C2S receiver with id architectury:sync_ids
[04Apr2025 22:19:39.607] [modloading-worker-0/INFO] [dev.architectury.networking.forge.NetworkManagerImpl/]: Registering C2S receiver with id createrailwaysnavigator:crn_network/24de284ed1a534cfb2664200bfb3b1e3
[04Apr2025 22:19:39.609] [modloading-worker-0/INFO] [dev.architectury.networking.forge.NetworkManagerImpl/]: Registering C2S receiver with id createrailwaysnavigator:crn_network/b977ce0284d33fc79f13f0af88be87d7
[04Apr2025 22:19:39.745] [modloading-worker-0/INFO] [Puzzles Lib/]: Constructing common components for visualworkbench:main
[04Apr2025 22:19:39.807] [modloading-worker-0/ERROR] [net.minecraftforge.eventbus.EventSubclassTransformer/EVENTBUS]: Could not find parent net/minecraft/client/renderer/entity/layers/RenderLayer for class com/obscuria/obscureapi/client/renderer/PatreonLayer in classloader cpw.mods.modlauncher.TransformingClassLoader@723e2d08 on thread Thread[modloading-worker-0,5,main]
[04Apr2025 22:19:39.809] [modloading-worker-0/ERROR] [net.minecraftforge.eventbus.EventSubclassTransformer/EVENTBUS]: An error occurred building event handler
java.lang.ClassNotFoundException: net.minecraft.client.renderer.entity.layers.RenderLayer
	at cpw.mods.cl.ModuleClassLoader.loadClass(ModuleClassLoader.java:141) ~[securejarhandler-2.1.10.jar:?]
	at java.lang.ClassLoader.loadClass(ClassLoader.java:525) ~[?:?]
	at net.minecraftforge.eventbus.EventSubclassTransformer.buildEvents(EventSubclassTransformer.java:97) ~[eventbus-6.0.5.jar%2352!/:?]
	at net.minecraftforge.eventbus.EventSubclassTransformer.transform(EventSubclassTransformer.java:48) ~[eventbus-6.0.5.jar%2352!/:?]
	at net.minecraftforge.eventbus.EventBusEngine.processClass(EventBusEngine.java:26) ~[eventbus-6.0.5.jar%2352!/:?]
	at net.minecraftforge.eventbus.service.ModLauncherService.processClassWithFlags(ModLauncherService.java:32) ~[eventbus-6.0.5.jar%2352!/:6.0.5+6.0.5+master.eb8e549b]
	at cpw.mods.modlauncher.LaunchPluginHandler.offerClassNodeToPlugins(LaunchPluginHandler.java:88) ~[modlauncher-10.0.9.jar%2355!/:?]
	at cpw.mods.modlauncher.ClassTransformer.transform(ClassTransformer.java:120) ~[modlauncher-10.0.9.jar%2355!/:?]
	at cpw.mods.modlauncher.TransformingClassLoader.maybeTransformClassBytes(TransformingClassLoader.java:50) ~[modlauncher-10.0.9.jar%2355!/:?]
	at cpw.mods.cl.ModuleClassLoader.readerToClass(ModuleClassLoader.java:113) ~[securejarhandler-2.1.10.jar:?]
	at cpw.mods.cl.ModuleClassLoader.lambda$findClass$15(ModuleClassLoader.java:219) ~[securejarhandler-2.1.10.jar:?]
	at cpw.mods.cl.ModuleClassLoader.loadFromModule(ModuleClassLoader.java:229) ~[securejarhandler-2.1.10.jar:?]
	at cpw.mods.cl.ModuleClassLoader.findClass(ModuleClassLoader.java:219) ~[securejarhandler-2.1.10.jar:?]
	at cpw.mods.cl.ModuleClassLoader.loadClass(ModuleClassLoader.java:135) ~[securejarhandler-2.1.10.jar:?]
	at java.lang.ClassLoader.loadClass(ClassLoader.java:525) ~[?:?]
	at java.lang.ClassLoader.defineClass0(Native Method) ~[?:?]
	at java.lang.System$2.defineClass(System.java:2324) ~[?:?]
	at java.lang.invoke.MethodHandles$Lookup$ClassDefiner.defineClass(MethodHandles.java:2439) ~[?:?]
	at java.lang.invoke.MethodHandles$Lookup$ClassDefiner.defineClassAsLookup(MethodHandles.java:2420) ~[?:?]
	at java.lang.invoke.MethodHandles$Lookup.defineHiddenClass(MethodHandles.java:2127) ~[?:?]
	at java.lang.invoke.InnerClassLambdaMetafactory.generateInnerClass(InnerClassLambdaMetafactory.java:407) ~[?:?]
	at java.lang.invoke.InnerClassLambdaMetafactory.spinInnerClass(InnerClassLambdaMetafactory.java:315) ~[?:?]
	at java.lang.invoke.InnerClassLambdaMetafactory.buildCallSite(InnerClassLambdaMetafactory.java:228) ~[?:?]
	at java.lang.invoke.LambdaMetafactory.metafactory(LambdaMetafactory.java:341) ~[?:?]
	at java.lang.invoke.BootstrapMethodInvoker.invoke(BootstrapMethodInvoker.java:134) ~[?:?]
	at java.lang.invoke.CallSite.makeSite(CallSite.java:315) ~[?:?]
	at java.lang.invoke.MethodHandleNatives.linkCallSiteImpl(MethodHandleNatives.java:281) ~[?:?]
	at java.lang.invoke.MethodHandleNatives.linkCallSite(MethodHandleNatives.java:271) ~[?:?]
	at com.obscuria.obscureapi.client.renderer.PatreonLayer$Mode.<clinit>(PatreonLayer.java:55) ~[obscure_api-15.jar%23325!/:com.obscuria]
	at com.obscuria.obscureapi.ObscureAPIConfig$Client.<clinit>(ObscureAPIConfig.java:28) ~[obscure_api-15.jar%23325!/:com.obscuria]
	at com.obscuria.obscureapi.ObscureAPIConfig.register(ObscureAPIConfig.java:46) ~[obscure_api-15.jar%23325!/:com.obscuria]
	at com.obscuria.obscureapi.ObscureAPI.<init>(ObscureAPI.java:69) ~[obscure_api-15.jar%23325!/:com.obscuria]
	at jdk.internal.reflect.NativeConstructorAccessorImpl.newInstance0(Native Method) ~[?:?]
	at jdk.internal.reflect.NativeConstructorAccessorImpl.newInstance(NativeConstructorAccessorImpl.java:77) ~[?:?]
	at jdk.internal.reflect.DelegatingConstructorAccessorImpl.newInstance(DelegatingConstructorAccessorImpl.java:45) ~[?:?]
	at java.lang.reflect.Constructor.newInstanceWithCaller(Constructor.java:500) ~[?:?]
	at java.lang.reflect.Constructor.newInstance(Constructor.java:481) ~[?:?]
	at net.minecraftforge.fml.javafmlmod.FMLModContainer.constructMod(FMLModContainer.java:70) ~[javafmllanguage-1.20.1-47.3.7.jar%23367!/:?]
	at net.minecraftforge.fml.ModContainer.lambda$buildTransitionHandler$4(ModContainer.java:124) ~[fmlcore-1.20.1-47.3.7.jar%23366!/:?]
	at java.util.concurrent.CompletableFuture$AsyncRun.run(CompletableFuture.java:1804) ~[?:?]
	at java.util.concurrent.CompletableFuture$AsyncRun.exec(CompletableFuture.java:1796) ~[?:?]
	at java.util.concurrent.ForkJoinTask.doExec(ForkJoinTask.java:373) ~[?:?]
	at java.util.concurrent.ForkJoinPool$WorkQueue.topLevelExec(ForkJoinPool.java:1182) ~[?:?]
	at java.util.concurrent.ForkJoinPool.scan(ForkJoinPool.java:1655) ~[?:?]
	at java.util.concurrent.ForkJoinPool.runWorker(ForkJoinPool.java:1622) ~[?:?]
	at java.util.concurrent.ForkJoinWorkerThread.run(ForkJoinWorkerThread.java:165) ~[?:?]
[04Apr2025 22:19:39.819] [modloading-worker-0/ERROR] [net.minecraftforge.fml.loading.RuntimeDistCleaner/DISTXFORM]: Attempted to load class com/obscuria/obscureapi/client/renderer/PatreonLayer for invalid dist DEDICATED_SERVER
[04Apr2025 22:19:40.236] [modloading-worker-0/INFO] [dev.architectury.networking.forge.NetworkManagerImpl/]: Registering C2S receiver with id artifacts:networking_channel/42a7ad70b1cc371599a0eff744096b8a
[04Apr2025 22:19:40.237] [modloading-worker-0/INFO] [dev.architectury.networking.forge.NetworkManagerImpl/]: Registering C2S receiver with id artifacts:networking_channel/74a5e841822a3a87854ae896a33430d6
[04Apr2025 22:19:40.238] [modloading-worker-0/INFO] [dev.architectury.networking.forge.NetworkManagerImpl/]: Registering C2S receiver with id artifacts:networking_channel/eb3d1e2748533430848cadf0f37c7e9c
[04Apr2025 22:19:40.243] [modloading-worker-0/INFO] [dev.architectury.networking.forge.NetworkManagerImpl/]: Registering C2S receiver with id artifacts:networking_channel/91c8520f19f93b3e8b6a727568e194ab
[04Apr2025 22:19:40.244] [modloading-worker-0/INFO] [dev.architectury.networking.forge.NetworkManagerImpl/]: Registering C2S receiver with id artifacts:networking_channel/8c2784d778293fd482ed84b8aa5fedb9
[04Apr2025 22:19:40.245] [modloading-worker-0/INFO] [dev.architectury.networking.forge.NetworkManagerImpl/]: Registering C2S receiver with id artifacts:networking_channel/ea038224ea783d40b2863f52239e2604
[04Apr2025 22:19:40.256] [modloading-worker-0/INFO] [dev.architectury.networking.forge.NetworkManagerImpl/]: Registering C2S receiver with id artifacts:networking_channel/97ad64b7ecaf33209991c4f031501a58
[04Apr2025 22:19:40.555] [modloading-worker-0/INFO] [net.minecraftforge.common.ForgeMod/FORGEMOD]: Forge mod loading, version 47.3.7, for MC 1.20.1 with MCP 20230612.114412
[04Apr2025 22:19:40.558] [modloading-worker-0/INFO] [net.minecraftforge.common.MinecraftForge/FORGE]: MinecraftForge v47.3.7 Initialized
[04Apr2025 22:19:41.358] [modloading-worker-0/INFO] [dev.architectury.networking.forge.NetworkManagerImpl/]: Registering C2S receiver with id dragonlib:dragonlib_network/69a65f20acde32448da097b16eacfce9
[04Apr2025 22:19:41.358] [modloading-worker-0/INFO] [dev.architectury.networking.forge.NetworkManagerImpl/]: Registering C2S receiver with id dragonlib:dragonlib_network/69d73e101ecb38b59cc59ce369f9f0e6
[04Apr2025 22:19:41.358] [modloading-worker-0/INFO] [dev.architectury.networking.forge.NetworkManagerImpl/]: Registering C2S receiver with id dragonlib:dragonlib_network/fcf1d4bbbc3b340daddecfd8389e586f
[04Apr2025 22:19:41.366] [modloading-worker-0/INFO] [dev.architectury.networking.forge.NetworkManagerImpl/]: Registering C2S receiver with id dragonlib:dragonlib_network/7ea7435aa82d37fbbe7321ccd48bb6b2
[04Apr2025 22:19:41.382] [Do you think dragons exist?/INFO] [DragonLib/]:                              +++ 🐉 +++                             
[04Apr2025 22:19:41.383] [Do you think dragons exist?/INFO] [DragonLib/]: ---------------------------------------------------------------------
[04Apr2025 22:19:41.384] [Do you think dragons exist?/INFO] [DragonLib/]:             Loaded DragonLib v1.20.1-2.2.24 by MrJulsen!            
[04Apr2025 22:19:41.385] [Do you think dragons exist?/INFO] [DragonLib/]:                        Minecraft Forge 1.20.1                       
[04Apr2025 22:19:41.386] [Do you think dragons exist?/INFO] [DragonLib/]: 
[04Apr2025 22:19:41.387] [Do you think dragons exist?/INFO] [DragonLib/]:                Discord: https://discord.gg/AeSbNgvc7f               
[04Apr2025 22:19:41.388] [Do you think dragons exist?/INFO] [DragonLib/]:                            GitHub: unknown                           
[04Apr2025 22:19:41.390] [Do you think dragons exist?/INFO] [DragonLib/]:   Bug Reports: https://github.com/MisterJulsen/MC-DragonLib2/issues  
[04Apr2025 22:19:41.390] [Do you think dragons exist?/INFO] [DragonLib/]: ---------------------------------------------------------------------
[04Apr2025 22:19:41.393] [Do you think dragons exist?/INFO] [DragonLib/]:                              +++ 🐉 +++                             
[04Apr2025 22:19:41.435] [KubeJS Background Thread/INFO] [KubeJS/]: Loaded common.properties
[04Apr2025 22:19:41.440] [KubeJS Background Thread/INFO] [KubeJS/]: Loaded dev.properties
[04Apr2025 22:19:41.461] [modloading-worker-0/INFO] [KubeJS/]: Looking for KubeJS plugins...
[04Apr2025 22:19:41.466] [modloading-worker-0/INFO] [KubeJS/]: Found plugin source kubejs
[04Apr2025 22:19:41.476] [modloading-worker-0/WARN] [KubeJS/]: Plugin dev.latvian.mods.kubejs.forge.BuiltinKubeJSForgeClientPlugin does not load on server side, skipping
[04Apr2025 22:19:41.479] [modloading-worker-0/WARN] [KubeJS/]: Plugin dev.latvian.mods.kubejs.integration.forge.gamestages.GameStagesIntegration does not have required mod gamestages loaded, skipping
[04Apr2025 22:19:41.487] [modloading-worker-0/INFO] [KubeJS/]: Done in 25.23 ms
[04Apr2025 22:19:41.504] [modloading-worker-0/INFO] [dev.architectury.networking.forge.NetworkManagerImpl/]: Registering C2S receiver with id ftblibrary:edit_nbt_response
[04Apr2025 22:19:41.542] [modloading-worker-0/INFO] [dev.architectury.networking.forge.NetworkManagerImpl/]: Registering C2S receiver with id ftbteams:open_gui
[04Apr2025 22:19:41.547] [modloading-worker-0/INFO] [dev.architectury.networking.forge.NetworkManagerImpl/]: Registering C2S receiver with id ftbteams:update_settings
[04Apr2025 22:19:41.550] [modloading-worker-0/INFO] [dev.architectury.networking.forge.NetworkManagerImpl/]: Registering C2S receiver with id ftbteams:send_message
[04Apr2025 22:19:41.556] [modloading-worker-0/INFO] [dev.architectury.networking.forge.NetworkManagerImpl/]: Registering C2S receiver with id ftbteams:create_party
[04Apr2025 22:19:41.563] [modloading-worker-0/INFO] [dev.architectury.networking.forge.NetworkManagerImpl/]: Registering C2S receiver with id ftbteams:player_gui_operation
[04Apr2025 22:19:41.655] [modloading-worker-0/INFO] [dev.architectury.networking.forge.NetworkManagerImpl/]: Registering C2S receiver with id itemfilters:main/14e7fa1454283aec8ae811ef844ada28
[04Apr2025 22:19:41.658] [modloading-worker-0/INFO] [dev.architectury.networking.forge.NetworkManagerImpl/]: Registering C2S receiver with id itemfilters:main/8f6a899247753217b9d86ab427a2b279
[04Apr2025 22:19:41.684] [modloading-worker-0/INFO] [dev.architectury.networking.forge.NetworkManagerImpl/]: Registering C2S receiver with id ftbchunks:request_map_data
[04Apr2025 22:19:41.686] [modloading-worker-0/INFO] [dev.architectury.networking.forge.NetworkManagerImpl/]: Registering C2S receiver with id ftbchunks:share_waypoint
[04Apr2025 22:19:41.719] [modloading-worker-0/INFO] [dev.architectury.networking.forge.NetworkManagerImpl/]: Registering C2S receiver with id ftbchunks:request_chunk_change
[04Apr2025 22:19:41.727] [modloading-worker-0/INFO] [dev.architectury.networking.forge.NetworkManagerImpl/]: Registering C2S receiver with id ftbchunks:teleport_from_map
[04Apr2025 22:19:41.734] [modloading-worker-0/INFO] [dev.architectury.networking.forge.NetworkManagerImpl/]: Registering C2S receiver with id ftbchunks:sync_tx
[04Apr2025 22:19:41.749] [modloading-worker-0/INFO] [dev.architectury.networking.forge.NetworkManagerImpl/]: Registering C2S receiver with id ftbchunks:update_force_load_expiry
[04Apr2025 22:19:41.752] [modloading-worker-0/INFO] [dev.architectury.networking.forge.NetworkManagerImpl/]: Registering C2S receiver with id ftbchunks:server_config_request
[04Apr2025 22:19:41.857] [modloading-worker-0/INFO] [Rhino Script Remapper/]: Loading Rhino Minecraft remapper...
[04Apr2025 22:19:41.860] [modloading-worker-0/INFO] [dev.latvian.mods.rhino.mod.util.RhinoProperties/]: Rhino properties loaded.
[04Apr2025 22:19:41.865] [modloading-worker-0/INFO] [Rhino Script Remapper/]: Loading mappings for 1.20.1
[04Apr2025 22:19:41.920] [modloading-worker-0/INFO] [Railways/]: Steam 'n' Rails v1.6.7 initializing! Commit hash: 0a7cc000d6c7a1419919bc3e315bc62932287eb9 on Create version: 0.5.1j on platform: Forge
[04Apr2025 22:19:42.041] [modloading-worker-0/INFO] [Rhino Script Remapper/]: Done in 0.183 s
[04Apr2025 22:19:42.083] [modloading-worker-0/INFO] [extendedbogeys/]: Registering blocks for Extended Bogeys
[04Apr2025 22:19:42.113] [modloading-worker-0/INFO] [extendedbogeys/]: Registered bogey styles for Extended Bogeys
[04Apr2025 22:19:42.566] [modloading-worker-0/INFO] [necronomicon/]: Necronomicon Initialized
[04Apr2025 22:19:42.567] [modloading-worker-0/INFO] [necronomicon/]: File exists, reading config for elocindev.necronomicon.NecronomiconConfig.
[04Apr2025 22:19:42.568] [modloading-worker-0/INFO] [necronomicon/]: Config for elocindev.necronomicon.NecronomiconConfig read successfully.
[04Apr2025 22:19:42.676] [modloading-worker-0/INFO] [Railways/]: Registered bogey styles from railways
[04Apr2025 22:19:42.905] [modloading-worker-0/INFO] [dev.architectury.networking.forge.NetworkManagerImpl/]: Registering C2S receiver with id ftbquests:submit_task
[04Apr2025 22:19:42.907] [modloading-worker-0/INFO] [dev.architectury.networking.forge.NetworkManagerImpl/]: Registering C2S receiver with id ftbquests:claim_reward
[04Apr2025 22:19:42.920] [modloading-worker-0/INFO] [dev.architectury.networking.forge.NetworkManagerImpl/]: Registering C2S receiver with id ftbquests:get_emergency_items
[04Apr2025 22:19:42.921] [modloading-worker-0/INFO] [dev.architectury.networking.forge.NetworkManagerImpl/]: Registering C2S receiver with id ftbquests:claim_all_rewards
[04Apr2025 22:19:42.923] [modloading-worker-0/INFO] [dev.architectury.networking.forge.NetworkManagerImpl/]: Registering C2S receiver with id ftbquests:claim_choice_reward
[04Apr2025 22:19:42.931] [modloading-worker-0/INFO] [dev.architectury.networking.forge.NetworkManagerImpl/]: Registering C2S receiver with id ftbquests:toggle_pinned
[04Apr2025 22:19:42.934] [modloading-worker-0/INFO] [dev.architectury.networking.forge.NetworkManagerImpl/]: Registering C2S receiver with id ftbquests:toggle_chapter_pinned
[04Apr2025 22:19:42.935] [modloading-worker-0/INFO] [dev.architectury.networking.forge.NetworkManagerImpl/]: Registering C2S receiver with id ftbquests:toggle_editing_mode
[04Apr2025 22:19:42.938] [modloading-worker-0/INFO] [dev.architectury.networking.forge.NetworkManagerImpl/]: Registering C2S receiver with id ftbquests:force_save
[04Apr2025 22:19:42.943] [modloading-worker-0/INFO] [dev.architectury.networking.forge.NetworkManagerImpl/]: Registering C2S receiver with id ftbquests:set_custom_image
[04Apr2025 22:19:42.956] [modloading-worker-0/INFO] [dev.architectury.networking.forge.NetworkManagerImpl/]: Registering C2S receiver with id ftbquests:task_screen_config_resp
[04Apr2025 22:19:42.958] [modloading-worker-0/INFO] [dev.architectury.networking.forge.NetworkManagerImpl/]: Registering C2S receiver with id ftbquests:change_progress
[04Apr2025 22:19:42.960] [modloading-worker-0/INFO] [dev.architectury.networking.forge.NetworkManagerImpl/]: Registering C2S receiver with id ftbquests:create_object
[04Apr2025 22:19:42.962] [modloading-worker-0/INFO] [dev.architectury.networking.forge.NetworkManagerImpl/]: Registering C2S receiver with id ftbquests:create_task_at
[04Apr2025 22:19:42.963] [modloading-worker-0/INFO] [dev.architectury.networking.forge.NetworkManagerImpl/]: Registering C2S receiver with id ftbquests:delete_object
[04Apr2025 22:19:42.968] [modloading-worker-0/INFO] [dev.architectury.networking.forge.NetworkManagerImpl/]: Registering C2S receiver with id ftbquests:edit_object
[04Apr2025 22:19:42.972] [modloading-worker-0/INFO] [dev.architectury.networking.forge.NetworkManagerImpl/]: Registering C2S receiver with id ftbquests:move_chapter
[04Apr2025 22:19:42.973] [modloading-worker-0/INFO] [dev.architectury.networking.forge.NetworkManagerImpl/]: Registering C2S receiver with id ftbquests:move_quest
[04Apr2025 22:19:42.974] [modloading-worker-0/INFO] [dev.architectury.networking.forge.NetworkManagerImpl/]: Registering C2S receiver with id ftbquests:change_chapter_group
[04Apr2025 22:19:42.975] [modloading-worker-0/INFO] [dev.architectury.networking.forge.NetworkManagerImpl/]: Registering C2S receiver with id ftbquests:move_chapter_group
[04Apr2025 22:19:42.981] [modloading-worker-0/INFO] [dev.architectury.networking.forge.NetworkManagerImpl/]: Registering C2S receiver with id ftbquests:copy_quest
[04Apr2025 22:19:42.987] [modloading-worker-0/INFO] [dev.architectury.networking.forge.NetworkManagerImpl/]: Registering C2S receiver with id ftbquests:copy_chapter_image
[04Apr2025 22:19:42.988] [modloading-worker-0/INFO] [dev.architectury.networking.forge.NetworkManagerImpl/]: Registering C2S receiver with id ftbquests:sync_structures_request
[04Apr2025 22:19:42.990] [modloading-worker-0/INFO] [dev.architectury.networking.forge.NetworkManagerImpl/]: Registering C2S receiver with id ftbquests:request_team_data
[04Apr2025 22:19:43.097] [modloading-worker-0/INFO] [KubeJS Startup/]: example.js#5: Hello, World! (Loaded startup scripts)
[04Apr2025 22:19:43.109] [modloading-worker-0/INFO] [KubeJS Startup/]: Loaded script startup_scripts:example.js in 0.144 s
[04Apr2025 22:19:43.124] [modloading-worker-0/INFO] [KubeJS Startup/]: Loaded 1/1 KubeJS startup scripts in 1.068 s with 0 errors and 0 warnings
[04Apr2025 22:19:43.228] [modloading-worker-0/INFO] [dev.architectury.networking.forge.NetworkManagerImpl/]: Registering C2S receiver with id kubejs:send_data_from_client
[04Apr2025 22:19:43.237] [modloading-worker-0/INFO] [dev.architectury.networking.forge.NetworkManagerImpl/]: Registering C2S receiver with id kubejs:first_click
[04Apr2025 22:19:43.309] [modloading-worker-0/INFO] [Railways/]: Registering data fixers
[04Apr2025 22:19:43.335] [modloading-worker-0/INFO] [com.mojang.datafixers.DataFixerBuilder/]: 0 Datafixer optimizations took 2 milliseconds
[04Apr2025 22:19:43.350] [modloading-worker-0/INFO] [Railways/]: Registering tracks for Hex Casting
[04Apr2025 22:19:43.353] [modloading-worker-0/INFO] [Railways/]: Registering tracks for Oh The Biomes You'll Go
[04Apr2025 22:19:43.356] [modloading-worker-0/INFO] [Railways/]: Registering tracks for Blue Skies
[04Apr2025 22:19:43.357] [modloading-worker-0/INFO] [Railways/]: Registering tracks for Twilight Forest
[04Apr2025 22:19:43.361] [modloading-worker-0/INFO] [Railways/]: Registering tracks for Biomes O' Plenty
[04Apr2025 22:19:43.362] [modloading-worker-0/INFO] [Railways/]: Registering tracks for Nature's Spirit
[04Apr2025 22:19:43.363] [modloading-worker-0/INFO] [Railways/]: Registering tracks for Dreams and Desires
[04Apr2025 22:19:43.366] [modloading-worker-0/INFO] [Railways/]: Registering tracks for Quark
[04Apr2025 22:19:43.406] [modloading-worker-0/INFO] [Railways/]: Registering tracks for TerraFirmaCraft
[04Apr2025 22:19:43.730] [modloading-worker-0/INFO] [thedarkcolour.kotlinforforge.test.KotlinForForge/]: Kotlin For Forge Enabled!
[04Apr2025 22:19:44.440] [modloading-worker-0/INFO] [quark/]: Initializing TerraBlender underground biome compat
[04Apr2025 22:19:44.823] [modloading-worker-0/INFO] [Puzzles Lib/]: Constructing common components for puzzleslib:main
[04Apr2025 22:19:44.915] [modloading-worker-0/INFO] [be.florens.expandability.ExpandAbility/]: ExpandAbility here, who dis?
[04Apr2025 22:19:45.123] [modloading-worker-0/INFO] [quark-zeta/]: Discovered 164 modules to load.
[04Apr2025 22:19:45.125] [modloading-worker-0/INFO] [quark-zeta/]: Constructing module Abacus...
[04Apr2025 22:19:45.134] [modloading-worker-0/INFO] [quark-zeta/]: Constructing module Adjustable Chat...
[04Apr2025 22:19:45.134] [modloading-worker-0/INFO] [quark-zeta/]: Constructing module Ambient Discs...
[04Apr2025 22:19:45.138] [modloading-worker-0/INFO] [quark-zeta/]: Constructing module Ancient Tomes...
[04Apr2025 22:19:45.161] [modloading-worker-0/INFO] [quark-zeta/]: Constructing module Ancient Wood...
[04Apr2025 22:19:45.227] [modloading-worker-0/INFO] [quark-zeta/]: Constructing module Armed Armor Stands...
[04Apr2025 22:19:45.227] [modloading-worker-0/INFO] [quark-zeta/]: Constructing module Auto Walk Keybind...
[04Apr2025 22:19:45.231] [modloading-worker-0/INFO] [quark-zeta/]: Constructing module Automatic Recipe Unlock...
[04Apr2025 22:19:45.231] [modloading-worker-0/INFO] [quark-zeta/]: Constructing module Automatic Tool Restock...
[04Apr2025 22:19:45.233] [modloading-worker-0/INFO] [quark-zeta/]: Constructing module Azalea Wood...
[04Apr2025 22:19:45.240] [modloading-worker-0/INFO] [quark-zeta/]: Constructing module Back Button Keybind...
[04Apr2025 22:19:45.241] [modloading-worker-0/INFO] [quark-zeta/]: Constructing module Backpack...
[04Apr2025 22:19:45.253] [modloading-worker-0/INFO] [quark-zeta/]: Constructing module Beacon Redirection...
[04Apr2025 22:19:45.256] [modloading-worker-0/INFO] [quark-zeta/]: Constructing module Better Elytra Rocket...
[04Apr2025 22:19:45.257] [modloading-worker-0/INFO] [quark-zeta/]: Constructing module Big Stone Clusters...
[04Apr2025 22:19:45.316] [modloading-worker-0/INFO] [quark-zeta/]: Constructing module Blossom Trees...
[04Apr2025 22:19:45.324] [modloading-worker-0/INFO] [quark-zeta/]: Constructing module Bottled Cloud...
[04Apr2025 22:19:45.327] [modloading-worker-0/INFO] [quark-zeta/]: Constructing module Buckets Show Inhabitants...
[04Apr2025 22:19:45.329] [modloading-worker-0/INFO] [quark-zeta/]: Constructing module Camera...
[04Apr2025 22:19:45.351] [modloading-worker-0/INFO] [quark-zeta/]: Constructing module Campfires Boost Elytra...
[04Apr2025 22:19:45.351] [modloading-worker-0/INFO] [quark-zeta/]: Constructing module Celebratory Lamps...
[04Apr2025 22:19:45.352] [modloading-worker-0/INFO] [quark-zeta/]: Constructing module Chains Connect Blocks...
[04Apr2025 22:19:45.353] [modloading-worker-0/INFO] [quark-zeta/]: Constructing module Chest Searching...
[04Apr2025 22:19:45.354] [modloading-worker-0/INFO] [quark-zeta/]: Constructing module Chorus Vegetation...
[04Apr2025 22:19:45.364] [modloading-worker-0/INFO] [quark-zeta/]: Constructing module Chute...
[04Apr2025 22:19:45.367] [modloading-worker-0/INFO] [quark-zeta/]: Constructing module Climate Control Remover...
[04Apr2025 22:19:45.368] [modloading-worker-0/INFO] [quark-zeta/]: Constructing module Color Runes...
[04Apr2025 22:19:45.380] [modloading-worker-0/INFO] [quark-zeta/]: Constructing module Compasses Work Everywhere...
[04Apr2025 22:19:45.380] [modloading-worker-0/INFO] [quark-zeta/]: Constructing module Compressed Blocks...
[04Apr2025 22:19:45.381] [modloading-worker-0/INFO] [quark-zeta/]: Constructing module Coral On Cactus...
[04Apr2025 22:19:45.381] [modloading-worker-0/INFO] [quark-zeta/]: Constructing module Corundum...
[04Apr2025 22:19:45.432] [modloading-worker-0/INFO] [quark-zeta/]: Constructing module Crabs...
[04Apr2025 22:19:45.437] [modloading-worker-0/ERROR] [zeta/]: Client event interface org.violetmoon.zeta.client.event.load.ZClientSetup was found in a non client only class!
[04Apr2025 22:19:45.437] [modloading-worker-0/INFO] [quark-zeta/]: Constructing module Crafter...
[04Apr2025 22:19:45.443] [modloading-worker-0/ERROR] [zeta/]: Client event interface org.violetmoon.zeta.client.event.load.ZClientSetup was found in a non client only class!
[04Apr2025 22:19:45.443] [modloading-worker-0/INFO] [quark-zeta/]: Constructing module Crate...
[04Apr2025 22:19:45.445] [modloading-worker-0/INFO] [quark-zeta/]: Constructing module Diamond Repair...
[04Apr2025 22:19:45.445] [modloading-worker-0/INFO] [quark-zeta/]: Constructing module Dispensers Place Blocks...
[04Apr2025 22:19:45.446] [modloading-worker-0/INFO] [quark-zeta/]: Constructing module Double Door Opening...
[04Apr2025 22:19:45.449] [modloading-worker-0/INFO] [quark-zeta/]: Constructing module Dragon Scales...
[04Apr2025 22:19:45.449] [modloading-worker-0/INFO] [quark-zeta/]: Constructing module Duskbound Blocks...
[04Apr2025 22:19:45.453] [modloading-worker-0/INFO] [quark-zeta/]: Constructing module Dyeable Item Frames...
[04Apr2025 22:19:45.454] [modloading-worker-0/INFO] [quark-zeta/]: Constructing module Easy Transfering...
[04Apr2025 22:19:45.454] [modloading-worker-0/INFO] [quark-zeta/]: Constructing module Elytra Indicator...
[04Apr2025 22:19:45.454] [modloading-worker-0/INFO] [quark-zeta/]: Constructing module Emotes...
[04Apr2025 22:19:45.455] [modloading-worker-0/INFO] [quark-zeta/]: Constructing module Enchantment Predicates...
[04Apr2025 22:19:45.455] [modloading-worker-0/INFO] [quark-zeta/]: Constructing module Enchantments Begone...
[04Apr2025 22:19:45.455] [modloading-worker-0/INFO] [quark-zeta/]: Constructing module Ender Watcher...
[04Apr2025 22:19:45.458] [modloading-worker-0/INFO] [quark-zeta/]: Constructing module Endermosh Music Disc...
[04Apr2025 22:19:45.465] [modloading-worker-0/INFO] [quark-zeta/]: Constructing module Enhanced Ladders...
[04Apr2025 22:19:45.466] [modloading-worker-0/INFO] [quark-zeta/]: Constructing module Expanded Item Interactions...
[04Apr2025 22:19:45.466] [modloading-worker-0/ERROR] [zeta/]: Client event interface org.violetmoon.zeta.client.event.load.ZClientSetup was found in a non client only class!
[04Apr2025 22:19:45.470] [modloading-worker-0/INFO] [quark-zeta/]: Constructing module Fairy Rings...
[04Apr2025 22:19:45.475] [modloading-worker-0/INFO] [quark-zeta/]: Constructing module Fallen Logs...
[04Apr2025 22:19:45.477] [modloading-worker-0/INFO] [quark-zeta/]: Constructing module Feeding Trough...
[04Apr2025 22:19:45.482] [modloading-worker-0/ERROR] [zeta/]: Client event interface org.violetmoon.zeta.client.event.load.ZClientSetup was found in a non client only class!
[04Apr2025 22:19:45.482] [modloading-worker-0/INFO] [quark-zeta/]: Constructing module Forgotten...
[04Apr2025 22:19:45.501] [modloading-worker-0/INFO] [quark-zeta/]: Constructing module Foxhound...
[04Apr2025 22:19:45.505] [modloading-worker-0/INFO] [quark-zeta/]: Constructing module Framed Glass...
[04Apr2025 22:19:45.509] [modloading-worker-0/INFO] [quark-zeta/]: Constructing module Game Nerfs...
[04Apr2025 22:19:45.509] [modloading-worker-0/INFO] [quark-zeta/]: Constructing module Glass Item Frame...
[04Apr2025 22:19:45.515] [modloading-worker-0/ERROR] [zeta/]: Client event interface org.violetmoon.zeta.client.event.load.ZClientSetup was found in a non client only class!
[04Apr2025 22:19:45.515] [modloading-worker-0/INFO] [quark-zeta/]: Constructing module Glass Shard...
[04Apr2025 22:19:45.516] [modloading-worker-0/INFO] [quark-zeta/]: Constructing module Glimmering Weald...
[04Apr2025 22:19:45.545] [modloading-worker-0/INFO] [quark-zeta/]: Constructing module Gold Bars...
[04Apr2025 22:19:45.548] [modloading-worker-0/INFO] [quark-zeta/]: Constructing module Gold Tools Have Fortune...
[04Apr2025 22:19:45.549] [modloading-worker-0/INFO] [quark-zeta/]: Constructing module Grab Chickens...
[04Apr2025 22:19:45.549] [modloading-worker-0/INFO] [quark-zeta/]: Constructing module Grate...
[04Apr2025 22:19:45.558] [modloading-worker-0/INFO] [quark-zeta/]: Constructing module Gravisand...
[04Apr2025 22:19:45.560] [modloading-worker-0/INFO] [quark-zeta/]: Constructing module Greener Grass...
[04Apr2025 22:19:45.564] [modloading-worker-0/INFO] [quark-zeta/]: Constructing module Hedges...
[04Apr2025 22:19:45.566] [modloading-worker-0/INFO] [quark-zeta/]: Constructing module Hoe Harvesting...
[04Apr2025 22:19:45.567] [modloading-worker-0/INFO] [quark-zeta/]: Constructing module Hollow Logs...
[04Apr2025 22:19:45.569] [modloading-worker-0/INFO] [quark-zeta/]: Constructing module Horses Swim...
[04Apr2025 22:19:45.570] [modloading-worker-0/INFO] [quark-zeta/]: Constructing module Hotbar Changer...
[04Apr2025 22:19:45.570] [modloading-worker-0/INFO] [quark-zeta/]: Constructing module Improved Sponges...
[04Apr2025 22:19:45.571] [modloading-worker-0/INFO] [quark-zeta/]: Constructing module Improved Tooltips...
[04Apr2025 22:19:45.572] [modloading-worker-0/INFO] [quark-zeta/]: Constructing module Industrial Palette...
[04Apr2025 22:19:45.574] [modloading-worker-0/INFO] [quark-zeta/]: Constructing module Inventory Sorting...
[04Apr2025 22:19:45.575] [modloading-worker-0/INFO] [quark-zeta/]: Constructing module Iron Rod...
[04Apr2025 22:19:45.590] [modloading-worker-0/INFO] [quark-zeta/]: Constructing module Item Sharing...
[04Apr2025 22:19:45.594] [modloading-worker-0/INFO] [quark-zeta/]: Constructing module Japanese Palette...
[04Apr2025 22:19:45.594] [modloading-worker-0/INFO] [quark-zeta/]: Constructing module Leaf Carpet...
[04Apr2025 22:19:45.595] [modloading-worker-0/INFO] [quark-zeta/]: Constructing module Lock Rotation...
[04Apr2025 22:19:45.595] [modloading-worker-0/INFO] [quark-zeta/]: Constructing module Long Range Pick Block...
[04Apr2025 22:19:45.596] [modloading-worker-0/INFO] [quark-zeta/]: Constructing module Magma Keeps Concrete Powder...
[04Apr2025 22:19:45.596] [modloading-worker-0/INFO] [quark-zeta/]: Constructing module Magnets...
[04Apr2025 22:19:45.609] [modloading-worker-0/ERROR] [zeta/]: Client event interface org.violetmoon.zeta.client.event.load.ZClientSetup was found in a non client only class!
[04Apr2025 22:19:45.612] [modloading-worker-0/INFO] [quark-zeta/]: Constructing module Map Washing...
[04Apr2025 22:19:45.612] [modloading-worker-0/INFO] [quark-zeta/]: Constructing module Matrix Enchanting...
[04Apr2025 22:19:45.636] [modloading-worker-0/ERROR] [zeta/]: Client event interface org.violetmoon.zeta.client.event.load.ZClientSetup was found in a non client only class!
[04Apr2025 22:19:45.636] [modloading-worker-0/INFO] [quark-zeta/]: Constructing module Metal Buttons...
[04Apr2025 22:19:45.637] [modloading-worker-0/INFO] [quark-zeta/]: Constructing module Microcrafting Helper...
[04Apr2025 22:19:45.637] [modloading-worker-0/INFO] [quark-zeta/]: Constructing module Midori...
[04Apr2025 22:19:45.641] [modloading-worker-0/INFO] [quark-zeta/]: Constructing module Monster Box...
[04Apr2025 22:19:45.641] [modloading-worker-0/INFO] [quark-zeta/]: Constructing module More Banner Layers...
[04Apr2025 22:19:45.641] [modloading-worker-0/INFO] [quark-zeta/]: Constructing module More Brick Types...
[04Apr2025 22:19:45.642] [modloading-worker-0/INFO] [quark-zeta/]: Constructing module More Mud Blocks...
[04Apr2025 22:19:45.642] [modloading-worker-0/INFO] [quark-zeta/]: Constructing module More Note Block Sounds...
[04Apr2025 22:19:45.642] [modloading-worker-0/INFO] [quark-zeta/]: Constructing module More Potted Plants...
[04Apr2025 22:19:45.643] [modloading-worker-0/ERROR] [zeta/]: Client event interface org.violetmoon.zeta.client.event.load.ZClientSetup was found in a non client only class!
[04Apr2025 22:19:45.643] [modloading-worker-0/INFO] [quark-zeta/]: Constructing module More Villagers...
[04Apr2025 22:19:45.643] [modloading-worker-0/INFO] [quark-zeta/]: Constructing module Narrator Readout...
[04Apr2025 22:19:45.644] [modloading-worker-0/INFO] [quark-zeta/]: Constructing module Nether Brick Fence Gate...
[04Apr2025 22:19:45.648] [modloading-worker-0/INFO] [quark-zeta/]: Constructing module Nether Obsidian Spikes...
[04Apr2025 22:19:45.650] [modloading-worker-0/INFO] [quark-zeta/]: Constructing module New Stone Types...
[04Apr2025 22:19:45.654] [modloading-worker-0/INFO] [quark-zeta/]: Constructing module No Durability On Cosmetics...
[04Apr2025 22:19:45.654] [modloading-worker-0/INFO] [quark-zeta/]: Constructing module No More Lava Pockets...
[04Apr2025 22:19:45.655] [modloading-worker-0/INFO] [quark-zeta/]: Constructing module Obsidian Plate...
[04Apr2025 22:19:45.655] [modloading-worker-0/INFO] [quark-zeta/]: Constructing module Overlay Shader...
[04Apr2025 22:19:45.655] [modloading-worker-0/INFO] [quark-zeta/]: Constructing module Parrot Eggs...
[04Apr2025 22:19:45.656] [modloading-worker-0/ERROR] [zeta/]: Client event interface org.violetmoon.zeta.client.event.load.ZClientSetup was found in a non client only class!
[04Apr2025 22:19:45.656] [modloading-worker-0/INFO] [quark-zeta/]: Constructing module Pat The Dogs...
[04Apr2025 22:19:45.658] [modloading-worker-0/INFO] [quark-zeta/]: Constructing module Pathfinder Maps...
[04Apr2025 22:19:45.660] [modloading-worker-0/INFO] [quark-zeta/]: Constructing module Permafrost...
[04Apr2025 22:19:45.664] [modloading-worker-0/INFO] [quark-zeta/]: Constructing module Petals On Water...
[04Apr2025 22:19:45.665] [modloading-worker-0/INFO] [quark-zeta/]: Constructing module Pickarang...
[04Apr2025 22:19:45.673] [modloading-worker-0/INFO] [quark-zeta/]: Constructing module Pig Litters...
[04Apr2025 22:19:45.674] [modloading-worker-0/INFO] [quark-zeta/]: Constructing module Pipes...
[04Apr2025 22:19:45.696] [modloading-worker-0/INFO] [quark-zeta/]: Constructing module Pistons Move Tile Entities...
[04Apr2025 22:19:45.697] [modloading-worker-0/INFO] [quark-zeta/]: Constructing module Poison Potato Usage...
[04Apr2025 22:19:45.698] [modloading-worker-0/INFO] [quark-zeta/]: Constructing module Quick Armor Swapping...
[04Apr2025 22:19:45.698] [modloading-worker-0/INFO] [quark-zeta/]: Constructing module Rainbow Lamps...
[04Apr2025 22:19:45.698] [modloading-worker-0/INFO] [quark-zeta/]: Constructing module Raw Metal Bricks...
[04Apr2025 22:19:45.698] [modloading-worker-0/INFO] [quark-zeta/]: Constructing module Reacharound Placing...
[04Apr2025 22:19:45.702] [modloading-worker-0/INFO] [quark-zeta/]: Constructing module Redstone Randomizer...
[04Apr2025 22:19:45.704] [modloading-worker-0/INFO] [quark-zeta/]: Constructing module Renewable Spore Blossoms...
[04Apr2025 22:19:45.704] [modloading-worker-0/INFO] [quark-zeta/]: Constructing module Replace Scaffolding...
[04Apr2025 22:19:45.704] [modloading-worker-0/INFO] [quark-zeta/]: Constructing module Rope...
[04Apr2025 22:19:45.715] [modloading-worker-0/INFO] [quark-zeta/]: Constructing module Safer Creatures...
[04Apr2025 22:19:45.729] [modloading-worker-0/INFO] [quark-zeta/]: Constructing module Seed Pouch...
[04Apr2025 22:19:45.731] [modloading-worker-0/INFO] [quark-zeta/]: Constructing module Shear Vines...
[04Apr2025 22:19:45.753] [modloading-worker-0/INFO] [quark-zeta/]: Constructing module Shiba...
[04Apr2025 22:19:45.753] [modloading-worker-0/ERROR] [zeta/]: Client event interface org.violetmoon.zeta.client.event.load.ZClientSetup was found in a non client only class!
[04Apr2025 22:19:45.753] [modloading-worker-0/INFO] [quark-zeta/]: Constructing module Shingles...
[04Apr2025 22:19:45.753] [modloading-worker-0/INFO] [quark-zeta/]: Constructing module Shulker Packing...
[04Apr2025 22:19:45.754] [modloading-worker-0/INFO] [quark-zeta/]: Constructing module Simple Harvest...
[04Apr2025 22:19:45.761] [modloading-worker-0/INFO] [quark-zeta/]: Constructing module Skull Pikes...
[04Apr2025 22:19:45.768] [modloading-worker-0/ERROR] [zeta/]: Client event interface org.violetmoon.zeta.client.event.load.ZClientSetup was found in a non client only class!
[04Apr2025 22:19:45.768] [modloading-worker-0/INFO] [quark-zeta/]: Constructing module Slabs To Blocks...
[04Apr2025 22:19:45.769] [modloading-worker-0/INFO] [quark-zeta/]: Constructing module Slime In A Bucket...
[04Apr2025 22:19:45.770] [modloading-worker-0/INFO] [quark-zeta/]: Constructing module Slimes To Magma Cubes...
[04Apr2025 22:19:45.777] [modloading-worker-0/INFO] [quark-zeta/]: Constructing module Snow Golem Player Heads...
[04Apr2025 22:19:45.777] [modloading-worker-0/INFO] [quark-zeta/]: Constructing module Soul Candles...
[04Apr2025 22:19:45.777] [modloading-worker-0/INFO] [quark-zeta/]: Constructing module Soul Sandstone...
[04Apr2025 22:19:45.778] [modloading-worker-0/INFO] [quark-zeta/]: Constructing module Spawner Replacer...
[04Apr2025 22:19:45.778] [modloading-worker-0/INFO] [quark-zeta/]: Constructing module Spiral Spires...
[04Apr2025 22:19:45.780] [modloading-worker-0/INFO] [quark-zeta/]: Constructing module Stonelings...
[04Apr2025 22:19:45.784] [modloading-worker-0/ERROR] [zeta/]: Client event interface org.violetmoon.zeta.client.event.load.ZClientSetup was found in a non client only class!
[04Apr2025 22:19:45.784] [modloading-worker-0/INFO] [quark-zeta/]: Constructing module Stools...
[04Apr2025 22:19:45.788] [modloading-worker-0/ERROR] [zeta/]: Client event interface org.violetmoon.zeta.client.event.load.ZClientSetup was found in a non client only class!
[04Apr2025 22:19:45.788] [modloading-worker-0/INFO] [quark-zeta/]: Constructing module Sturdy Stone...
[04Apr2025 22:19:45.792] [modloading-worker-0/INFO] [quark-zeta/]: Constructing module Thatch...
[04Apr2025 22:19:45.796] [modloading-worker-0/INFO] [quark-zeta/]: Constructing module Tiny Potato...
[04Apr2025 22:19:45.805] [modloading-worker-0/INFO] [quark-zeta/]: Constructing module Torch Arrow...
[04Apr2025 22:19:45.807] [modloading-worker-0/INFO] [quark-zeta/]: Constructing module Toretoise...
[04Apr2025 22:19:45.807] [modloading-worker-0/ERROR] [zeta/]: Client event interface org.violetmoon.zeta.client.event.load.ZClientSetup was found in a non client only class!
[04Apr2025 22:19:45.811] [modloading-worker-0/INFO] [quark-zeta/]: Constructing module Totem Of Holding...
[04Apr2025 22:19:45.813] [modloading-worker-0/INFO] [quark-zeta/]: Constructing module Trowel...
[04Apr2025 22:19:45.814] [modloading-worker-0/INFO] [quark-zeta/]: Constructing module Usage Ticker...
[04Apr2025 22:19:45.815] [modloading-worker-0/INFO] [quark-zeta/]: Constructing module Uses For Curses...
[04Apr2025 22:19:45.815] [modloading-worker-0/INFO] [quark-zeta/]: Constructing module Utility Recipes...
[04Apr2025 22:19:45.816] [modloading-worker-0/INFO] [quark-zeta/]: Constructing module Variant Animal Textures...
[04Apr2025 22:19:45.817] [modloading-worker-0/INFO] [quark-zeta/]: Constructing module Variant Bookshelves...
[04Apr2025 22:19:45.817] [modloading-worker-0/INFO] [quark-zeta/]: Constructing module Variant Chests...
[04Apr2025 22:19:45.846] [modloading-worker-0/INFO] [quark-zeta/]: Constructing module Variant Furnaces...
[04Apr2025 22:19:45.865] [modloading-worker-0/INFO] [quark-zeta/]: Constructing module Variant Ladders...
[04Apr2025 22:19:45.866] [modloading-worker-0/INFO] [quark-zeta/]: Constructing module Variant Selector...
[04Apr2025 22:19:45.874] [modloading-worker-0/INFO] [quark-zeta/]: Constructing module Vertical Planks...
[04Apr2025 22:19:45.875] [modloading-worker-0/INFO] [quark-zeta/]: Constructing module Vertical Slabs...
[04Apr2025 22:19:45.911] [modloading-worker-0/INFO] [quark-zeta/]: Constructing module Vexes Die With Their Masters...
[04Apr2025 22:19:45.911] [modloading-worker-0/INFO] [quark-zeta/]: Constructing module Villager Rerolling Rework...
[04Apr2025 22:19:45.912] [modloading-worker-0/INFO] [quark-zeta/]: Constructing module Villagers Follow Emeralds...
[04Apr2025 22:19:45.912] [modloading-worker-0/INFO] [quark-zeta/]: Constructing module Wooden Posts...
[04Apr2025 22:19:45.913] [modloading-worker-0/INFO] [quark-zeta/]: Constructing module Wool Shuts Up Minecarts...
[04Apr2025 22:19:45.914] [modloading-worker-0/INFO] [quark-zeta/]: Constructing module Wraith...
[04Apr2025 22:19:45.916] [modloading-worker-0/ERROR] [zeta/]: Client event interface org.violetmoon.zeta.client.event.load.ZClientSetup was found in a non client only class!
[04Apr2025 22:19:45.916] [modloading-worker-0/INFO] [quark-zeta/]: Constructing module Zombie Villagers On Normal...
[04Apr2025 22:19:45.916] [modloading-worker-0/INFO] [quark-zeta/]: Constructing module More Stone Variants...
[04Apr2025 22:19:45.917] [modloading-worker-0/INFO] [quark-zeta/]: Constructed 164 modules.
[04Apr2025 22:19:46.057] [modloading-worker-0/WARN] [net.minecraftforge.common.ForgeConfigSpec/CORE]: Configuration file /workspaces/solid-invention/servidor_minecraft/config/quark-common.toml is not correct. Correcting
[04Apr2025 22:19:49.313] [main/INFO] [de.mrjulsen.crn.CreateRailwaysNavigator/]: Custom display sources registered!
[04Apr2025 22:19:50.134] [main/INFO] [Moonlight/]: Initialized block sets in 26ms
[04Apr2025 22:19:50.243] [main/INFO] [Create Deco/]: placard tooltip was null
[04Apr2025 22:19:50.243] [main/INFO] [Create Deco/]: placard tooltip was null
[04Apr2025 22:19:50.243] [main/INFO] [Create Deco/]: placard tooltip was null
[04Apr2025 22:19:50.243] [main/INFO] [Create Deco/]: placard tooltip was null
[04Apr2025 22:19:50.244] [main/INFO] [Create Deco/]: placard tooltip was null
[04Apr2025 22:19:50.244] [main/INFO] [Create Deco/]: placard tooltip was null
[04Apr2025 22:19:50.244] [main/INFO] [Create Deco/]: placard tooltip was null
[04Apr2025 22:19:50.244] [main/INFO] [Create Deco/]: placard tooltip was null
[04Apr2025 22:19:50.244] [main/INFO] [Create Deco/]: placard tooltip was null
[04Apr2025 22:19:50.245] [main/INFO] [Create Deco/]: placard tooltip was null
[04Apr2025 22:19:50.245] [main/INFO] [Create Deco/]: placard tooltip was null
[04Apr2025 22:19:50.245] [main/INFO] [Create Deco/]: placard tooltip was null
[04Apr2025 22:19:50.245] [main/INFO] [Create Deco/]: placard tooltip was null
[04Apr2025 22:19:50.245] [main/INFO] [Create Deco/]: placard tooltip was null
[04Apr2025 22:19:50.245] [main/INFO] [Create Deco/]: placard tooltip was null
[04Apr2025 22:19:50.518] [main/WARN] [net.minecraft.network.syncher.SynchedEntityData/]: defineId called for: class net.minecraft.world.entity.Entity from class it.hurts.octostudios.rarcompat.items.necklace.ScarfOfInvisibilityItem
[04Apr2025 22:19:51.925] [main/WARN] [dev.architectury.registry.registries.forge.RegistrarManagerImpl/]: Registry entry listened Registry Entry [minecraft:entity_type / artifacts:mimic] was not realized!
[04Apr2025 22:19:53.434] [main/INFO] [Easy NPC/]: - Registering Synched Attack Data for EasyNPCBaseEntity.
[04Apr2025 22:19:53.434] [main/WARN] [net.minecraft.network.syncher.SynchedEntityData/]: defineId called for: class de.markusbordihn.easynpc.entity.EasyNPCBaseEntity from interface de.markusbordihn.easynpc.entity.easynpc.data.AttackData
[04Apr2025 22:19:53.435] [main/INFO] [Easy NPC/]: - Registering Synched Attribute Data for EasyNPCBaseEntity.
[04Apr2025 22:19:53.435] [main/WARN] [net.minecraft.network.syncher.SynchedEntityData/]: defineId called for: class de.markusbordihn.easynpc.entity.EasyNPCBaseEntity from interface de.markusbordihn.easynpc.entity.easynpc.data.AttributeData
[04Apr2025 22:19:53.435] [main/INFO] [Easy NPC/]: - Registering Synched Custom Attribute Data for EasyNPCBaseEntity.
[04Apr2025 22:19:53.435] [main/WARN] [net.minecraft.network.syncher.SynchedEntityData/]: defineId called for: class de.markusbordihn.easynpc.entity.EasyNPCBaseEntity from interface de.markusbordihn.easynpc.entity.easynpc.data.CustomAttributeData
[04Apr2025 22:19:53.435] [main/INFO] [Easy NPC/]: - Registering Synched Display Attribute Data for EasyNPCBaseEntity.
[04Apr2025 22:19:53.435] [main/WARN] [net.minecraft.network.syncher.SynchedEntityData/]: defineId called for: class de.markusbordihn.easynpc.entity.EasyNPCBaseEntity from interface de.markusbordihn.easynpc.entity.easynpc.data.DisplayAttributeData
[04Apr2025 22:19:53.435] [main/INFO] [Easy NPC/]: - Registering Synched Navigation Data for EasyNPCBaseEntity.
[04Apr2025 22:19:53.435] [main/WARN] [net.minecraft.network.syncher.SynchedEntityData/]: defineId called for: class de.markusbordihn.easynpc.entity.EasyNPCBaseEntity from interface de.markusbordihn.easynpc.entity.easynpc.data.NavigationData
[04Apr2025 22:19:53.435] [main/INFO] [Easy NPC/]: - Registering Synched Owner Data for EasyNPCBaseEntity.
[04Apr2025 22:19:53.435] [main/WARN] [net.minecraft.network.syncher.SynchedEntityData/]: defineId called for: class de.markusbordihn.easynpc.entity.EasyNPCBaseEntity from interface de.markusbordihn.easynpc.entity.easynpc.data.OwnerData
[04Apr2025 22:19:53.436] [main/INFO] [Easy NPC/]: - Registering Synched Profession Data for EasyNPCBaseEntity.
[04Apr2025 22:19:53.436] [main/WARN] [net.minecraft.network.syncher.SynchedEntityData/]: defineId called for: class de.markusbordihn.easynpc.entity.EasyNPCBaseEntity from interface de.markusbordihn.easynpc.entity.easynpc.data.ProfessionData
[04Apr2025 22:19:53.436] [main/INFO] [Easy NPC/]: - Registering Synched Render Data for EasyNPCBaseEntity.
[04Apr2025 22:19:53.436] [main/WARN] [net.minecraft.network.syncher.SynchedEntityData/]: defineId called for: class de.markusbordihn.easynpc.entity.EasyNPCBaseEntity from interface de.markusbordihn.easynpc.entity.easynpc.data.RenderData
[04Apr2025 22:19:53.436] [main/INFO] [Easy NPC/]: - Registering Synched Skin Data for EasyNPCBaseEntity.
[04Apr2025 22:19:53.436] [main/WARN] [net.minecraft.network.syncher.SynchedEntityData/]: defineId called for: class de.markusbordihn.easynpc.entity.EasyNPCBaseEntity from interface de.markusbordihn.easynpc.entity.easynpc.data.SkinData
[04Apr2025 22:19:53.436] [main/INFO] [Easy NPC/]: - Registering Synched Sound Data for EasyNPCBaseEntity.
[04Apr2025 22:19:53.436] [main/WARN] [net.minecraft.network.syncher.SynchedEntityData/]: defineId called for: class de.markusbordihn.easynpc.entity.EasyNPCBaseEntity from interface de.markusbordihn.easynpc.entity.easynpc.data.SoundData
[04Apr2025 22:19:53.436] [main/INFO] [Easy NPC/]: - Registering Synched Trading Data for EasyNPCBaseEntity.
[04Apr2025 22:19:53.437] [main/WARN] [net.minecraft.network.syncher.SynchedEntityData/]: defineId called for: class de.markusbordihn.easynpc.entity.EasyNPCBaseEntity from interface de.markusbordihn.easynpc.entity.easynpc.data.TradingData
[04Apr2025 22:19:53.437] [main/WARN] [net.minecraft.network.syncher.SynchedEntityData/]: defineId called for: class de.markusbordihn.easynpc.entity.EasyNPCBaseEntity from interface de.markusbordihn.easynpc.entity.easynpc.data.TradingData
[04Apr2025 22:19:53.437] [main/WARN] [net.minecraft.network.syncher.SynchedEntityData/]: defineId called for: class de.markusbordihn.easynpc.entity.EasyNPCBaseEntity from interface de.markusbordihn.easynpc.entity.easynpc.data.TradingData
[04Apr2025 22:19:53.437] [main/INFO] [Easy NPC/]: - Registering Synched Variant Data for EasyNPCBaseEntity.
[04Apr2025 22:19:53.437] [main/WARN] [net.minecraft.network.syncher.SynchedEntityData/]: defineId called for: class de.markusbordihn.easynpc.entity.EasyNPCBaseEntity from interface de.markusbordihn.easynpc.entity.easynpc.data.VariantData
[04Apr2025 22:19:53.437] [main/INFO] [Easy NPC/]: - Registering Synched Model Data for EasyNPCBaseModelEntity.
[04Apr2025 22:19:53.438] [main/WARN] [net.minecraft.network.syncher.SynchedEntityData/]: defineId called for: class de.markusbordihn.easynpc.entity.EasyNPCBaseModelEntity from interface de.markusbordihn.easynpc.entity.easynpc.data.ModelData
[04Apr2025 22:19:53.438] [main/WARN] [net.minecraft.network.syncher.SynchedEntityData/]: defineId called for: class de.markusbordihn.easynpc.entity.EasyNPCBaseModelEntity from interface de.markusbordihn.easynpc.entity.easynpc.data.ModelData
[04Apr2025 22:19:53.438] [main/WARN] [net.minecraft.network.syncher.SynchedEntityData/]: defineId called for: class de.markusbordihn.easynpc.entity.EasyNPCBaseModelEntity from interface de.markusbordihn.easynpc.entity.easynpc.data.ModelData
[04Apr2025 22:19:53.438] [main/WARN] [net.minecraft.network.syncher.SynchedEntityData/]: defineId called for: class de.markusbordihn.easynpc.entity.EasyNPCBaseModelEntity from interface de.markusbordihn.easynpc.entity.easynpc.data.ModelData
[04Apr2025 22:19:53.438] [main/WARN] [net.minecraft.network.syncher.SynchedEntityData/]: defineId called for: class de.markusbordihn.easynpc.entity.EasyNPCBaseModelEntity from interface de.markusbordihn.easynpc.entity.easynpc.data.ModelData
[04Apr2025 22:19:53.438] [main/WARN] [net.minecraft.network.syncher.SynchedEntityData/]: defineId called for: class de.markusbordihn.easynpc.entity.EasyNPCBaseModelEntity from interface de.markusbordihn.easynpc.entity.easynpc.data.ModelData
[04Apr2025 22:19:53.438] [main/WARN] [net.minecraft.network.syncher.SynchedEntityData/]: defineId called for: class de.markusbordihn.easynpc.entity.EasyNPCBaseModelEntity from interface de.markusbordihn.easynpc.entity.easynpc.data.ModelData
[04Apr2025 22:19:53.439] [main/WARN] [net.minecraft.network.syncher.SynchedEntityData/]: defineId called for: class de.markusbordihn.easynpc.entity.EasyNPCBaseModelEntity from interface de.markusbordihn.easynpc.entity.easynpc.data.ModelData
[04Apr2025 22:19:53.439] [main/WARN] [net.minecraft.network.syncher.SynchedEntityData/]: defineId called for: class de.markusbordihn.easynpc.entity.EasyNPCBaseModelEntity from interface de.markusbordihn.easynpc.entity.easynpc.data.ModelData
[04Apr2025 22:19:53.439] [main/WARN] [net.minecraft.network.syncher.SynchedEntityData/]: defineId called for: class de.markusbordihn.easynpc.entity.EasyNPCBaseModelEntity from interface de.markusbordihn.easynpc.entity.easynpc.data.ModelData
[04Apr2025 22:19:53.439] [main/INFO] [Easy NPC/]: - Registering Synched Model Position Data for EasyNPCBaseModelEntity.
[04Apr2025 22:19:53.439] [main/WARN] [net.minecraft.network.syncher.SynchedEntityData/]: defineId called for: class de.markusbordihn.easynpc.entity.EasyNPCBaseModelEntity from interface de.markusbordihn.easynpc.entity.easynpc.data.ModelPositionData
[04Apr2025 22:19:53.439] [main/WARN] [net.minecraft.network.syncher.SynchedEntityData/]: defineId called for: class de.markusbordihn.easynpc.entity.EasyNPCBaseModelEntity from interface de.markusbordihn.easynpc.entity.easynpc.data.ModelPositionData
[04Apr2025 22:19:53.440] [main/WARN] [net.minecraft.network.syncher.SynchedEntityData/]: defineId called for: class de.markusbordihn.easynpc.entity.EasyNPCBaseModelEntity from interface de.markusbordihn.easynpc.entity.easynpc.data.ModelPositionData
[04Apr2025 22:19:53.440] [main/WARN] [net.minecraft.network.syncher.SynchedEntityData/]: defineId called for: class de.markusbordihn.easynpc.entity.EasyNPCBaseModelEntity from interface de.markusbordihn.easynpc.entity.easynpc.data.ModelPositionData
[04Apr2025 22:19:53.440] [main/WARN] [net.minecraft.network.syncher.SynchedEntityData/]: defineId called for: class de.markusbordihn.easynpc.entity.EasyNPCBaseModelEntity from interface de.markusbordihn.easynpc.entity.easynpc.data.ModelPositionData
[04Apr2025 22:19:53.440] [main/WARN] [net.minecraft.network.syncher.SynchedEntityData/]: defineId called for: class de.markusbordihn.easynpc.entity.EasyNPCBaseModelEntity from interface de.markusbordihn.easynpc.entity.easynpc.data.ModelPositionData
[04Apr2025 22:19:53.440] [main/WARN] [net.minecraft.network.syncher.SynchedEntityData/]: defineId called for: class de.markusbordihn.easynpc.entity.EasyNPCBaseModelEntity from interface de.markusbordihn.easynpc.entity.easynpc.data.ModelPositionData
[04Apr2025 22:19:53.440] [main/INFO] [Easy NPC/]: - Registering Synched Model Rotation Data for EasyNPCBaseModelEntity.
[04Apr2025 22:19:53.440] [main/WARN] [net.minecraft.network.syncher.SynchedEntityData/]: defineId called for: class de.markusbordihn.easynpc.entity.EasyNPCBaseModelEntity from interface de.markusbordihn.easynpc.entity.easynpc.data.ModelRotationData
[04Apr2025 22:19:53.441] [main/WARN] [net.minecraft.network.syncher.SynchedEntityData/]: defineId called for: class de.markusbordihn.easynpc.entity.EasyNPCBaseModelEntity from interface de.markusbordihn.easynpc.entity.easynpc.data.ModelRotationData
[04Apr2025 22:19:53.441] [main/WARN] [net.minecraft.network.syncher.SynchedEntityData/]: defineId called for: class de.markusbordihn.easynpc.entity.EasyNPCBaseModelEntity from interface de.markusbordihn.easynpc.entity.easynpc.data.ModelRotationData
[04Apr2025 22:19:53.441] [main/WARN] [net.minecraft.network.syncher.SynchedEntityData/]: defineId called for: class de.markusbordihn.easynpc.entity.EasyNPCBaseModelEntity from interface de.markusbordihn.easynpc.entity.easynpc.data.ModelRotationData
[04Apr2025 22:19:53.441] [main/WARN] [net.minecraft.network.syncher.SynchedEntityData/]: defineId called for: class de.markusbordihn.easynpc.entity.EasyNPCBaseModelEntity from interface de.markusbordihn.easynpc.entity.easynpc.data.ModelRotationData
[04Apr2025 22:19:53.441] [main/WARN] [net.minecraft.network.syncher.SynchedEntityData/]: defineId called for: class de.markusbordihn.easynpc.entity.EasyNPCBaseModelEntity from interface de.markusbordihn.easynpc.entity.easynpc.data.ModelRotationData
[04Apr2025 22:19:53.441] [main/WARN] [net.minecraft.network.syncher.SynchedEntityData/]: defineId called for: class de.markusbordihn.easynpc.entity.EasyNPCBaseModelEntity from interface de.markusbordihn.easynpc.entity.easynpc.data.ModelRotationData
[04Apr2025 22:19:53.442] [main/WARN] [net.minecraft.network.syncher.SynchedEntityData/]: defineId called for: class de.markusbordihn.easynpc.entity.EasyNPCBaseModelEntity from interface de.markusbordihn.easynpc.entity.easynpc.data.ModelRotationData
[04Apr2025 22:19:53.442] [main/WARN] [net.minecraft.network.syncher.SynchedEntityData/]: defineId called for: class de.markusbordihn.easynpc.entity.EasyNPCBaseModelEntity from interface de.markusbordihn.easynpc.entity.easynpc.data.ModelRotationData
[04Apr2025 22:19:53.442] [main/INFO] [Easy NPC/]: - Registering Synched Model Visibility Data for EasyNPCBaseModelEntity.
[04Apr2025 22:19:53.442] [main/WARN] [net.minecraft.network.syncher.SynchedEntityData/]: defineId called for: class de.markusbordihn.easynpc.entity.EasyNPCBaseModelEntity from interface de.markusbordihn.easynpc.entity.easynpc.data.ModelVisibilityData
[04Apr2025 22:19:53.442] [main/WARN] [net.minecraft.network.syncher.SynchedEntityData/]: defineId called for: class de.markusbordihn.easynpc.entity.EasyNPCBaseModelEntity from interface de.markusbordihn.easynpc.entity.easynpc.data.ModelVisibilityData
[04Apr2025 22:19:53.442] [main/WARN] [net.minecraft.network.syncher.SynchedEntityData/]: defineId called for: class de.markusbordihn.easynpc.entity.EasyNPCBaseModelEntity from interface de.markusbordihn.easynpc.entity.easynpc.data.ModelVisibilityData
[04Apr2025 22:19:53.442] [main/WARN] [net.minecraft.network.syncher.SynchedEntityData/]: defineId called for: class de.markusbordihn.easynpc.entity.EasyNPCBaseModelEntity from interface de.markusbordihn.easynpc.entity.easynpc.data.ModelVisibilityData
[04Apr2025 22:19:53.443] [main/WARN] [net.minecraft.network.syncher.SynchedEntityData/]: defineId called for: class de.markusbordihn.easynpc.entity.EasyNPCBaseModelEntity from interface de.markusbordihn.easynpc.entity.easynpc.data.ModelVisibilityData
[04Apr2025 22:19:53.443] [main/WARN] [net.minecraft.network.syncher.SynchedEntityData/]: defineId called for: class de.markusbordihn.easynpc.entity.EasyNPCBaseModelEntity from interface de.markusbordihn.easynpc.entity.easynpc.data.ModelVisibilityData
[04Apr2025 22:19:53.443] [main/WARN] [net.minecraft.network.syncher.SynchedEntityData/]: defineId called for: class de.markusbordihn.easynpc.entity.EasyNPCBaseModelEntity from interface de.markusbordihn.easynpc.entity.easynpc.data.ModelVisibilityData
[04Apr2025 22:19:53.443] [main/WARN] [net.minecraft.network.syncher.SynchedEntityData/]: defineId called for: class de.markusbordihn.easynpc.entity.EasyNPCBaseModelEntity from interface de.markusbordihn.easynpc.entity.easynpc.data.ModelVisibilityData
[04Apr2025 22:19:53.443] [main/WARN] [net.minecraft.network.syncher.SynchedEntityData/]: defineId called for: class de.markusbordihn.easynpc.entity.EasyNPCBaseModelEntity from interface de.markusbordihn.easynpc.entity.easynpc.data.ModelVisibilityData
[04Apr2025 22:19:53.443] [main/WARN] [net.minecraft.network.syncher.SynchedEntityData/]: defineId called for: class de.markusbordihn.easynpc.entity.EasyNPCBaseModelEntity from interface de.markusbordihn.easynpc.entity.easynpc.data.ModelVisibilityData
[04Apr2025 22:19:53.444] [main/WARN] [net.minecraft.network.syncher.SynchedEntityData/]: defineId called for: class de.markusbordihn.easynpc.entity.EasyNPCBaseModelEntity from interface de.markusbordihn.easynpc.entity.easynpc.data.ModelVisibilityData
[04Apr2025 22:19:53.444] [main/INFO] [Easy NPC/]: - Registering Synched Scale Data for EasyNPCBaseModelEntity.
[04Apr2025 22:19:53.444] [main/WARN] [net.minecraft.network.syncher.SynchedEntityData/]: defineId called for: class de.markusbordihn.easynpc.entity.EasyNPCBaseModelEntity from interface de.markusbordihn.easynpc.entity.easynpc.data.ScaleData
[04Apr2025 22:19:53.444] [main/WARN] [net.minecraft.network.syncher.SynchedEntityData/]: defineId called for: class de.markusbordihn.easynpc.entity.EasyNPCBaseModelEntity from interface de.markusbordihn.easynpc.entity.easynpc.data.ScaleData
[04Apr2025 22:19:53.444] [main/WARN] [net.minecraft.network.syncher.SynchedEntityData/]: defineId called for: class de.markusbordihn.easynpc.entity.EasyNPCBaseModelEntity from interface de.markusbordihn.easynpc.entity.easynpc.data.ScaleData
[04Apr2025 22:19:53.586] [main/WARN] [net.minecraft.network.syncher.SynchedEntityData/]: defineId called for: class net.mcreator.borninchaosv.entity.BabySpiderEntity from class net.mcreator.borninchaosv.entity.MotherSpiderEntity
[04Apr2025 22:19:53.604] [main/WARN] [net.minecraft.network.syncher.SynchedEntityData/]: defineId called for: class com.github.alexmodguy.alexscaves.server.entity.living.TremorzillaEntity from class com.github.alexmodguy.alexscaves.server.entity.living.LicowitchEntity
[04Apr2025 22:19:53.873] [main/INFO] [zeta/]: 'zeta' is enabling Zeta's piston structure resolver.
[04Apr2025 22:19:53.920] [modloading-worker-0/INFO] [com.connectivity.Connectivity/]: Connectivity initialized
[04Apr2025 22:19:53.971] [modloading-worker-0/INFO] [necronomicon/]: File exists, reading config for elocindev.item_obliterator.forge.config.ConfigEntries.
[04Apr2025 22:19:53.974] [modloading-worker-0/INFO] [necronomicon/]: Config for elocindev.item_obliterator.forge.config.ConfigEntries read successfully.
[04Apr2025 22:19:53.977] [modloading-worker-0/INFO] [elocindev.item_obliterator.forge.ItemObliterator/]: Loaded Item Obliterator Config
[04Apr2025 22:19:54.007] [modloading-worker-0/INFO] [com.dragonfight.DragonfightMod/]: dragonfight mod initialized
[04Apr2025 22:19:54.253] [modloading-worker-0/INFO] [de.mrjulsen.crn.CreateRailwaysNavigator/]: Welcome to the CREATE RAILWAYS NAVIGATOR mod by MRJULSEN.
[04Apr2025 22:19:54.255] [Forge Version Check/INFO] [net.minecraftforge.fml.VersionChecker/]: [bookshelf] Starting version check at https://updates.blamejared.com/get?n=bookshelf&gv=1.20.1
[04Apr2025 22:19:54.258] [modloading-worker-0/INFO] [voicechat/]: [voicechat] Compatibility version 18
[04Apr2025 22:19:54.280] [modloading-worker-0/INFO] [CPM/]: Customizable Player Models Initialized
[04Apr2025 22:19:54.377] [modloading-worker-0/INFO] [voicechat/]: [voicechat] Loading plugins
[04Apr2025 22:19:54.412] [modloading-worker-0/INFO] [voicechat/]: [voicechat] Loaded 0 plugin(s)
[04Apr2025 22:19:54.412] [modloading-worker-0/INFO] [voicechat/]: [voicechat] Initializing plugins
[04Apr2025 22:19:54.412] [modloading-worker-0/INFO] [voicechat/]: [voicechat] Initialized 0 plugin(s)
[04Apr2025 22:19:54.431] [modloading-worker-0/INFO] [mediumcore/]: Created game rule mediumcoreMode
[04Apr2025 22:19:54.820] [main/INFO] [Easy NPC/]: 🗣 Register Easy NPC Network Handler for net.minecraftforge.network.simple.SimpleChannel@4cb3d6b2 with version 23
[04Apr2025 22:19:54.823] [main/INFO] [Easy NPC/]: 🗣 Register Easy NPC Network Handler ...
[04Apr2025 22:19:54.823] [main/INFO] [Easy NPC/]: Registering network messages for BOTH side ...
[04Apr2025 22:19:54.825] [main/INFO] [Easy NPC/]: [NetworkHandler] Registering client network message ExportClientPresetMessage with easy_npc:preset_export_client (0)
[04Apr2025 22:19:54.826] [main/INFO] [Easy NPC/]: [NetworkHandler] Registering client network message OpenMenuCallbackMessage with easy_npc:open_menu_callback_message (1)
[04Apr2025 22:19:54.826] [main/INFO] [Easy NPC/]: [NetworkHandler] Registering client network message SyncDataMessage with easy_npc:sync_data (2)
[04Apr2025 22:19:54.827] [main/INFO] [Easy NPC/]: [NetworkHandler] Registering server network message AddOrUpdateObjectiveMessage with easy_npc:add_objective (3)
[04Apr2025 22:19:54.829] [main/INFO] [Easy NPC/]: [NetworkHandler] Registering server network message ChangeActionEventMessage with easy_npc:change_action_event (4)
[04Apr2025 22:19:54.830] [main/INFO] [Easy NPC/]: [NetworkHandler] Registering server network message ChangeAdvancedTradingMessage with easy_npc:change_advanced_trading (5)
[04Apr2025 22:19:54.831] [main/INFO] [Easy NPC/]: [NetworkHandler] Registering server network message ChangeBasicTradingMessage with easy_npc:change_basic_trading (6)
[04Apr2025 22:19:54.835] [main/INFO] [Easy NPC/]: [NetworkHandler] Registering server network message ChangeCombatAttributeMessage with easy_npc:change_combat_attribute (7)
[04Apr2025 22:19:54.837] [main/INFO] [Easy NPC/]: [NetworkHandler] Registering server network message ChangeDisplayAttributeMessage with easy_npc:change_display_attribute (8)
[04Apr2025 22:19:54.841] [main/INFO] [Easy NPC/]: [NetworkHandler] Registering server network message ChangeEntityAttributeMessage with easy_npc:change_entity_attribute (9)
[04Apr2025 22:19:54.843] [main/INFO] [Easy NPC/]: [NetworkHandler] Registering server network message ChangeEntityBaseAttributeMessage with easy_npc:change_entity_base_attribute (10)
[04Apr2025 22:19:54.844] [main/INFO] [Easy NPC/]: [NetworkHandler] Registering server network message ChangeEnvironmentalAttributeMessage with easy_npc:change_environmental_attribute (11)
[04Apr2025 22:19:54.845] [main/INFO] [Easy NPC/]: [NetworkHandler] Registering server network message ChangeInteractionAttributeMessage with easy_npc:change_interaction_attribute (12)
[04Apr2025 22:19:54.846] [main/INFO] [Easy NPC/]: [NetworkHandler] Registering server network message ChangeModelEquipmentVisibilityMessage with easy_npc:change_model_equipment_visibility (13)
[04Apr2025 22:19:54.846] [main/INFO] [Easy NPC/]: [NetworkHandler] Registering server network message ChangeModelLockRotationMessage with easy_npc:change_model_lock_rotation (14)
[04Apr2025 22:19:54.847] [main/INFO] [Easy NPC/]: [NetworkHandler] Registering server network message ChangeModelPoseMessage with easy_npc:change_model_pose (15)
[04Apr2025 22:19:54.848] [main/INFO] [Easy NPC/]: [NetworkHandler] Registering server network message ChangeModelPositionMessage with easy_npc:change_model_position (16)
[04Apr2025 22:19:54.849] [main/INFO] [Easy NPC/]: [NetworkHandler] Registering server network message ChangeModelRotationMessage with easy_npc:change_model_rotation (17)
[04Apr2025 22:19:54.850] [main/INFO] [Easy NPC/]: [NetworkHandler] Registering server network message ChangeModelVisibilityMessage with easy_npc:change_model_visibility (18)
[04Apr2025 22:19:54.851] [main/INFO] [Easy NPC/]: [NetworkHandler] Registering server network message ChangeMovementAttributeMessage with easy_npc:change_movement_attribute (19)
[04Apr2025 22:19:54.852] [main/INFO] [Easy NPC/]: [NetworkHandler] Registering server network message ChangeNameMessage with easy_npc:change_name (20)
[04Apr2025 22:19:54.853] [main/INFO] [Easy NPC/]: [NetworkHandler] Registering server network message ChangePoseMessage with easy_npc:change_pose (21)
[04Apr2025 22:19:54.853] [main/INFO] [Easy NPC/]: [NetworkHandler] Registering server network message ChangePositionMessage with easy_npc:change_position (22)
[04Apr2025 22:19:54.854] [main/INFO] [Easy NPC/]: [NetworkHandler] Registering server network message ChangeProfessionMessage with easy_npc:change_profession (23)
[04Apr2025 22:19:54.855] [main/INFO] [Easy NPC/]: [NetworkHandler] Registering server network message ChangeRendererMessage with easy_npc:change_renderer (24)
[04Apr2025 22:19:54.856] [main/INFO] [Easy NPC/]: [NetworkHandler] Registering server network message ChangeScaleMessage with easy_npc:change_scale (25)
[04Apr2025 22:19:54.858] [main/INFO] [Easy NPC/]: [NetworkHandler] Registering server network message ChangeSkinMessage with easy_npc:change_skin (26)
[04Apr2025 22:19:54.859] [main/INFO] [Easy NPC/]: [NetworkHandler] Registering server network message ChangeSpawnerSettingMessage with easy_npc:change_spawner_settings (27)
[04Apr2025 22:19:54.860] [main/INFO] [Easy NPC/]: [NetworkHandler] Registering server network message ChangeTradingTypeMessage with easy_npc:change_trading_type (28)
[04Apr2025 22:19:54.861] [main/INFO] [Easy NPC/]: [NetworkHandler] Registering server network message ExecuteActionEventMessage with easy_npc:trigger_action_event (29)
[04Apr2025 22:19:54.861] [main/INFO] [Easy NPC/]: [NetworkHandler] Registering server network message ExecuteDialogButtonActionMessage with easy_npc:dialog_button_action (30)
[04Apr2025 22:19:54.862] [main/INFO] [Easy NPC/]: [NetworkHandler] Registering server network message ExportPresetMessage with easy_npc:export_preset (31)
[04Apr2025 22:19:54.863] [main/INFO] [Easy NPC/]: [NetworkHandler] Registering server network message ExportWorldPresetMessage with easy_npc:export_world_preset (32)
[04Apr2025 22:19:54.864] [main/INFO] [Easy NPC/]: [NetworkHandler] Registering server network message ImportPresetMessage with easy_npc:import_preset (33)
[04Apr2025 22:19:54.865] [main/INFO] [Easy NPC/]: [NetworkHandler] Registering server network message OpenActionDataEditorMessage with easy_npc:open_action_data_editor (34)
[04Apr2025 22:19:54.866] [main/INFO] [Easy NPC/]: [NetworkHandler] Registering server network message OpenActionDataEntryEditorMessage with easy_npc:open_action_data_entry_editor (35)
[04Apr2025 22:19:54.867] [main/INFO] [Easy NPC/]: [NetworkHandler] Registering server network message OpenConfigurationMessage with easy_npc:open_configuration_screen (36)
[04Apr2025 22:19:54.867] [main/INFO] [Easy NPC/]: [NetworkHandler] Registering server network message OpenDialogButtonEditorMessage with easy_npc:open_dialog_button_editor (37)
[04Apr2025 22:19:54.868] [main/INFO] [Easy NPC/]: [NetworkHandler] Registering server network message OpenDialogEditorMessage with easy_npc:open_dialog_editor (38)
[04Apr2025 22:19:54.869] [main/INFO] [Easy NPC/]: [NetworkHandler] Registering server network message OpenMenuMessage with easy_npc:open_menu_message (39)
[04Apr2025 22:19:54.869] [main/INFO] [Easy NPC/]: [NetworkHandler] Registering server network message OpenDialogTextEditorMessage with easy_npc:open_dialog_text_editor (40)
[04Apr2025 22:19:54.872] [main/INFO] [Easy NPC/]: [NetworkHandler] Registering server network message RemoveDialogButtonMessage with easy_npc:remove_dialog_button (41)
[04Apr2025 22:19:54.872] [main/INFO] [Easy NPC/]: [NetworkHandler] Registering server network message RemoveDialogMessage with easy_npc:remove_dialog (42)
[04Apr2025 22:19:54.875] [main/INFO] [Easy NPC/]: [NetworkHandler] Registering server network message RemoveNPCMessage with easy_npc:remove_npc (43)
[04Apr2025 22:19:54.877] [main/INFO] [Easy NPC/]: [NetworkHandler] Registering server network message RemoveObjectiveMessage with easy_npc:remove_objective (44)
[04Apr2025 22:19:54.878] [main/INFO] [Easy NPC/]: [NetworkHandler] Registering server network message RequestDataSyncMessage with easy_npc:request_data_sync (45)
[04Apr2025 22:19:54.877] [Forge Version Check/INFO] [net.minecraftforge.fml.VersionChecker/]: [bookshelf] Found status: BETA Current: 20.2.13 Target: 20.2.13
[04Apr2025 22:19:54.878] [Forge Version Check/INFO] [net.minecraftforge.fml.VersionChecker/]: [refurbished_furniture] Starting version check at https://mrcrayfish.com/api/mod_update/forge/refurbished_furniture
[04Apr2025 22:19:54.879] [main/INFO] [Easy NPC/]: [NetworkHandler] Registering server network message RespawnNPCMessage with easy_npc:respawn_npc (46)
[04Apr2025 22:19:54.880] [main/INFO] [Easy NPC/]: [NetworkHandler] Registering server network message SaveDialogButtonMessage with easy_npc:save_dialog_button (47)
[04Apr2025 22:19:54.881] [main/INFO] [Easy NPC/]: [NetworkHandler] Registering server network message SaveDialogMessage with easy_npc:save_dialog (48)
[04Apr2025 22:19:54.882] [main/INFO] [Easy NPC/]: [NetworkHandler] Registering server network message SaveDialogSetMessage with easy_npc:save_dialog_set (49)
[04Apr2025 22:19:55.000] [main/INFO] [Framework/SYNCED_ENTITY_DATA]: Registered synced data key refurbished_furniture:lock_yaw for refurbished_furniture:seat
[04Apr2025 22:19:55.018] [main/INFO] [Biomancy/ModsCompatHandler]: Setup Alex's Caves compat...
[04Apr2025 22:19:55.088] [main/INFO] [journeymap/]: Initializing Packet Registries
[04Apr2025 22:19:55.167] [main/INFO] [Moonlight/]: Initialized color sets in 53ms
[04Apr2025 22:19:55.232] [Forge Version Check/INFO] [net.minecraftforge.fml.VersionChecker/]: [refurbished_furniture] Found status: BETA Current: 1.0.12 Target: 1.0.12
[04Apr2025 22:19:55.232] [Forge Version Check/INFO] [net.minecraftforge.fml.VersionChecker/]: [biomancy] Starting version check at https://api.modrinth.com/updates/uAAuyU4M/forge_updates.json
[04Apr2025 22:19:55.274] [main/INFO] [terrablender/]: Registered region minecraft:overworld to index 0 for type OVERWORLD
[04Apr2025 22:19:55.274] [main/INFO] [terrablender/]: Registered region minecraft:nether to index 0 for type NETHER
[04Apr2025 22:19:55.274] [main/INFO] [terrablender/]: Registered region quark:biome_provider to index 1 for type OVERWORLD
[04Apr2025 22:19:55.373] [Forge Version Check/INFO] [net.minecraftforge.fml.VersionChecker/]: [biomancy] Found status: BETA Current: 2.8.19.0 Target: 2.8.19.0
[04Apr2025 22:19:55.374] [Forge Version Check/INFO] [net.minecraftforge.fml.VersionChecker/]: [framework] Starting version check at https://mrcrayfish.com/modupdatejson?id=framework
[04Apr2025 22:19:55.377] [main/INFO] [Supplementaries/]: Finished mod setup in: [49, 2, 0, 0, 0, 0, 13, 9, 3] ms
[04Apr2025 22:19:55.411] [modloading-worker-0/INFO] [CPM/]: Customizable Player Models API initialized: Loaded plugins: (0)

[04Apr2025 22:19:55.414] [modloading-worker-0/INFO] [io.redspace.ironsspellbooks.IronsSpellbooks/]: Got IMC []
[04Apr2025 22:19:55.614] [main/ERROR] [net.minecraft.Util/]: Entity illageandspillage:bone has no attributes
[04Apr2025 22:19:55.614] [main/ERROR] [net.minecraft.Util/]: Entity illageandspillage:axe has no attributes
[04Apr2025 22:19:55.615] [main/ERROR] [net.minecraft.Util/]: Entity illageandspillage:bone has no attributes
[04Apr2025 22:19:55.615] [main/ERROR] [net.minecraft.Util/]: Entity illageandspillage:axe has no attributes
[04Apr2025 22:19:55.616] [main/ERROR] [net.minecraft.Util/]: Entity illageandspillage:bone has no attributes
[04Apr2025 22:19:55.616] [main/ERROR] [net.minecraft.Util/]: Entity illageandspillage:axe has no attributes
[04Apr2025 22:19:55.616] [main/ERROR] [net.minecraft.Util/]: Entity illageandspillage:bone has no attributes
[04Apr2025 22:19:55.617] [main/ERROR] [net.minecraft.Util/]: Entity illageandspillage:axe has no attributes
[04Apr2025 22:19:55.617] [main/ERROR] [net.minecraft.Util/]: Entity illageandspillage:bone has no attributes
[04Apr2025 22:19:55.617] [main/ERROR] [net.minecraft.Util/]: Entity illageandspillage:axe has no attributes
[04Apr2025 22:19:55.618] [main/ERROR] [net.minecraft.Util/]: Entity illageandspillage:bone has no attributes
[04Apr2025 22:19:55.618] [main/ERROR] [net.minecraft.Util/]: Entity illageandspillage:axe has no attributes
[04Apr2025 22:19:55.618] [main/ERROR] [net.minecraft.Util/]: Entity illageandspillage:bone has no attributes
[04Apr2025 22:19:55.619] [main/ERROR] [net.minecraft.Util/]: Entity illageandspillage:axe has no attributes
[04Apr2025 22:19:55.619] [main/ERROR] [net.minecraft.Util/]: Entity illageandspillage:bone has no attributes
[04Apr2025 22:19:55.619] [main/ERROR] [net.minecraft.Util/]: Entity illageandspillage:axe has no attributes
[04Apr2025 22:19:55.620] [main/ERROR] [net.minecraft.Util/]: Entity illageandspillage:bone has no attributes
[04Apr2025 22:19:55.620] [main/ERROR] [net.minecraft.Util/]: Entity illageandspillage:axe has no attributes
[04Apr2025 22:19:55.620] [main/ERROR] [net.minecraft.Util/]: Entity illageandspillage:bone has no attributes
[04Apr2025 22:19:55.621] [main/ERROR] [net.minecraft.Util/]: Entity illageandspillage:axe has no attributes
[04Apr2025 22:19:55.621] [main/ERROR] [net.minecraft.Util/]: Entity illageandspillage:bone has no attributes
[04Apr2025 22:19:55.621] [main/ERROR] [net.minecraft.Util/]: Entity illageandspillage:axe has no attributes
[04Apr2025 22:19:55.621] [main/ERROR] [net.minecraft.Util/]: Entity illageandspillage:bone has no attributes
[04Apr2025 22:19:55.622] [main/ERROR] [net.minecraft.Util/]: Entity illageandspillage:axe has no attributes
[04Apr2025 22:19:55.622] [main/ERROR] [net.minecraft.Util/]: Entity illageandspillage:bone has no attributes
[04Apr2025 22:19:55.622] [main/ERROR] [net.minecraft.Util/]: Entity illageandspillage:axe has no attributes
[04Apr2025 22:19:55.622] [main/ERROR] [net.minecraft.Util/]: Entity illageandspillage:bone has no attributes
[04Apr2025 22:19:55.623] [main/ERROR] [net.minecraft.Util/]: Entity illageandspillage:axe has no attributes
[04Apr2025 22:19:55.623] [main/ERROR] [net.minecraft.Util/]: Entity illageandspillage:bone has no attributes
[04Apr2025 22:19:55.623] [main/ERROR] [net.minecraft.Util/]: Entity illageandspillage:axe has no attributes
[04Apr2025 22:19:55.624] [main/ERROR] [net.minecraft.Util/]: Entity illageandspillage:bone has no attributes
[04Apr2025 22:19:55.624] [main/ERROR] [net.minecraft.Util/]: Entity illageandspillage:axe has no attributes
[04Apr2025 22:19:55.624] [main/ERROR] [net.minecraft.Util/]: Entity illageandspillage:bone has no attributes
[04Apr2025 22:19:55.625] [main/ERROR] [net.minecraft.Util/]: Entity illageandspillage:axe has no attributes
[04Apr2025 22:19:55.625] [main/ERROR] [net.minecraft.Util/]: Entity illageandspillage:bone has no attributes
[04Apr2025 22:19:55.625] [main/ERROR] [net.minecraft.Util/]: Entity illageandspillage:axe has no attributes
[04Apr2025 22:19:55.626] [main/ERROR] [net.minecraft.Util/]: Entity illageandspillage:bone has no attributes
[04Apr2025 22:19:55.626] [main/ERROR] [net.minecraft.Util/]: Entity illageandspillage:axe has no attributes
[04Apr2025 22:19:55.626] [main/ERROR] [net.minecraft.Util/]: Entity illageandspillage:bone has no attributes
[04Apr2025 22:19:55.627] [main/ERROR] [net.minecraft.Util/]: Entity illageandspillage:axe has no attributes
[04Apr2025 22:19:55.627] [main/ERROR] [net.minecraft.Util/]: Entity illageandspillage:bone has no attributes
[04Apr2025 22:19:55.627] [main/ERROR] [net.minecraft.Util/]: Entity illageandspillage:axe has no attributes
[04Apr2025 22:19:55.628] [main/ERROR] [net.minecraft.Util/]: Entity illageandspillage:bone has no attributes
[04Apr2025 22:19:55.628] [main/ERROR] [net.minecraft.Util/]: Entity illageandspillage:axe has no attributes
[04Apr2025 22:19:55.628] [main/ERROR] [net.minecraft.Util/]: Entity illageandspillage:bone has no attributes
[04Apr2025 22:19:55.628] [main/ERROR] [net.minecraft.Util/]: Entity illageandspillage:axe has no attributes
[04Apr2025 22:19:55.629] [main/ERROR] [net.minecraft.Util/]: Entity illageandspillage:bone has no attributes
[04Apr2025 22:19:55.629] [main/ERROR] [net.minecraft.Util/]: Entity illageandspillage:axe has no attributes
[04Apr2025 22:19:55.629] [main/ERROR] [net.minecraft.Util/]: Entity illageandspillage:bone has no attributes
[04Apr2025 22:19:55.630] [main/ERROR] [net.minecraft.Util/]: Entity illageandspillage:axe has no attributes
[04Apr2025 22:19:55.630] [main/ERROR] [net.minecraft.Util/]: Entity illageandspillage:bone has no attributes
[04Apr2025 22:19:55.630] [main/ERROR] [net.minecraft.Util/]: Entity illageandspillage:axe has no attributes
[04Apr2025 22:19:55.631] [main/ERROR] [net.minecraft.Util/]: Entity illageandspillage:bone has no attributes
[04Apr2025 22:19:55.631] [main/ERROR] [net.minecraft.Util/]: Entity illageandspillage:axe has no attributes
[04Apr2025 22:19:55.631] [main/ERROR] [net.minecraft.Util/]: Entity illageandspillage:bone has no attributes
[04Apr2025 22:19:55.631] [main/ERROR] [net.minecraft.Util/]: Entity illageandspillage:axe has no attributes
[04Apr2025 22:19:55.632] [main/ERROR] [net.minecraft.Util/]: Entity illageandspillage:bone has no attributes
[04Apr2025 22:19:55.632] [main/ERROR] [net.minecraft.Util/]: Entity illageandspillage:axe has no attributes
[04Apr2025 22:19:55.632] [main/ERROR] [net.minecraft.Util/]: Entity illageandspillage:bone has no attributes
[04Apr2025 22:19:55.633] [main/ERROR] [net.minecraft.Util/]: Entity illageandspillage:axe has no attributes
[04Apr2025 22:19:55.634] [main/ERROR] [net.minecraft.Util/]: Entity illageandspillage:bone has no attributes
[04Apr2025 22:19:55.634] [main/ERROR] [net.minecraft.Util/]: Entity illageandspillage:axe has no attributes
[04Apr2025 22:19:55.634] [main/ERROR] [net.minecraft.Util/]: Entity illageandspillage:bone has no attributes
[04Apr2025 22:19:55.635] [main/ERROR] [net.minecraft.Util/]: Entity illageandspillage:axe has no attributes
[04Apr2025 22:19:55.635] [main/ERROR] [net.minecraft.Util/]: Entity illageandspillage:bone has no attributes
[04Apr2025 22:19:55.635] [main/ERROR] [net.minecraft.Util/]: Entity illageandspillage:axe has no attributes
[04Apr2025 22:19:55.636] [main/ERROR] [net.minecraft.Util/]: Entity illageandspillage:bone has no attributes
[04Apr2025 22:19:55.636] [main/ERROR] [net.minecraft.Util/]: Entity illageandspillage:axe has no attributes
[04Apr2025 22:19:55.636] [main/ERROR] [net.minecraft.Util/]: Entity illageandspillage:bone has no attributes
[04Apr2025 22:19:55.636] [main/ERROR] [net.minecraft.Util/]: Entity illageandspillage:axe has no attributes
[04Apr2025 22:19:55.637] [main/ERROR] [net.minecraft.Util/]: Entity illageandspillage:bone has no attributes
[04Apr2025 22:19:55.637] [main/ERROR] [net.minecraft.Util/]: Entity illageandspillage:axe has no attributes
[04Apr2025 22:19:55.637] [main/ERROR] [net.minecraft.Util/]: Entity illageandspillage:bone has no attributes
[04Apr2025 22:19:55.638] [main/ERROR] [net.minecraft.Util/]: Entity illageandspillage:axe has no attributes
[04Apr2025 22:19:55.638] [main/ERROR] [net.minecraft.Util/]: Entity illageandspillage:bone has no attributes
[04Apr2025 22:19:55.640] [main/ERROR] [net.minecraft.Util/]: Entity illageandspillage:axe has no attributes
[04Apr2025 22:19:55.640] [main/ERROR] [net.minecraft.Util/]: Entity illageandspillage:bone has no attributes
[04Apr2025 22:19:55.640] [main/ERROR] [net.minecraft.Util/]: Entity illageandspillage:axe has no attributes
[04Apr2025 22:19:55.640] [main/ERROR] [net.minecraft.Util/]: Entity illageandspillage:bone has no attributes
[04Apr2025 22:19:55.640] [main/ERROR] [net.minecraft.Util/]: Entity illageandspillage:axe has no attributes
[04Apr2025 22:19:55.641] [main/ERROR] [net.minecraft.Util/]: Entity illageandspillage:bone has no attributes
[04Apr2025 22:19:55.641] [main/ERROR] [net.minecraft.Util/]: Entity illageandspillage:axe has no attributes
[04Apr2025 22:19:55.641] [main/ERROR] [net.minecraft.Util/]: Entity illageandspillage:bone has no attributes
[04Apr2025 22:19:55.641] [main/ERROR] [net.minecraft.Util/]: Entity illageandspillage:axe has no attributes
[04Apr2025 22:19:55.641] [main/ERROR] [net.minecraft.Util/]: Entity illageandspillage:bone has no attributes
[04Apr2025 22:19:55.641] [main/ERROR] [net.minecraft.Util/]: Entity illageandspillage:axe has no attributes
[04Apr2025 22:19:55.642] [main/ERROR] [net.minecraft.Util/]: Entity illageandspillage:bone has no attributes
[04Apr2025 22:19:55.642] [main/ERROR] [net.minecraft.Util/]: Entity illageandspillage:axe has no attributes
[04Apr2025 22:19:55.644] [main/ERROR] [net.minecraft.Util/]: Entity illageandspillage:bone has no attributes
[04Apr2025 22:19:55.644] [main/ERROR] [net.minecraft.Util/]: Entity illageandspillage:axe has no attributes
[04Apr2025 22:19:55.650] [main/ERROR] [net.minecraft.Util/]: Entity illageandspillage:bone has no attributes
[04Apr2025 22:19:55.651] [main/ERROR] [net.minecraft.Util/]: Entity illageandspillage:axe has no attributes
[04Apr2025 22:19:55.653] [main/ERROR] [net.minecraft.Util/]: Entity illageandspillage:bone has no attributes
[04Apr2025 22:19:55.653] [main/ERROR] [net.minecraft.Util/]: Entity illageandspillage:axe has no attributes
[04Apr2025 22:19:55.654] [main/ERROR] [net.minecraft.Util/]: Entity illageandspillage:bone has no attributes
[04Apr2025 22:19:55.654] [main/ERROR] [net.minecraft.Util/]: Entity illageandspillage:axe has no attributes
[04Apr2025 22:19:55.655] [main/ERROR] [net.minecraft.Util/]: Entity illageandspillage:bone has no attributes
[04Apr2025 22:19:55.655] [main/ERROR] [net.minecraft.Util/]: Entity illageandspillage:axe has no attributes
[04Apr2025 22:19:55.656] [main/ERROR] [net.minecraft.Util/]: Entity illageandspillage:bone has no attributes
[04Apr2025 22:19:55.656] [main/ERROR] [net.minecraft.Util/]: Entity illageandspillage:axe has no attributes
[04Apr2025 22:19:55.657] [main/ERROR] [net.minecraft.Util/]: Entity illageandspillage:bone has no attributes
[04Apr2025 22:19:55.657] [main/ERROR] [net.minecraft.Util/]: Entity illageandspillage:axe has no attributes
[04Apr2025 22:19:55.658] [main/ERROR] [net.minecraft.Util/]: Entity illageandspillage:bone has no attributes
[04Apr2025 22:19:55.658] [main/ERROR] [net.minecraft.Util/]: Entity illageandspillage:axe has no attributes
[04Apr2025 22:19:55.659] [main/ERROR] [net.minecraft.Util/]: Entity illageandspillage:bone has no attributes
[04Apr2025 22:19:55.659] [main/ERROR] [net.minecraft.Util/]: Entity illageandspillage:axe has no attributes
[04Apr2025 22:19:55.660] [main/ERROR] [net.minecraft.Util/]: Entity illageandspillage:bone has no attributes
[04Apr2025 22:19:55.660] [main/ERROR] [net.minecraft.Util/]: Entity illageandspillage:axe has no attributes
[04Apr2025 22:19:55.660] [main/ERROR] [net.minecraft.Util/]: Entity illageandspillage:bone has no attributes
[04Apr2025 22:19:55.661] [main/ERROR] [net.minecraft.Util/]: Entity illageandspillage:axe has no attributes
[04Apr2025 22:19:55.662] [main/ERROR] [net.minecraft.Util/]: Entity illageandspillage:bone has no attributes
[04Apr2025 22:19:55.662] [main/ERROR] [net.minecraft.Util/]: Entity illageandspillage:axe has no attributes
[04Apr2025 22:19:55.662] [main/ERROR] [net.minecraft.Util/]: Entity illageandspillage:bone has no attributes
[04Apr2025 22:19:55.663] [main/ERROR] [net.minecraft.Util/]: Entity illageandspillage:axe has no attributes
[04Apr2025 22:19:55.663] [main/ERROR] [net.minecraft.Util/]: Entity illageandspillage:bone has no attributes
[04Apr2025 22:19:55.663] [main/ERROR] [net.minecraft.Util/]: Entity illageandspillage:axe has no attributes
[04Apr2025 22:19:55.664] [main/ERROR] [net.minecraft.Util/]: Entity illageandspillage:bone has no attributes
[04Apr2025 22:19:55.664] [main/ERROR] [net.minecraft.Util/]: Entity illageandspillage:axe has no attributes
[04Apr2025 22:19:55.664] [main/ERROR] [net.minecraft.Util/]: Entity illageandspillage:bone has no attributes
[04Apr2025 22:19:55.664] [main/ERROR] [net.minecraft.Util/]: Entity illageandspillage:axe has no attributes
[04Apr2025 22:19:55.665] [main/ERROR] [net.minecraft.Util/]: Entity illageandspillage:bone has no attributes
[04Apr2025 22:19:55.665] [main/ERROR] [net.minecraft.Util/]: Entity illageandspillage:axe has no attributes
[04Apr2025 22:19:55.665] [main/ERROR] [net.minecraft.Util/]: Entity illageandspillage:bone has no attributes
[04Apr2025 22:19:55.666] [main/ERROR] [net.minecraft.Util/]: Entity illageandspillage:axe has no attributes
[04Apr2025 22:19:55.666] [main/ERROR] [net.minecraft.Util/]: Entity illageandspillage:bone has no attributes
[04Apr2025 22:19:55.666] [main/ERROR] [net.minecraft.Util/]: Entity illageandspillage:axe has no attributes
[04Apr2025 22:19:55.666] [main/ERROR] [net.minecraft.Util/]: Entity illageandspillage:bone has no attributes
[04Apr2025 22:19:55.667] [main/ERROR] [net.minecraft.Util/]: Entity illageandspillage:axe has no attributes
[04Apr2025 22:19:55.670] [main/ERROR] [net.minecraft.Util/]: Entity illageandspillage:bone has no attributes
[04Apr2025 22:19:55.670] [main/ERROR] [net.minecraft.Util/]: Entity illageandspillage:axe has no attributes
[04Apr2025 22:19:55.670] [main/ERROR] [net.minecraft.Util/]: Entity illageandspillage:bone has no attributes
[04Apr2025 22:19:55.670] [main/ERROR] [net.minecraft.Util/]: Entity illageandspillage:axe has no attributes
[04Apr2025 22:19:55.670] [main/ERROR] [net.minecraft.Util/]: Entity illageandspillage:bone has no attributes
[04Apr2025 22:19:55.670] [main/ERROR] [net.minecraft.Util/]: Entity illageandspillage:axe has no attributes
[04Apr2025 22:19:55.671] [main/ERROR] [net.minecraft.Util/]: Entity illageandspillage:bone has no attributes
[04Apr2025 22:19:55.671] [main/ERROR] [net.minecraft.Util/]: Entity illageandspillage:axe has no attributes
[04Apr2025 22:19:55.671] [main/ERROR] [net.minecraft.Util/]: Entity illageandspillage:bone has no attributes
[04Apr2025 22:19:55.671] [main/ERROR] [net.minecraft.Util/]: Entity illageandspillage:axe has no attributes
[04Apr2025 22:19:55.671] [main/ERROR] [net.minecraft.Util/]: Entity illageandspillage:bone has no attributes
[04Apr2025 22:19:55.671] [main/ERROR] [net.minecraft.Util/]: Entity illageandspillage:axe has no attributes
[04Apr2025 22:19:55.672] [main/ERROR] [net.minecraft.Util/]: Entity illageandspillage:bone has no attributes
[04Apr2025 22:19:55.672] [main/ERROR] [net.minecraft.Util/]: Entity illageandspillage:axe has no attributes
[04Apr2025 22:19:55.672] [main/ERROR] [net.minecraft.Util/]: Entity illageandspillage:bone has no attributes
[04Apr2025 22:19:55.672] [main/ERROR] [net.minecraft.Util/]: Entity illageandspillage:axe has no attributes
[04Apr2025 22:19:55.672] [main/ERROR] [net.minecraft.Util/]: Entity illageandspillage:bone has no attributes
[04Apr2025 22:19:55.672] [main/ERROR] [net.minecraft.Util/]: Entity illageandspillage:axe has no attributes
[04Apr2025 22:19:55.674] [main/ERROR] [net.minecraft.Util/]: Entity illageandspillage:bone has no attributes
[04Apr2025 22:19:55.674] [main/ERROR] [net.minecraft.Util/]: Entity illageandspillage:axe has no attributes
[04Apr2025 22:19:55.675] [main/ERROR] [net.minecraft.Util/]: Entity illageandspillage:bone has no attributes
[04Apr2025 22:19:55.675] [main/ERROR] [net.minecraft.Util/]: Entity illageandspillage:axe has no attributes
[04Apr2025 22:19:55.676] [main/ERROR] [net.minecraft.Util/]: Entity illageandspillage:bone has no attributes
[04Apr2025 22:19:55.676] [main/ERROR] [net.minecraft.Util/]: Entity illageandspillage:axe has no attributes
[04Apr2025 22:19:55.677] [main/ERROR] [net.minecraft.Util/]: Entity illageandspillage:bone has no attributes
[04Apr2025 22:19:55.677] [main/ERROR] [net.minecraft.Util/]: Entity illageandspillage:axe has no attributes
[04Apr2025 22:19:55.678] [main/ERROR] [net.minecraft.Util/]: Entity illageandspillage:bone has no attributes
[04Apr2025 22:19:55.678] [main/ERROR] [net.minecraft.Util/]: Entity illageandspillage:axe has no attributes
[04Apr2025 22:19:55.678] [main/ERROR] [net.minecraft.Util/]: Entity illageandspillage:bone has no attributes
[04Apr2025 22:19:55.679] [main/ERROR] [net.minecraft.Util/]: Entity illageandspillage:axe has no attributes
[04Apr2025 22:19:55.679] [main/ERROR] [net.minecraft.Util/]: Entity illageandspillage:bone has no attributes
[04Apr2025 22:19:55.679] [main/ERROR] [net.minecraft.Util/]: Entity illageandspillage:axe has no attributes
[04Apr2025 22:19:55.680] [main/ERROR] [net.minecraft.Util/]: Entity illageandspillage:bone has no attributes
[04Apr2025 22:19:55.680] [main/ERROR] [net.minecraft.Util/]: Entity illageandspillage:axe has no attributes
[04Apr2025 22:19:55.680] [main/ERROR] [net.minecraft.Util/]: Entity illageandspillage:bone has no attributes
[04Apr2025 22:19:55.681] [main/ERROR] [net.minecraft.Util/]: Entity illageandspillage:axe has no attributes
[04Apr2025 22:19:55.681] [main/ERROR] [net.minecraft.Util/]: Entity illageandspillage:bone has no attributes
[04Apr2025 22:19:55.682] [main/ERROR] [net.minecraft.Util/]: Entity illageandspillage:axe has no attributes
[04Apr2025 22:19:55.682] [main/ERROR] [net.minecraft.Util/]: Entity illageandspillage:bone has no attributes
[04Apr2025 22:19:55.683] [main/ERROR] [net.minecraft.Util/]: Entity illageandspillage:axe has no attributes
[04Apr2025 22:19:55.756] [Forge Version Check/INFO] [net.minecraftforge.fml.VersionChecker/]: [framework] Found status: BETA Current: 0.7.12 Target: 0.7.12
[04Apr2025 22:19:55.759] [Forge Version Check/INFO] [net.minecraftforge.fml.VersionChecker/]: [copycats] Starting version check at https://raw.githubusercontent.com/copycats-plus/copycats/multiloader/update.json
[04Apr2025 22:19:55.796] [Forge Version Check/INFO] [net.minecraftforge.fml.VersionChecker/]: [copycats] Found status: AHEAD Current: 2.2.0+mc.1.20.1-forge Target: null
[04Apr2025 22:19:55.797] [Forge Version Check/INFO] [net.minecraftforge.fml.VersionChecker/]: [visualworkbench] Starting version check at https://raw.githubusercontent.com/Fuzss/modresources/main/update/visualworkbench.json
[04Apr2025 22:19:55.808] [Forge Version Check/INFO] [net.minecraftforge.fml.VersionChecker/]: [visualworkbench] Found status: UP_TO_DATE Current: 8.0.0 Target: null
[04Apr2025 22:19:55.809] [Forge Version Check/INFO] [net.minecraftforge.fml.VersionChecker/]: [goblintraders] Starting version check at https://mrcrayfish.com/modupdatejson?id=goblintraders
[04Apr2025 22:19:56.182] [Forge Version Check/INFO] [net.minecraftforge.fml.VersionChecker/]: [goblintraders] Found status: BETA Current: 1.9.3 Target: 1.9.3
[04Apr2025 22:19:56.182] [Forge Version Check/INFO] [net.minecraftforge.fml.VersionChecker/]: [obscure_api] Starting version check at https://raw.githubusercontent.com/ObscuriaLithium/Home/main/obscure_api/versions.json
[04Apr2025 22:19:56.192] [Forge Version Check/WARN] [net.minecraftforge.fml.VersionChecker/]: Failed to process update information
com.google.gson.JsonSyntaxException: java.lang.IllegalStateException: Expected BEGIN_OBJECT but was NUMBER at line 1 column 4 path $
	at com.google.gson.Gson.fromJson(Gson.java:1226) ~[gson-2.10.jar%2372!/:?]
	at com.google.gson.Gson.fromJson(Gson.java:1124) ~[gson-2.10.jar%2372!/:?]
	at com.google.gson.Gson.fromJson(Gson.java:1034) ~[gson-2.10.jar%2372!/:?]
	at com.google.gson.Gson.fromJson(Gson.java:969) ~[gson-2.10.jar%2372!/:?]
	at net.minecraftforge.fml.VersionChecker$1.process(VersionChecker.java:183) ~[fmlcore-1.20.1-47.3.7.jar%23366!/:?]
	at java.lang.Iterable.forEach(Iterable.java:75) ~[?:?]
	at net.minecraftforge.fml.VersionChecker$1.run(VersionChecker.java:114) ~[fmlcore-1.20.1-47.3.7.jar%23366!/:?]
Caused by: java.lang.IllegalStateException: Expected BEGIN_OBJECT but was NUMBER at line 1 column 4 path $
	at com.google.gson.stream.JsonReader.beginObject(JsonReader.java:393) ~[gson-2.10.jar%2372!/:?]
	at com.google.gson.internal.bind.MapTypeAdapterFactory$Adapter.read(MapTypeAdapterFactory.java:182) ~[gson-2.10.jar%2372!/:?]
	at com.google.gson.internal.bind.MapTypeAdapterFactory$Adapter.read(MapTypeAdapterFactory.java:144) ~[gson-2.10.jar%2372!/:?]
	at com.google.gson.Gson.fromJson(Gson.java:1214) ~[gson-2.10.jar%2372!/:?]
	... 6 more
[04Apr2025 22:19:56.194] [Forge Version Check/INFO] [net.minecraftforge.fml.VersionChecker/]: [journeymap] Starting version check at https://forge.curseupdate.com/32274/journeymap
[04Apr2025 22:19:56.291] [Forge Version Check/INFO] [net.minecraftforge.fml.VersionChecker/]: [journeymap] Found status: UP_TO_DATE Current: 5.10.3 Target: null
[04Apr2025 22:19:56.291] [Forge Version Check/INFO] [net.minecraftforge.fml.VersionChecker/]: [cpm] Starting version check at https://raw.githubusercontent.com/tom5454/CustomPlayerModels/master/version-check.json
[04Apr2025 22:19:56.339] [Forge Version Check/INFO] [net.minecraftforge.fml.VersionChecker/]: [cpm] Found status: BETA Current: 0.6.21a Target: 0.6.21a
[04Apr2025 22:19:56.340] [Forge Version Check/INFO] [net.minecraftforge.fml.VersionChecker/]: [create_curios_backtank] Starting version check at https://github.com/Donne431/update-files/raw/refs/heads/main/create_curios_backtank.json
[04Apr2025 22:19:56.510] [Forge Version Check/INFO] [net.minecraftforge.fml.VersionChecker/]: [create_curios_backtank] Found status: UP_TO_DATE Current: 1.0.1 Target: null
[04Apr2025 22:19:56.511] [Forge Version Check/INFO] [net.minecraftforge.fml.VersionChecker/]: [puzzlesaccessapi] Starting version check at https://raw.githubusercontent.com/Fuzss/modresources/main/update/puzzlesaccessapi.json
[04Apr2025 22:19:56.521] [Forge Version Check/INFO] [net.minecraftforge.fml.VersionChecker/]: [puzzlesaccessapi] Found status: BETA Current: 8.0.7 Target: null
[04Apr2025 22:19:56.521] [Forge Version Check/INFO] [net.minecraftforge.fml.VersionChecker/]: [forge] Starting version check at https://files.minecraftforge.net/net/minecraftforge/forge/promotions_slim.json
[04Apr2025 22:19:56.718] [Forge Version Check/INFO] [net.minecraftforge.fml.VersionChecker/]: [forge] Found status: OUTDATED Current: 47.3.7 Target: 47.4.0
[04Apr2025 22:19:56.718] [Forge Version Check/INFO] [net.minecraftforge.fml.VersionChecker/]: [voicechat] Starting version check at https://update.maxhenkel.de/forge/voicechat
[04Apr2025 22:19:57.236] [Forge Version Check/INFO] [net.minecraftforge.fml.VersionChecker/]: [voicechat] Found status: OUTDATED Current: 1.20.1-2.5.26 Target: 1.20.1-2.5.29
[04Apr2025 22:19:57.237] [Forge Version Check/INFO] [net.minecraftforge.fml.VersionChecker/]: [moonlight] Starting version check at https://raw.githubusercontent.com/MehVahdJukaar/Moonlight/multi-loader/forge/update.json
[04Apr2025 22:19:57.258] [Forge Version Check/INFO] [net.minecraftforge.fml.VersionChecker/]: [moonlight] Found status: BETA Current: 1.20-2.13.71 Target: null
[04Apr2025 22:19:57.258] [Forge Version Check/INFO] [net.minecraftforge.fml.VersionChecker/]: [flywheel] Starting version check at https://api.modrinth.com/updates/flywheel/forge_updates.json
[04Apr2025 22:19:57.293] [Forge Version Check/INFO] [net.minecraftforge.fml.VersionChecker/]: [flywheel] Found status: BETA Current: 0.6.11-13 Target: null
[04Apr2025 22:19:57.293] [Forge Version Check/INFO] [net.minecraftforge.fml.VersionChecker/]: [gravestone] Starting version check at https://update.maxhenkel.de/forge/gravestone
[04Apr2025 22:19:57.394] [Forge Version Check/INFO] [net.minecraftforge.fml.VersionChecker/]: [gravestone] Found status: AHEAD Current: 1.20.1-1.0.24 Target: null
[04Apr2025 22:19:57.394] [Forge Version Check/INFO] [net.minecraftforge.fml.VersionChecker/]: [securitycraft] Starting version check at https://www.github.com/Geforce132/SecurityCraft/raw/master/Updates/Forge.json
[04Apr2025 22:19:57.470] [Forge Version Check/INFO] [net.minecraftforge.fml.VersionChecker/]: [securitycraft] Found status: UP_TO_DATE Current: 1.9.12 Target: null
[04Apr2025 22:19:57.470] [Forge Version Check/INFO] [net.minecraftforge.fml.VersionChecker/]: [supplementaries] Starting version check at https://raw.githubusercontent.com/MehVahdJukaar/Supplementaries/1.20/forge/update.json
[04Apr2025 22:19:57.482] [Forge Version Check/INFO] [net.minecraftforge.fml.VersionChecker/]: [supplementaries] Found status: BETA Current: 1.20-3.1.18 Target: null
[04Apr2025 22:19:57.482] [Forge Version Check/INFO] [net.minecraftforge.fml.VersionChecker/]: [puzzleslib] Starting version check at https://raw.githubusercontent.com/Fuzss/modresources/main/update/puzzleslib.json
[04Apr2025 22:19:57.494] [Forge Version Check/INFO] [net.minecraftforge.fml.VersionChecker/]: [puzzleslib] Found status: OUTDATED Current: 8.1.25 Target: 8.1.29
[04Apr2025 22:19:57.494] [Forge Version Check/INFO] [net.minecraftforge.fml.VersionChecker/]: [aquamirae] Starting version check at https://raw.githubusercontent.com/ObscuriaLithium/Home/main/aquamirae/versions.json
[04Apr2025 22:19:57.506] [Forge Version Check/WARN] [net.minecraftforge.fml.VersionChecker/]: Failed to process update information
com.google.gson.JsonSyntaxException: java.lang.IllegalStateException: Expected BEGIN_OBJECT but was NUMBER at line 1 column 4 path $
	at com.google.gson.Gson.fromJson(Gson.java:1226) ~[gson-2.10.jar%2372!/:?]
	at com.google.gson.Gson.fromJson(Gson.java:1124) ~[gson-2.10.jar%2372!/:?]
	at com.google.gson.Gson.fromJson(Gson.java:1034) ~[gson-2.10.jar%2372!/:?]
	at com.google.gson.Gson.fromJson(Gson.java:969) ~[gson-2.10.jar%2372!/:?]
	at net.minecraftforge.fml.VersionChecker$1.process(VersionChecker.java:183) ~[fmlcore-1.20.1-47.3.7.jar%23366!/:?]
	at java.lang.Iterable.forEach(Iterable.java:75) ~[?:?]
	at net.minecraftforge.fml.VersionChecker$1.run(VersionChecker.java:114) ~[fmlcore-1.20.1-47.3.7.jar%23366!/:?]
Caused by: java.lang.IllegalStateException: Expected BEGIN_OBJECT but was NUMBER at line 1 column 4 path $
	at com.google.gson.stream.JsonReader.beginObject(JsonReader.java:393) ~[gson-2.10.jar%2372!/:?]
	at com.google.gson.internal.bind.MapTypeAdapterFactory$Adapter.read(MapTypeAdapterFactory.java:182) ~[gson-2.10.jar%2372!/:?]
	at com.google.gson.internal.bind.MapTypeAdapterFactory$Adapter.read(MapTypeAdapterFactory.java:144) ~[gson-2.10.jar%2372!/:?]
	at com.google.gson.Gson.fromJson(Gson.java:1214) ~[gson-2.10.jar%2372!/:?]
	... 6 more
[04Apr2025 22:20:04.646] [main/INFO] [com.mojang.authlib.yggdrasil.YggdrasilAuthenticationService/]: Environment: authHost='https://authserver.mojang.com', accountsHost='https://api.mojang.com', sessionHost='https://sessionserver.mojang.com', servicesHost='https://api.minecraftservices.com', name='PROD'
[04Apr2025 22:20:04.843] [main/ERROR] [net.minecraft.Util/]: Entity illageandspillage:bone has no attributes
[04Apr2025 22:20:04.843] [main/ERROR] [net.minecraft.Util/]: Entity illageandspillage:axe has no attributes
[04Apr2025 22:20:04.843] [main/ERROR] [net.minecraft.Util/]: Entity illageandspillage:bone has no attributes
[04Apr2025 22:20:04.843] [main/ERROR] [net.minecraft.Util/]: Entity illageandspillage:axe has no attributes
[04Apr2025 22:20:04.844] [main/ERROR] [net.minecraft.Util/]: Entity illageandspillage:bone has no attributes
[04Apr2025 22:20:04.844] [main/ERROR] [net.minecraft.Util/]: Entity illageandspillage:axe has no attributes
[04Apr2025 22:20:04.844] [main/ERROR] [net.minecraft.Util/]: Entity illageandspillage:bone has no attributes
[04Apr2025 22:20:04.844] [main/ERROR] [net.minecraft.Util/]: Entity illageandspillage:axe has no attributes
[04Apr2025 22:20:04.844] [main/ERROR] [net.minecraft.Util/]: Entity illageandspillage:bone has no attributes
[04Apr2025 22:20:04.844] [main/ERROR] [net.minecraft.Util/]: Entity illageandspillage:axe has no attributes
[04Apr2025 22:20:04.844] [main/ERROR] [net.minecraft.Util/]: Entity illageandspillage:bone has no attributes
[04Apr2025 22:20:04.844] [main/ERROR] [net.minecraft.Util/]: Entity illageandspillage:axe has no attributes
[04Apr2025 22:20:04.845] [main/ERROR] [net.minecraft.Util/]: Entity illageandspillage:bone has no attributes
[04Apr2025 22:20:04.845] [main/ERROR] [net.minecraft.Util/]: Entity illageandspillage:axe has no attributes
[04Apr2025 22:20:04.845] [main/ERROR] [net.minecraft.Util/]: Entity illageandspillage:bone has no attributes
[04Apr2025 22:20:04.845] [main/ERROR] [net.minecraft.Util/]: Entity illageandspillage:axe has no attributes
[04Apr2025 22:20:04.845] [main/ERROR] [net.minecraft.Util/]: Entity illageandspillage:bone has no attributes
[04Apr2025 22:20:04.845] [main/ERROR] [net.minecraft.Util/]: Entity illageandspillage:axe has no attributes
[04Apr2025 22:20:04.845] [main/ERROR] [net.minecraft.Util/]: Entity illageandspillage:bone has no attributes
[04Apr2025 22:20:04.845] [main/ERROR] [net.minecraft.Util/]: Entity illageandspillage:axe has no attributes
[04Apr2025 22:20:04.846] [main/ERROR] [net.minecraft.Util/]: Entity illageandspillage:bone has no attributes
[04Apr2025 22:20:04.846] [main/ERROR] [net.minecraft.Util/]: Entity illageandspillage:axe has no attributes
[04Apr2025 22:20:04.846] [main/ERROR] [net.minecraft.Util/]: Entity illageandspillage:bone has no attributes
[04Apr2025 22:20:04.846] [main/ERROR] [net.minecraft.Util/]: Entity illageandspillage:axe has no attributes
[04Apr2025 22:20:04.846] [main/ERROR] [net.minecraft.Util/]: Entity illageandspillage:bone has no attributes
[04Apr2025 22:20:04.846] [main/ERROR] [net.minecraft.Util/]: Entity illageandspillage:axe has no attributes
[04Apr2025 22:20:04.846] [main/ERROR] [net.minecraft.Util/]: Entity illageandspillage:bone has no attributes
[04Apr2025 22:20:04.846] [main/ERROR] [net.minecraft.Util/]: Entity illageandspillage:axe has no attributes
[04Apr2025 22:20:04.846] [main/ERROR] [net.minecraft.Util/]: Entity illageandspillage:bone has no attributes
[04Apr2025 22:20:04.846] [main/ERROR] [net.minecraft.Util/]: Entity illageandspillage:axe has no attributes
[04Apr2025 22:20:04.847] [main/ERROR] [net.minecraft.Util/]: Entity illageandspillage:bone has no attributes
[04Apr2025 22:20:04.847] [main/ERROR] [net.minecraft.Util/]: Entity illageandspillage:axe has no attributes
[04Apr2025 22:20:04.847] [main/ERROR] [net.minecraft.Util/]: Entity illageandspillage:bone has no attributes
[04Apr2025 22:20:04.847] [main/ERROR] [net.minecraft.Util/]: Entity illageandspillage:axe has no attributes
[04Apr2025 22:20:04.847] [main/ERROR] [net.minecraft.Util/]: Entity illageandspillage:bone has no attributes
[04Apr2025 22:20:04.847] [main/ERROR] [net.minecraft.Util/]: Entity illageandspillage:axe has no attributes
[04Apr2025 22:20:04.847] [main/ERROR] [net.minecraft.Util/]: Entity illageandspillage:bone has no attributes
[04Apr2025 22:20:04.847] [main/ERROR] [net.minecraft.Util/]: Entity illageandspillage:axe has no attributes
[04Apr2025 22:20:04.847] [main/ERROR] [net.minecraft.Util/]: Entity illageandspillage:bone has no attributes
[04Apr2025 22:20:04.847] [main/ERROR] [net.minecraft.Util/]: Entity illageandspillage:axe has no attributes
[04Apr2025 22:20:04.848] [main/ERROR] [net.minecraft.Util/]: Entity illageandspillage:bone has no attributes
[04Apr2025 22:20:04.848] [main/ERROR] [net.minecraft.Util/]: Entity illageandspillage:axe has no attributes
[04Apr2025 22:20:04.848] [main/ERROR] [net.minecraft.Util/]: Entity illageandspillage:bone has no attributes
[04Apr2025 22:20:04.848] [main/ERROR] [net.minecraft.Util/]: Entity illageandspillage:axe has no attributes
[04Apr2025 22:20:04.848] [main/ERROR] [net.minecraft.Util/]: Entity illageandspillage:bone has no attributes
[04Apr2025 22:20:04.848] [main/ERROR] [net.minecraft.Util/]: Entity illageandspillage:axe has no attributes
[04Apr2025 22:20:04.848] [main/ERROR] [net.minecraft.Util/]: Entity illageandspillage:bone has no attributes
[04Apr2025 22:20:04.848] [main/ERROR] [net.minecraft.Util/]: Entity illageandspillage:axe has no attributes
[04Apr2025 22:20:04.848] [main/ERROR] [net.minecraft.Util/]: Entity illageandspillage:bone has no attributes
[04Apr2025 22:20:04.848] [main/ERROR] [net.minecraft.Util/]: Entity illageandspillage:axe has no attributes
[04Apr2025 22:20:04.849] [main/ERROR] [net.minecraft.Util/]: Entity illageandspillage:bone has no attributes
[04Apr2025 22:20:04.849] [main/ERROR] [net.minecraft.Util/]: Entity illageandspillage:axe has no attributes
[04Apr2025 22:20:04.849] [main/ERROR] [net.minecraft.Util/]: Entity illageandspillage:bone has no attributes
[04Apr2025 22:20:04.849] [main/ERROR] [net.minecraft.Util/]: Entity illageandspillage:axe has no attributes
[04Apr2025 22:20:04.849] [main/ERROR] [net.minecraft.Util/]: Entity illageandspillage:bone has no attributes
[04Apr2025 22:20:04.849] [main/ERROR] [net.minecraft.Util/]: Entity illageandspillage:axe has no attributes
[04Apr2025 22:20:04.849] [main/ERROR] [net.minecraft.Util/]: Entity illageandspillage:bone has no attributes
[04Apr2025 22:20:04.849] [main/ERROR] [net.minecraft.Util/]: Entity illageandspillage:axe has no attributes
[04Apr2025 22:20:04.849] [main/ERROR] [net.minecraft.Util/]: Entity illageandspillage:bone has no attributes
[04Apr2025 22:20:04.849] [main/ERROR] [net.minecraft.Util/]: Entity illageandspillage:axe has no attributes
[04Apr2025 22:20:04.850] [main/ERROR] [net.minecraft.Util/]: Entity illageandspillage:bone has no attributes
[04Apr2025 22:20:04.850] [main/ERROR] [net.minecraft.Util/]: Entity illageandspillage:axe has no attributes
[04Apr2025 22:20:04.850] [main/ERROR] [net.minecraft.Util/]: Entity illageandspillage:bone has no attributes
[04Apr2025 22:20:04.850] [main/ERROR] [net.minecraft.Util/]: Entity illageandspillage:axe has no attributes
[04Apr2025 22:20:04.850] [main/ERROR] [net.minecraft.Util/]: Entity illageandspillage:bone has no attributes
[04Apr2025 22:20:04.850] [main/ERROR] [net.minecraft.Util/]: Entity illageandspillage:axe has no attributes
[04Apr2025 22:20:04.850] [main/ERROR] [net.minecraft.Util/]: Entity illageandspillage:bone has no attributes
[04Apr2025 22:20:04.850] [main/ERROR] [net.minecraft.Util/]: Entity illageandspillage:axe has no attributes
[04Apr2025 22:20:04.851] [main/ERROR] [net.minecraft.Util/]: Entity illageandspillage:bone has no attributes
[04Apr2025 22:20:04.851] [main/ERROR] [net.minecraft.Util/]: Entity illageandspillage:axe has no attributes
[04Apr2025 22:20:04.851] [main/ERROR] [net.minecraft.Util/]: Entity illageandspillage:bone has no attributes
[04Apr2025 22:20:04.851] [main/ERROR] [net.minecraft.Util/]: Entity illageandspillage:axe has no attributes
[04Apr2025 22:20:04.851] [main/ERROR] [net.minecraft.Util/]: Entity illageandspillage:bone has no attributes
[04Apr2025 22:20:04.851] [main/ERROR] [net.minecraft.Util/]: Entity illageandspillage:axe has no attributes
[04Apr2025 22:20:04.851] [main/ERROR] [net.minecraft.Util/]: Entity illageandspillage:bone has no attributes
[04Apr2025 22:20:04.851] [main/ERROR] [net.minecraft.Util/]: Entity illageandspillage:axe has no attributes
[04Apr2025 22:20:04.851] [main/ERROR] [net.minecraft.Util/]: Entity illageandspillage:bone has no attributes
[04Apr2025 22:20:04.851] [main/ERROR] [net.minecraft.Util/]: Entity illageandspillage:axe has no attributes
[04Apr2025 22:20:04.851] [main/ERROR] [net.minecraft.Util/]: Entity illageandspillage:bone has no attributes
[04Apr2025 22:20:04.852] [main/ERROR] [net.minecraft.Util/]: Entity illageandspillage:axe has no attributes
[04Apr2025 22:20:04.852] [main/ERROR] [net.minecraft.Util/]: Entity illageandspillage:bone has no attributes
[04Apr2025 22:20:04.852] [main/ERROR] [net.minecraft.Util/]: Entity illageandspillage:axe has no attributes
[04Apr2025 22:20:04.852] [main/ERROR] [net.minecraft.Util/]: Entity illageandspillage:bone has no attributes
[04Apr2025 22:20:04.852] [main/ERROR] [net.minecraft.Util/]: Entity illageandspillage:axe has no attributes
[04Apr2025 22:20:04.852] [main/ERROR] [net.minecraft.Util/]: Entity illageandspillage:bone has no attributes
[04Apr2025 22:20:04.852] [main/ERROR] [net.minecraft.Util/]: Entity illageandspillage:axe has no attributes
[04Apr2025 22:20:04.852] [main/ERROR] [net.minecraft.Util/]: Entity illageandspillage:bone has no attributes
[04Apr2025 22:20:04.852] [main/ERROR] [net.minecraft.Util/]: Entity illageandspillage:axe has no attributes
[04Apr2025 22:20:04.853] [main/ERROR] [net.minecraft.Util/]: Entity illageandspillage:bone has no attributes
[04Apr2025 22:20:04.853] [main/ERROR] [net.minecraft.Util/]: Entity illageandspillage:axe has no attributes
[04Apr2025 22:20:04.853] [main/ERROR] [net.minecraft.Util/]: Entity illageandspillage:bone has no attributes
[04Apr2025 22:20:04.853] [main/ERROR] [net.minecraft.Util/]: Entity illageandspillage:axe has no attributes
[04Apr2025 22:20:04.853] [main/ERROR] [net.minecraft.Util/]: Entity illageandspillage:bone has no attributes
[04Apr2025 22:20:04.853] [main/ERROR] [net.minecraft.Util/]: Entity illageandspillage:axe has no attributes
[04Apr2025 22:20:04.853] [main/ERROR] [net.minecraft.Util/]: Entity illageandspillage:bone has no attributes
[04Apr2025 22:20:04.853] [main/ERROR] [net.minecraft.Util/]: Entity illageandspillage:axe has no attributes
[04Apr2025 22:20:04.853] [main/ERROR] [net.minecraft.Util/]: Entity illageandspillage:bone has no attributes
[04Apr2025 22:20:04.854] [main/ERROR] [net.minecraft.Util/]: Entity illageandspillage:axe has no attributes
[04Apr2025 22:20:04.854] [main/ERROR] [net.minecraft.Util/]: Entity illageandspillage:bone has no attributes
[04Apr2025 22:20:04.854] [main/ERROR] [net.minecraft.Util/]: Entity illageandspillage:axe has no attributes
[04Apr2025 22:20:04.854] [main/ERROR] [net.minecraft.Util/]: Entity illageandspillage:bone has no attributes
[04Apr2025 22:20:04.854] [main/ERROR] [net.minecraft.Util/]: Entity illageandspillage:axe has no attributes
[04Apr2025 22:20:04.854] [main/ERROR] [net.minecraft.Util/]: Entity illageandspillage:bone has no attributes
[04Apr2025 22:20:04.854] [main/ERROR] [net.minecraft.Util/]: Entity illageandspillage:axe has no attributes
[04Apr2025 22:20:04.854] [main/ERROR] [net.minecraft.Util/]: Entity illageandspillage:bone has no attributes
[04Apr2025 22:20:04.854] [main/ERROR] [net.minecraft.Util/]: Entity illageandspillage:axe has no attributes
[04Apr2025 22:20:04.854] [main/ERROR] [net.minecraft.Util/]: Entity illageandspillage:bone has no attributes
[04Apr2025 22:20:04.854] [main/ERROR] [net.minecraft.Util/]: Entity illageandspillage:axe has no attributes
[04Apr2025 22:20:04.855] [main/ERROR] [net.minecraft.Util/]: Entity illageandspillage:bone has no attributes
[04Apr2025 22:20:04.855] [main/ERROR] [net.minecraft.Util/]: Entity illageandspillage:axe has no attributes
[04Apr2025 22:20:04.855] [main/ERROR] [net.minecraft.Util/]: Entity illageandspillage:bone has no attributes
[04Apr2025 22:20:04.855] [main/ERROR] [net.minecraft.Util/]: Entity illageandspillage:axe has no attributes
[04Apr2025 22:20:04.855] [main/ERROR] [net.minecraft.Util/]: Entity illageandspillage:bone has no attributes
[04Apr2025 22:20:04.855] [main/ERROR] [net.minecraft.Util/]: Entity illageandspillage:axe has no attributes
[04Apr2025 22:20:04.855] [main/ERROR] [net.minecraft.Util/]: Entity illageandspillage:bone has no attributes
[04Apr2025 22:20:04.855] [main/ERROR] [net.minecraft.Util/]: Entity illageandspillage:axe has no attributes
[04Apr2025 22:20:04.855] [main/ERROR] [net.minecraft.Util/]: Entity illageandspillage:bone has no attributes
[04Apr2025 22:20:04.855] [main/ERROR] [net.minecraft.Util/]: Entity illageandspillage:axe has no attributes
[04Apr2025 22:20:04.855] [main/ERROR] [net.minecraft.Util/]: Entity illageandspillage:bone has no attributes
[04Apr2025 22:20:04.855] [main/ERROR] [net.minecraft.Util/]: Entity illageandspillage:axe has no attributes
[04Apr2025 22:20:04.856] [main/ERROR] [net.minecraft.Util/]: Entity illageandspillage:bone has no attributes
[04Apr2025 22:20:04.856] [main/ERROR] [net.minecraft.Util/]: Entity illageandspillage:axe has no attributes
[04Apr2025 22:20:04.856] [main/ERROR] [net.minecraft.Util/]: Entity illageandspillage:bone has no attributes
[04Apr2025 22:20:04.856] [main/ERROR] [net.minecraft.Util/]: Entity illageandspillage:axe has no attributes
[04Apr2025 22:20:04.856] [main/ERROR] [net.minecraft.Util/]: Entity illageandspillage:bone has no attributes
[04Apr2025 22:20:04.856] [main/ERROR] [net.minecraft.Util/]: Entity illageandspillage:axe has no attributes
[04Apr2025 22:20:04.856] [main/ERROR] [net.minecraft.Util/]: Entity illageandspillage:bone has no attributes
[04Apr2025 22:20:04.856] [main/ERROR] [net.minecraft.Util/]: Entity illageandspillage:axe has no attributes
[04Apr2025 22:20:04.856] [main/ERROR] [net.minecraft.Util/]: Entity illageandspillage:bone has no attributes
[04Apr2025 22:20:04.856] [main/ERROR] [net.minecraft.Util/]: Entity illageandspillage:axe has no attributes
[04Apr2025 22:20:04.857] [main/ERROR] [net.minecraft.Util/]: Entity illageandspillage:bone has no attributes
[04Apr2025 22:20:04.857] [main/ERROR] [net.minecraft.Util/]: Entity illageandspillage:axe has no attributes
[04Apr2025 22:20:04.857] [main/ERROR] [net.minecraft.Util/]: Entity illageandspillage:bone has no attributes
[04Apr2025 22:20:04.857] [main/ERROR] [net.minecraft.Util/]: Entity illageandspillage:axe has no attributes
[04Apr2025 22:20:04.857] [main/ERROR] [net.minecraft.Util/]: Entity illageandspillage:bone has no attributes
[04Apr2025 22:20:04.857] [main/ERROR] [net.minecraft.Util/]: Entity illageandspillage:axe has no attributes
[04Apr2025 22:20:04.857] [main/ERROR] [net.minecraft.Util/]: Entity illageandspillage:bone has no attributes
[04Apr2025 22:20:04.857] [main/ERROR] [net.minecraft.Util/]: Entity illageandspillage:axe has no attributes
[04Apr2025 22:20:04.857] [main/ERROR] [net.minecraft.Util/]: Entity illageandspillage:bone has no attributes
[04Apr2025 22:20:04.857] [main/ERROR] [net.minecraft.Util/]: Entity illageandspillage:axe has no attributes
[04Apr2025 22:20:04.858] [main/ERROR] [net.minecraft.Util/]: Entity illageandspillage:bone has no attributes
[04Apr2025 22:20:04.858] [main/ERROR] [net.minecraft.Util/]: Entity illageandspillage:axe has no attributes
[04Apr2025 22:20:04.859] [main/ERROR] [net.minecraft.Util/]: Entity illageandspillage:bone has no attributes
[04Apr2025 22:20:04.859] [main/ERROR] [net.minecraft.Util/]: Entity illageandspillage:axe has no attributes
[04Apr2025 22:20:04.859] [main/ERROR] [net.minecraft.Util/]: Entity illageandspillage:bone has no attributes
[04Apr2025 22:20:04.859] [main/ERROR] [net.minecraft.Util/]: Entity illageandspillage:axe has no attributes
[04Apr2025 22:20:04.859] [main/ERROR] [net.minecraft.Util/]: Entity illageandspillage:bone has no attributes
[04Apr2025 22:20:04.859] [main/ERROR] [net.minecraft.Util/]: Entity illageandspillage:axe has no attributes
[04Apr2025 22:20:04.859] [main/ERROR] [net.minecraft.Util/]: Entity illageandspillage:bone has no attributes
[04Apr2025 22:20:04.859] [main/ERROR] [net.minecraft.Util/]: Entity illageandspillage:axe has no attributes
[04Apr2025 22:20:04.859] [main/ERROR] [net.minecraft.Util/]: Entity illageandspillage:bone has no attributes
[04Apr2025 22:20:04.859] [main/ERROR] [net.minecraft.Util/]: Entity illageandspillage:axe has no attributes
[04Apr2025 22:20:04.860] [main/ERROR] [net.minecraft.Util/]: Entity illageandspillage:bone has no attributes
[04Apr2025 22:20:04.860] [main/ERROR] [net.minecraft.Util/]: Entity illageandspillage:axe has no attributes
[04Apr2025 22:20:04.860] [main/ERROR] [net.minecraft.Util/]: Entity illageandspillage:bone has no attributes
[04Apr2025 22:20:04.860] [main/ERROR] [net.minecraft.Util/]: Entity illageandspillage:axe has no attributes
[04Apr2025 22:20:04.860] [main/ERROR] [net.minecraft.Util/]: Entity illageandspillage:bone has no attributes
[04Apr2025 22:20:04.860] [main/ERROR] [net.minecraft.Util/]: Entity illageandspillage:axe has no attributes
[04Apr2025 22:20:04.860] [main/ERROR] [net.minecraft.Util/]: Entity illageandspillage:bone has no attributes
[04Apr2025 22:20:04.860] [main/ERROR] [net.minecraft.Util/]: Entity illageandspillage:axe has no attributes
[04Apr2025 22:20:04.860] [main/ERROR] [net.minecraft.Util/]: Entity illageandspillage:bone has no attributes
[04Apr2025 22:20:04.860] [main/ERROR] [net.minecraft.Util/]: Entity illageandspillage:axe has no attributes
[04Apr2025 22:20:04.861] [main/ERROR] [net.minecraft.Util/]: Entity illageandspillage:bone has no attributes
[04Apr2025 22:20:04.861] [main/ERROR] [net.minecraft.Util/]: Entity illageandspillage:axe has no attributes
[04Apr2025 22:20:04.861] [main/ERROR] [net.minecraft.Util/]: Entity illageandspillage:bone has no attributes
[04Apr2025 22:20:04.861] [main/ERROR] [net.minecraft.Util/]: Entity illageandspillage:axe has no attributes
[04Apr2025 22:20:04.861] [main/ERROR] [net.minecraft.Util/]: Entity illageandspillage:bone has no attributes
[04Apr2025 22:20:04.861] [main/ERROR] [net.minecraft.Util/]: Entity illageandspillage:axe has no attributes
[04Apr2025 22:20:05.011] [main/ERROR] [net.minecraft.Util/]: Entity illageandspillage:bone has no attributes
[04Apr2025 22:20:05.011] [main/ERROR] [net.minecraft.Util/]: Entity illageandspillage:axe has no attributes
[04Apr2025 22:20:05.011] [main/ERROR] [net.minecraft.Util/]: Entity illageandspillage:bone has no attributes
[04Apr2025 22:20:05.011] [main/ERROR] [net.minecraft.Util/]: Entity illageandspillage:axe has no attributes
[04Apr2025 22:20:05.011] [main/ERROR] [net.minecraft.Util/]: Entity illageandspillage:bone has no attributes
[04Apr2025 22:20:05.011] [main/ERROR] [net.minecraft.Util/]: Entity illageandspillage:axe has no attributes
[04Apr2025 22:20:05.011] [main/ERROR] [net.minecraft.Util/]: Entity illageandspillage:bone has no attributes
[04Apr2025 22:20:05.011] [main/ERROR] [net.minecraft.Util/]: Entity illageandspillage:axe has no attributes
[04Apr2025 22:20:05.011] [main/ERROR] [net.minecraft.Util/]: Entity illageandspillage:bone has no attributes
[04Apr2025 22:20:05.012] [main/ERROR] [net.minecraft.Util/]: Entity illageandspillage:axe has no attributes
[04Apr2025 22:20:05.012] [main/ERROR] [net.minecraft.Util/]: Entity illageandspillage:bone has no attributes
[04Apr2025 22:20:05.012] [main/ERROR] [net.minecraft.Util/]: Entity illageandspillage:axe has no attributes
[04Apr2025 22:20:05.012] [main/ERROR] [net.minecraft.Util/]: Entity illageandspillage:bone has no attributes
[04Apr2025 22:20:05.012] [main/ERROR] [net.minecraft.Util/]: Entity illageandspillage:axe has no attributes
[04Apr2025 22:20:05.012] [main/ERROR] [net.minecraft.Util/]: Entity illageandspillage:bone has no attributes
[04Apr2025 22:20:05.012] [main/ERROR] [net.minecraft.Util/]: Entity illageandspillage:axe has no attributes
[04Apr2025 22:20:05.012] [main/ERROR] [net.minecraft.Util/]: Entity illageandspillage:bone has no attributes
[04Apr2025 22:20:05.012] [main/ERROR] [net.minecraft.Util/]: Entity illageandspillage:axe has no attributes
[04Apr2025 22:20:05.012] [main/ERROR] [net.minecraft.Util/]: Entity illageandspillage:bone has no attributes
[04Apr2025 22:20:05.012] [main/ERROR] [net.minecraft.Util/]: Entity illageandspillage:axe has no attributes
[04Apr2025 22:20:05.012] [main/ERROR] [net.minecraft.Util/]: Entity illageandspillage:bone has no attributes
[04Apr2025 22:20:05.012] [main/ERROR] [net.minecraft.Util/]: Entity illageandspillage:axe has no attributes
[04Apr2025 22:20:05.013] [main/ERROR] [net.minecraft.Util/]: Entity illageandspillage:bone has no attributes
[04Apr2025 22:20:05.013] [main/ERROR] [net.minecraft.Util/]: Entity illageandspillage:axe has no attributes
[04Apr2025 22:20:05.013] [main/ERROR] [net.minecraft.Util/]: Entity illageandspillage:bone has no attributes
[04Apr2025 22:20:05.013] [main/ERROR] [net.minecraft.Util/]: Entity illageandspillage:axe has no attributes
[04Apr2025 22:20:05.013] [main/ERROR] [net.minecraft.Util/]: Entity illageandspillage:bone has no attributes
[04Apr2025 22:20:05.013] [main/ERROR] [net.minecraft.Util/]: Entity illageandspillage:axe has no attributes
[04Apr2025 22:20:05.013] [main/ERROR] [net.minecraft.Util/]: Entity illageandspillage:bone has no attributes
[04Apr2025 22:20:05.013] [main/ERROR] [net.minecraft.Util/]: Entity illageandspillage:axe has no attributes
[04Apr2025 22:20:05.013] [main/ERROR] [net.minecraft.Util/]: Entity illageandspillage:bone has no attributes
[04Apr2025 22:20:05.013] [main/ERROR] [net.minecraft.Util/]: Entity illageandspillage:axe has no attributes
[04Apr2025 22:20:05.013] [main/ERROR] [net.minecraft.Util/]: Entity illageandspillage:bone has no attributes
[04Apr2025 22:20:05.013] [main/ERROR] [net.minecraft.Util/]: Entity illageandspillage:axe has no attributes
[04Apr2025 22:20:05.013] [main/ERROR] [net.minecraft.Util/]: Entity illageandspillage:bone has no attributes
[04Apr2025 22:20:05.014] [main/ERROR] [net.minecraft.Util/]: Entity illageandspillage:axe has no attributes
[04Apr2025 22:20:05.014] [main/ERROR] [net.minecraft.Util/]: Entity illageandspillage:bone has no attributes
[04Apr2025 22:20:05.014] [main/ERROR] [net.minecraft.Util/]: Entity illageandspillage:axe has no attributes
[04Apr2025 22:20:05.014] [main/ERROR] [net.minecraft.Util/]: Entity illageandspillage:bone has no attributes
[04Apr2025 22:20:05.014] [main/ERROR] [net.minecraft.Util/]: Entity illageandspillage:axe has no attributes
[04Apr2025 22:20:05.014] [main/ERROR] [net.minecraft.Util/]: Entity illageandspillage:bone has no attributes
[04Apr2025 22:20:05.014] [main/ERROR] [net.minecraft.Util/]: Entity illageandspillage:axe has no attributes
[04Apr2025 22:20:05.014] [main/ERROR] [net.minecraft.Util/]: Entity illageandspillage:bone has no attributes
[04Apr2025 22:20:05.014] [main/ERROR] [net.minecraft.Util/]: Entity illageandspillage:axe has no attributes
[04Apr2025 22:20:05.014] [main/ERROR] [net.minecraft.Util/]: Entity illageandspillage:bone has no attributes
[04Apr2025 22:20:05.014] [main/ERROR] [net.minecraft.Util/]: Entity illageandspillage:axe has no attributes
[04Apr2025 22:20:05.014] [main/ERROR] [net.minecraft.Util/]: Entity illageandspillage:bone has no attributes
[04Apr2025 22:20:05.015] [main/ERROR] [net.minecraft.Util/]: Entity illageandspillage:axe has no attributes
[04Apr2025 22:20:05.015] [main/ERROR] [net.minecraft.Util/]: Entity illageandspillage:bone has no attributes
[04Apr2025 22:20:05.015] [main/ERROR] [net.minecraft.Util/]: Entity illageandspillage:axe has no attributes
[04Apr2025 22:20:05.015] [main/ERROR] [net.minecraft.Util/]: Entity illageandspillage:bone has no attributes
[04Apr2025 22:20:05.015] [main/ERROR] [net.minecraft.Util/]: Entity illageandspillage:axe has no attributes
[04Apr2025 22:20:05.015] [main/ERROR] [net.minecraft.Util/]: Entity illageandspillage:bone has no attributes
[04Apr2025 22:20:05.015] [main/ERROR] [net.minecraft.Util/]: Entity illageandspillage:axe has no attributes
[04Apr2025 22:20:05.015] [main/ERROR] [net.minecraft.Util/]: Entity illageandspillage:bone has no attributes
[04Apr2025 22:20:05.015] [main/ERROR] [net.minecraft.Util/]: Entity illageandspillage:axe has no attributes
[04Apr2025 22:20:05.015] [main/ERROR] [net.minecraft.Util/]: Entity illageandspillage:bone has no attributes
[04Apr2025 22:20:05.015] [main/ERROR] [net.minecraft.Util/]: Entity illageandspillage:axe has no attributes
[04Apr2025 22:20:05.015] [main/ERROR] [net.minecraft.Util/]: Entity illageandspillage:bone has no attributes
[04Apr2025 22:20:05.016] [main/ERROR] [net.minecraft.Util/]: Entity illageandspillage:axe has no attributes
[04Apr2025 22:20:05.016] [main/ERROR] [net.minecraft.Util/]: Entity illageandspillage:bone has no attributes
[04Apr2025 22:20:05.016] [main/ERROR] [net.minecraft.Util/]: Entity illageandspillage:axe has no attributes
[04Apr2025 22:20:05.016] [main/ERROR] [net.minecraft.Util/]: Entity illageandspillage:bone has no attributes
[04Apr2025 22:20:05.016] [main/ERROR] [net.minecraft.Util/]: Entity illageandspillage:axe has no attributes
[04Apr2025 22:20:05.016] [main/ERROR] [net.minecraft.Util/]: Entity illageandspillage:bone has no attributes
[04Apr2025 22:20:05.016] [main/ERROR] [net.minecraft.Util/]: Entity illageandspillage:axe has no attributes
[04Apr2025 22:20:05.016] [main/ERROR] [net.minecraft.Util/]: Entity illageandspillage:bone has no attributes
[04Apr2025 22:20:05.016] [main/ERROR] [net.minecraft.Util/]: Entity illageandspillage:axe has no attributes
[04Apr2025 22:20:05.016] [main/ERROR] [net.minecraft.Util/]: Entity illageandspillage:bone has no attributes
[04Apr2025 22:20:05.016] [main/ERROR] [net.minecraft.Util/]: Entity illageandspillage:axe has no attributes
[04Apr2025 22:20:05.017] [main/ERROR] [net.minecraft.Util/]: Entity illageandspillage:bone has no attributes
[04Apr2025 22:20:05.017] [main/ERROR] [net.minecraft.Util/]: Entity illageandspillage:axe has no attributes
[04Apr2025 22:20:05.017] [main/ERROR] [net.minecraft.Util/]: Entity illageandspillage:bone has no attributes
[04Apr2025 22:20:05.017] [main/ERROR] [net.minecraft.Util/]: Entity illageandspillage:axe has no attributes
[04Apr2025 22:20:05.017] [main/ERROR] [net.minecraft.Util/]: Entity illageandspillage:bone has no attributes
[04Apr2025 22:20:05.017] [main/ERROR] [net.minecraft.Util/]: Entity illageandspillage:axe has no attributes
[04Apr2025 22:20:05.017] [main/ERROR] [net.minecraft.Util/]: Entity illageandspillage:bone has no attributes
[04Apr2025 22:20:05.017] [main/ERROR] [net.minecraft.Util/]: Entity illageandspillage:axe has no attributes
[04Apr2025 22:20:05.017] [main/ERROR] [net.minecraft.Util/]: Entity illageandspillage:bone has no attributes
[04Apr2025 22:20:05.017] [main/ERROR] [net.minecraft.Util/]: Entity illageandspillage:axe has no attributes
[04Apr2025 22:20:05.017] [main/ERROR] [net.minecraft.Util/]: Entity illageandspillage:bone has no attributes
[04Apr2025 22:20:05.017] [main/ERROR] [net.minecraft.Util/]: Entity illageandspillage:axe has no attributes
[04Apr2025 22:20:05.018] [main/ERROR] [net.minecraft.Util/]: Entity illageandspillage:bone has no attributes
[04Apr2025 22:20:05.018] [main/ERROR] [net.minecraft.Util/]: Entity illageandspillage:axe has no attributes
[04Apr2025 22:20:05.018] [main/ERROR] [net.minecraft.Util/]: Entity illageandspillage:bone has no attributes
[04Apr2025 22:20:05.018] [main/ERROR] [net.minecraft.Util/]: Entity illageandspillage:axe has no attributes
[04Apr2025 22:20:05.018] [main/ERROR] [net.minecraft.Util/]: Entity illageandspillage:bone has no attributes
[04Apr2025 22:20:05.018] [main/ERROR] [net.minecraft.Util/]: Entity illageandspillage:axe has no attributes
[04Apr2025 22:20:05.018] [main/ERROR] [net.minecraft.Util/]: Entity illageandspillage:bone has no attributes
[04Apr2025 22:20:05.018] [main/ERROR] [net.minecraft.Util/]: Entity illageandspillage:axe has no attributes
[04Apr2025 22:20:05.018] [main/ERROR] [net.minecraft.Util/]: Entity illageandspillage:bone has no attributes
[04Apr2025 22:20:05.018] [main/ERROR] [net.minecraft.Util/]: Entity illageandspillage:axe has no attributes
[04Apr2025 22:20:05.018] [main/ERROR] [net.minecraft.Util/]: Entity illageandspillage:bone has no attributes
[04Apr2025 22:20:05.018] [main/ERROR] [net.minecraft.Util/]: Entity illageandspillage:axe has no attributes
[04Apr2025 22:20:05.019] [main/ERROR] [net.minecraft.Util/]: Entity illageandspillage:bone has no attributes
[04Apr2025 22:20:05.019] [main/ERROR] [net.minecraft.Util/]: Entity illageandspillage:axe has no attributes
[04Apr2025 22:20:05.019] [main/ERROR] [net.minecraft.Util/]: Entity illageandspillage:bone has no attributes
[04Apr2025 22:20:05.019] [main/ERROR] [net.minecraft.Util/]: Entity illageandspillage:axe has no attributes
[04Apr2025 22:20:05.020] [main/ERROR] [net.minecraft.Util/]: Entity illageandspillage:bone has no attributes
[04Apr2025 22:20:05.020] [main/ERROR] [net.minecraft.Util/]: Entity illageandspillage:axe has no attributes
[04Apr2025 22:20:05.020] [main/ERROR] [net.minecraft.Util/]: Entity illageandspillage:bone has no attributes
[04Apr2025 22:20:05.020] [main/ERROR] [net.minecraft.Util/]: Entity illageandspillage:axe has no attributes
[04Apr2025 22:20:05.020] [main/ERROR] [net.minecraft.Util/]: Entity illageandspillage:bone has no attributes
[04Apr2025 22:20:05.020] [main/ERROR] [net.minecraft.Util/]: Entity illageandspillage:axe has no attributes
[04Apr2025 22:20:05.020] [main/ERROR] [net.minecraft.Util/]: Entity illageandspillage:bone has no attributes
[04Apr2025 22:20:05.020] [main/ERROR] [net.minecraft.Util/]: Entity illageandspillage:axe has no attributes
[04Apr2025 22:20:05.020] [main/ERROR] [net.minecraft.Util/]: Entity illageandspillage:bone has no attributes
[04Apr2025 22:20:05.020] [main/ERROR] [net.minecraft.Util/]: Entity illageandspillage:axe has no attributes
[04Apr2025 22:20:05.021] [main/ERROR] [net.minecraft.Util/]: Entity illageandspillage:bone has no attributes
[04Apr2025 22:20:05.021] [main/ERROR] [net.minecraft.Util/]: Entity illageandspillage:axe has no attributes
[04Apr2025 22:20:05.021] [main/ERROR] [net.minecraft.Util/]: Entity illageandspillage:bone has no attributes
[04Apr2025 22:20:05.021] [main/ERROR] [net.minecraft.Util/]: Entity illageandspillage:axe has no attributes
[04Apr2025 22:20:05.021] [main/ERROR] [net.minecraft.Util/]: Entity illageandspillage:bone has no attributes
[04Apr2025 22:20:05.021] [main/ERROR] [net.minecraft.Util/]: Entity illageandspillage:axe has no attributes
[04Apr2025 22:20:05.021] [main/ERROR] [net.minecraft.Util/]: Entity illageandspillage:bone has no attributes
[04Apr2025 22:20:05.021] [main/ERROR] [net.minecraft.Util/]: Entity illageandspillage:axe has no attributes
[04Apr2025 22:20:05.021] [main/ERROR] [net.minecraft.Util/]: Entity illageandspillage:bone has no attributes
[04Apr2025 22:20:05.021] [main/ERROR] [net.minecraft.Util/]: Entity illageandspillage:axe has no attributes
[04Apr2025 22:20:05.022] [main/ERROR] [net.minecraft.Util/]: Entity illageandspillage:bone has no attributes
[04Apr2025 22:20:05.022] [main/ERROR] [net.minecraft.Util/]: Entity illageandspillage:axe has no attributes
[04Apr2025 22:20:05.022] [main/ERROR] [net.minecraft.Util/]: Entity illageandspillage:bone has no attributes
[04Apr2025 22:20:05.022] [main/ERROR] [net.minecraft.Util/]: Entity illageandspillage:axe has no attributes
[04Apr2025 22:20:05.022] [main/ERROR] [net.minecraft.Util/]: Entity illageandspillage:bone has no attributes
[04Apr2025 22:20:05.022] [main/ERROR] [net.minecraft.Util/]: Entity illageandspillage:axe has no attributes
[04Apr2025 22:20:05.022] [main/ERROR] [net.minecraft.Util/]: Entity illageandspillage:bone has no attributes
[04Apr2025 22:20:05.022] [main/ERROR] [net.minecraft.Util/]: Entity illageandspillage:axe has no attributes
[04Apr2025 22:20:05.023] [main/ERROR] [net.minecraft.Util/]: Entity illageandspillage:bone has no attributes
[04Apr2025 22:20:05.023] [main/ERROR] [net.minecraft.Util/]: Entity illageandspillage:axe has no attributes
[04Apr2025 22:20:05.023] [main/ERROR] [net.minecraft.Util/]: Entity illageandspillage:bone has no attributes
[04Apr2025 22:20:05.023] [main/ERROR] [net.minecraft.Util/]: Entity illageandspillage:axe has no attributes
[04Apr2025 22:20:05.023] [main/ERROR] [net.minecraft.Util/]: Entity illageandspillage:bone has no attributes
[04Apr2025 22:20:05.023] [main/ERROR] [net.minecraft.Util/]: Entity illageandspillage:axe has no attributes
[04Apr2025 22:20:05.024] [main/ERROR] [net.minecraft.Util/]: Entity illageandspillage:bone has no attributes
[04Apr2025 22:20:05.024] [main/ERROR] [net.minecraft.Util/]: Entity illageandspillage:axe has no attributes
[04Apr2025 22:20:05.025] [main/ERROR] [net.minecraft.Util/]: Entity illageandspillage:bone has no attributes
[04Apr2025 22:20:05.025] [main/ERROR] [net.minecraft.Util/]: Entity illageandspillage:axe has no attributes
[04Apr2025 22:20:05.026] [main/ERROR] [net.minecraft.Util/]: Entity illageandspillage:bone has no attributes
[04Apr2025 22:20:05.026] [main/ERROR] [net.minecraft.Util/]: Entity illageandspillage:axe has no attributes
[04Apr2025 22:20:05.027] [main/ERROR] [net.minecraft.Util/]: Entity illageandspillage:bone has no attributes
[04Apr2025 22:20:05.027] [main/ERROR] [net.minecraft.Util/]: Entity illageandspillage:axe has no attributes
[04Apr2025 22:20:05.027] [main/ERROR] [net.minecraft.Util/]: Entity illageandspillage:bone has no attributes
[04Apr2025 22:20:05.027] [main/ERROR] [net.minecraft.Util/]: Entity illageandspillage:axe has no attributes
[04Apr2025 22:20:05.027] [main/ERROR] [net.minecraft.Util/]: Entity illageandspillage:bone has no attributes
[04Apr2025 22:20:05.027] [main/ERROR] [net.minecraft.Util/]: Entity illageandspillage:axe has no attributes
[04Apr2025 22:20:05.028] [main/ERROR] [net.minecraft.Util/]: Entity illageandspillage:bone has no attributes
[04Apr2025 22:20:05.028] [main/ERROR] [net.minecraft.Util/]: Entity illageandspillage:axe has no attributes
[04Apr2025 22:20:05.028] [main/ERROR] [net.minecraft.Util/]: Entity illageandspillage:bone has no attributes
[04Apr2025 22:20:05.028] [main/ERROR] [net.minecraft.Util/]: Entity illageandspillage:axe has no attributes
[04Apr2025 22:20:05.028] [main/ERROR] [net.minecraft.Util/]: Entity illageandspillage:bone has no attributes
[04Apr2025 22:20:05.028] [main/ERROR] [net.minecraft.Util/]: Entity illageandspillage:axe has no attributes
[04Apr2025 22:20:05.028] [main/ERROR] [net.minecraft.Util/]: Entity illageandspillage:bone has no attributes
[04Apr2025 22:20:05.028] [main/ERROR] [net.minecraft.Util/]: Entity illageandspillage:axe has no attributes
[04Apr2025 22:20:05.028] [main/ERROR] [net.minecraft.Util/]: Entity illageandspillage:bone has no attributes
[04Apr2025 22:20:05.028] [main/ERROR] [net.minecraft.Util/]: Entity illageandspillage:axe has no attributes
[04Apr2025 22:20:05.029] [main/ERROR] [net.minecraft.Util/]: Entity illageandspillage:bone has no attributes
[04Apr2025 22:20:05.029] [main/ERROR] [net.minecraft.Util/]: Entity illageandspillage:axe has no attributes
[04Apr2025 22:20:05.029] [main/ERROR] [net.minecraft.Util/]: Entity illageandspillage:bone has no attributes
[04Apr2025 22:20:05.029] [main/ERROR] [net.minecraft.Util/]: Entity illageandspillage:axe has no attributes
[04Apr2025 22:20:05.029] [main/ERROR] [net.minecraft.Util/]: Entity illageandspillage:bone has no attributes
[04Apr2025 22:20:05.029] [main/ERROR] [net.minecraft.Util/]: Entity illageandspillage:axe has no attributes
[04Apr2025 22:20:05.029] [main/ERROR] [net.minecraft.Util/]: Entity illageandspillage:bone has no attributes
[04Apr2025 22:20:05.029] [main/ERROR] [net.minecraft.Util/]: Entity illageandspillage:axe has no attributes
[04Apr2025 22:20:05.029] [main/ERROR] [net.minecraft.Util/]: Entity illageandspillage:bone has no attributes
[04Apr2025 22:20:05.029] [main/ERROR] [net.minecraft.Util/]: Entity illageandspillage:axe has no attributes
[04Apr2025 22:20:05.029] [main/ERROR] [net.minecraft.Util/]: Entity illageandspillage:bone has no attributes
[04Apr2025 22:20:05.029] [main/ERROR] [net.minecraft.Util/]: Entity illageandspillage:axe has no attributes
[04Apr2025 22:20:05.030] [main/ERROR] [net.minecraft.Util/]: Entity illageandspillage:bone has no attributes
[04Apr2025 22:20:05.030] [main/ERROR] [net.minecraft.Util/]: Entity illageandspillage:axe has no attributes
[04Apr2025 22:20:11.412] [main/WARN] [net.minecraft.server.packs.VanillaPackResourcesBuilder/]: Assets URL 'union:/workspaces/solid-invention/servidor_minecraft/libraries/net/minecraft/server/1.20.1-20230612.114412/server-1.20.1-20230612.114412-srg.jar%23365!/assets/.mcassetsroot' uses unexpected schema
[04Apr2025 22:20:11.412] [main/WARN] [net.minecraft.server.packs.VanillaPackResourcesBuilder/]: Assets URL 'union:/workspaces/solid-invention/servidor_minecraft/libraries/net/minecraft/server/1.20.1-20230612.114412/server-1.20.1-20230612.114412-srg.jar%23365!/data/.mcassetsroot' uses unexpected schema
[04Apr2025 22:20:11.599] [main/INFO] [Supplementaries/]: Generated runtime SERVER_DATA for pack Supplementaries Generated Pack (supplementaries) in: 44 ms
[04Apr2025 22:20:11.635] [main/INFO] [Supplementaries/]: Generated runtime SERVER_DATA for pack Supplementaries Generated Pack (supplementaries) in: 5 ms
[04Apr2025 22:20:11.664] [main/INFO] [KubeJS Server/]: example.js#5: Hello, World! (Loaded server scripts)
[04Apr2025 22:20:11.664] [main/INFO] [KubeJS Server/]: Loaded script server_scripts:example.js in 0.001 s
[04Apr2025 22:20:11.664] [main/INFO] [KubeJS Server/]: Loaded 1/1 KubeJS server scripts in 0.021 s with 0 errors and 0 warnings
[04Apr2025 22:20:11.665] [main/INFO] [KubeJS Server/]: Scripts loaded
[04Apr2025 22:20:11.738] [main/INFO] [com.teamabnormals.blueprint.core.Blueprint/]: Successfully loaded 1 data remolders!
[04Apr2025 22:20:12.321] [main/INFO] [com.cupboard.Cupboard/]: Loaded config for: connectivity.json
[04Apr2025 22:20:15.150] [main/INFO] [Easy NPC/]: 🗣 Register Easy NPC /easy_npc commands for Easy NPC ...
[04Apr2025 22:20:15.323] [main/INFO] [FTB Ranks/]: Loading command nodes...
[04Apr2025 22:20:15.412] [main/INFO] [FTB Ranks/]: Loaded 3737 command nodes
[04Apr2025 22:20:15.435] [main/INFO] [com.github.alexthe666.alexsmobs.AlexsMobs/]: Adding datapack listener capsid_recipes
[04Apr2025 22:20:15.567] [Worker-Main-3/ERROR] [net.minecraft.tags.TagLoader/]: Couldn't load tag integrated_api:collections/any_taiga as it is missing following references: #repurposed_structures:collections/taigas (from integrated_api-1.5.2+1.20.1-forge.jar)
[04Apr2025 22:20:15.568] [Worker-Main-3/ERROR] [net.minecraft.tags.TagLoader/]: Couldn't load tag idas:has_structure/byg_redwood_biomes as it is missing following references: byg:redwood_thicket (from idas_forge-1.10.3+1.20.1.jar)
[04Apr2025 22:20:15.572] [Worker-Main-3/ERROR] [net.minecraft.tags.TagLoader/]: Couldn't load tag idas:has_structure/bopmohogany_biomes as it is missing following references: biomesoplenty:rainforest (from idas_forge-1.10.3+1.20.1.jar)
[04Apr2025 22:20:15.572] [Worker-Main-3/ERROR] [net.minecraft.tags.TagLoader/]: Couldn't load tag idas:has_structure/bygmohogany_biomes as it is missing following references: byg:tropical_rainforest (from idas_forge-1.10.3+1.20.1.jar)
[04Apr2025 22:20:15.573] [Worker-Main-3/ERROR] [net.minecraft.tags.TagLoader/]: Couldn't load tag idas:has_structure/bopredwood_biomes as it is missing following references: biomesoplenty:redwood_forest (from idas_forge-1.10.3+1.20.1.jar)
[04Apr2025 22:20:15.797] [Worker-Main-2/ERROR] [net.minecraft.tags.TagLoader/]: Couldn't load tag traveloptics:magic_sword_weapon_type as it is missing following references: minecraft: (from traveloptics-4.2.0-1.20.1.jar)
[04Apr2025 22:20:17.071] [Worker-Main-3/ERROR] [net.minecraftforge.common.ForgeHooks/]: Couldn't parse element loot_tables:idas:chests/dread_citadel/dread_citadel
com.google.gson.JsonSyntaxException: Expected name to be an item, was unknown string 'iceandfire:dread_shard'
	at net.minecraft.util.GsonHelper.m_13866_(GsonHelper.java:145) ~[server-1.20.1-20230612.114412-srg.jar%23365!/:?]
	at java.util.Optional.orElseThrow(Optional.java:403) ~[?:?]
	at net.minecraft.util.GsonHelper.m_13874_(GsonHelper.java:145) ~[server-1.20.1-20230612.114412-srg.jar%23365!/:?]
	at net.minecraft.util.GsonHelper.m_13909_(GsonHelper.java:153) ~[server-1.20.1-20230612.114412-srg.jar%23365!/:?]
	at net.minecraft.world.level.storage.loot.entries.LootItem$Serializer.m_7267_(LootItem.java:55) ~[server-1.20.1-20230612.114412-srg.jar%23365!/:?]
	at net.minecraft.world.level.storage.loot.entries.LootItem$Serializer.m_7267_(LootItem.java:40) ~[server-1.20.1-20230612.114412-srg.jar%23365!/:?]
	at net.minecraft.world.level.storage.loot.entries.LootPoolSingletonContainer$Serializer.m_5921_(LootPoolSingletonContainer.java:151) ~[server-1.20.1-20230612.114412-srg.jar%23365!/:?]
	at net.minecraft.world.level.storage.loot.entries.LootPoolSingletonContainer$Serializer.m_5921_(LootPoolSingletonContainer.java:129) ~[server-1.20.1-20230612.114412-srg.jar%23365!/:?]
	at net.minecraft.world.level.storage.loot.entries.LootPoolEntryContainer$Serializer.m_7561_(LootPoolEntryContainer.java:86) ~[server-1.20.1-20230612.114412-srg.jar%23365!/:?]
	at net.minecraft.world.level.storage.loot.entries.LootPoolEntryContainer$Serializer.m_7561_(LootPoolEntryContainer.java:74) ~[server-1.20.1-20230612.114412-srg.jar%23365!/:?]
	at net.minecraft.world.level.storage.loot.GsonAdapterFactory$JsonAdapter.deserialize(GsonAdapterFactory.java:102) ~[server-1.20.1-20230612.114412-srg.jar%23365!/:?]
	at com.google.gson.internal.bind.TreeTypeAdapter.read(TreeTypeAdapter.java:76) ~[gson-2.10.jar%2372!/:?]
	at com.google.gson.internal.bind.TypeAdapterRuntimeTypeWrapper.read(TypeAdapterRuntimeTypeWrapper.java:40) ~[gson-2.10.jar%2372!/:?]
	at com.google.gson.internal.bind.ArrayTypeAdapter.read(ArrayTypeAdapter.java:72) ~[gson-2.10.jar%2372!/:?]
	at com.google.gson.Gson.fromJson(Gson.java:1214) ~[gson-2.10.jar%2372!/:?]
	at com.google.gson.Gson.fromJson(Gson.java:1319) ~[gson-2.10.jar%2372!/:?]
	at com.google.gson.Gson.fromJson(Gson.java:1290) ~[gson-2.10.jar%2372!/:?]
	at com.google.gson.internal.bind.TreeTypeAdapter$GsonContextImpl.deserialize(TreeTypeAdapter.java:179) ~[gson-2.10.jar%2372!/:?]
	at net.minecraft.util.GsonHelper.m_13808_(GsonHelper.java:463) ~[server-1.20.1-20230612.114412-srg.jar%23365!/:?]
	at net.minecraft.util.GsonHelper.m_13836_(GsonHelper.java:471) ~[server-1.20.1-20230612.114412-srg.jar%23365!/:?]
	at net.minecraft.world.level.storage.loot.LootPool$Serializer.deserialize(LootPool.java:192) ~[server-1.20.1-20230612.114412-srg.jar%23365!/:?]
	at net.minecraft.world.level.storage.loot.LootPool$Serializer.deserialize(LootPool.java:189) ~[server-1.20.1-20230612.114412-srg.jar%23365!/:?]
	at com.google.gson.internal.bind.TreeTypeAdapter.read(TreeTypeAdapter.java:76) ~[gson-2.10.jar%2372!/:?]
	at com.google.gson.internal.bind.TypeAdapterRuntimeTypeWrapper.read(TypeAdapterRuntimeTypeWrapper.java:40) ~[gson-2.10.jar%2372!/:?]
	at com.google.gson.internal.bind.ArrayTypeAdapter.read(ArrayTypeAdapter.java:72) ~[gson-2.10.jar%2372!/:?]
	at com.google.gson.Gson.fromJson(Gson.java:1214) ~[gson-2.10.jar%2372!/:?]
	at com.google.gson.Gson.fromJson(Gson.java:1319) ~[gson-2.10.jar%2372!/:?]
	at com.google.gson.Gson.fromJson(Gson.java:1290) ~[gson-2.10.jar%2372!/:?]
	at com.google.gson.internal.bind.TreeTypeAdapter$GsonContextImpl.deserialize(TreeTypeAdapter.java:179) ~[gson-2.10.jar%2372!/:?]
	at net.minecraft.util.GsonHelper.m_13808_(GsonHelper.java:463) ~[server-1.20.1-20230612.114412-srg.jar%23365!/:?]
	at net.minecraft.util.GsonHelper.m_13845_(GsonHelper.java:481) ~[server-1.20.1-20230612.114412-srg.jar%23365!/:?]
	at net.minecraft.world.level.storage.loot.LootTable$Serializer.deserialize(LootTable.java:294) ~[server-1.20.1-20230612.114412-srg.jar%23365!/:?]
	at net.minecraft.world.level.storage.loot.LootTable$Serializer.deserialize(LootTable.java:291) ~[server-1.20.1-20230612.114412-srg.jar%23365!/:?]
	at com.google.gson.internal.bind.TreeTypeAdapter.read(TreeTypeAdapter.java:76) ~[gson-2.10.jar%2372!/:?]
	at com.google.gson.Gson.fromJson(Gson.java:1214) ~[gson-2.10.jar%2372!/:?]
	at com.google.gson.Gson.fromJson(Gson.java:1319) ~[gson-2.10.jar%2372!/:?]
	at com.google.gson.Gson.fromJson(Gson.java:1261) ~[gson-2.10.jar%2372!/:?]
	at net.minecraftforge.common.ForgeHooks.loadLootTable(ForgeHooks.java:871) ~[forge-1.20.1-47.3.7-universal.jar%23370!/:?]
	at net.minecraftforge.common.ForgeHooks.lambda$getLootTableDeserializer$3(ForgeHooks.java:848) ~[forge-1.20.1-47.3.7-universal.jar%23370!/:?]
	at net.minecraft.world.level.storage.loot.LootDataType.deserialize(LootDataType.java:45) ~[server-1.20.1-20230612.114412-srg.jar%23365!/:?]
	at net.minecraft.world.level.storage.loot.LootDataManager.lambda$scheduleElementParse$4(LootDataManager.java:56) ~[server-1.20.1-20230612.114412-srg.jar%23365!/:?]
	at java.util.HashMap.forEach(HashMap.java:1421) ~[?:?]
	at net.minecraft.world.level.storage.loot.LootDataManager.m_278660_(LootDataManager.java:55) ~[server-1.20.1-20230612.114412-srg.jar%23365!/:?]
	at java.util.concurrent.CompletableFuture$AsyncRun.run(CompletableFuture.java:1804) ~[?:?]
	at java.util.concurrent.CompletableFuture$AsyncRun.exec(CompletableFuture.java:1796) ~[?:?]
	at java.util.concurrent.ForkJoinTask.doExec(ForkJoinTask.java:373) ~[?:?]
	at java.util.concurrent.ForkJoinPool$WorkQueue.topLevelExec(ForkJoinPool.java:1182) ~[?:?]
	at java.util.concurrent.ForkJoinPool.scan(ForkJoinPool.java:1655) ~[?:?]
	at java.util.concurrent.ForkJoinPool.runWorker(ForkJoinPool.java:1622) ~[?:?]
	at java.util.concurrent.ForkJoinWorkerThread.run(ForkJoinWorkerThread.java:165) ~[?:?]
[04Apr2025 22:20:17.261] [Worker-Main-3/ERROR] [net.minecraftforge.common.ForgeHooks/]: Couldn't parse element loot_tables:slotmachinemod:blocks/bj_machine
com.google.gson.JsonSyntaxException: Expected name to be an item, was unknown string 'slotmachinemod:bj_machine'
	at net.minecraft.util.GsonHelper.m_13866_(GsonHelper.java:145) ~[server-1.20.1-20230612.114412-srg.jar%23365!/:?]
	at java.util.Optional.orElseThrow(Optional.java:403) ~[?:?]
	at net.minecraft.util.GsonHelper.m_13874_(GsonHelper.java:145) ~[server-1.20.1-20230612.114412-srg.jar%23365!/:?]
	at net.minecraft.util.GsonHelper.m_13909_(GsonHelper.java:153) ~[server-1.20.1-20230612.114412-srg.jar%23365!/:?]
	at net.minecraft.world.level.storage.loot.entries.LootItem$Serializer.m_7267_(LootItem.java:55) ~[server-1.20.1-20230612.114412-srg.jar%23365!/:?]
	at net.minecraft.world.level.storage.loot.entries.LootItem$Serializer.m_7267_(LootItem.java:40) ~[server-1.20.1-20230612.114412-srg.jar%23365!/:?]
	at net.minecraft.world.level.storage.loot.entries.LootPoolSingletonContainer$Serializer.m_5921_(LootPoolSingletonContainer.java:151) ~[server-1.20.1-20230612.114412-srg.jar%23365!/:?]
	at net.minecraft.world.level.storage.loot.entries.LootPoolSingletonContainer$Serializer.m_5921_(LootPoolSingletonContainer.java:129) ~[server-1.20.1-20230612.114412-srg.jar%23365!/:?]
	at net.minecraft.world.level.storage.loot.entries.LootPoolEntryContainer$Serializer.m_7561_(LootPoolEntryContainer.java:86) ~[server-1.20.1-20230612.114412-srg.jar%23365!/:?]
	at net.minecraft.world.level.storage.loot.entries.LootPoolEntryContainer$Serializer.m_7561_(LootPoolEntryContainer.java:74) ~[server-1.20.1-20230612.114412-srg.jar%23365!/:?]
	at net.minecraft.world.level.storage.loot.GsonAdapterFactory$JsonAdapter.deserialize(GsonAdapterFactory.java:102) ~[server-1.20.1-20230612.114412-srg.jar%23365!/:?]
	at com.google.gson.internal.bind.TreeTypeAdapter.read(TreeTypeAdapter.java:76) ~[gson-2.10.jar%2372!/:?]
	at com.google.gson.internal.bind.TypeAdapterRuntimeTypeWrapper.read(TypeAdapterRuntimeTypeWrapper.java:40) ~[gson-2.10.jar%2372!/:?]
	at com.google.gson.internal.bind.ArrayTypeAdapter.read(ArrayTypeAdapter.java:72) ~[gson-2.10.jar%2372!/:?]
	at com.google.gson.Gson.fromJson(Gson.java:1214) ~[gson-2.10.jar%2372!/:?]
	at com.google.gson.Gson.fromJson(Gson.java:1319) ~[gson-2.10.jar%2372!/:?]
	at com.google.gson.Gson.fromJson(Gson.java:1290) ~[gson-2.10.jar%2372!/:?]
	at com.google.gson.internal.bind.TreeTypeAdapter$GsonContextImpl.deserialize(TreeTypeAdapter.java:179) ~[gson-2.10.jar%2372!/:?]
	at net.minecraft.util.GsonHelper.m_13808_(GsonHelper.java:463) ~[server-1.20.1-20230612.114412-srg.jar%23365!/:?]
	at net.minecraft.util.GsonHelper.m_13836_(GsonHelper.java:471) ~[server-1.20.1-20230612.114412-srg.jar%23365!/:?]
	at net.minecraft.world.level.storage.loot.LootPool$Serializer.deserialize(LootPool.java:192) ~[server-1.20.1-20230612.114412-srg.jar%23365!/:?]
	at net.minecraft.world.level.storage.loot.LootPool$Serializer.deserialize(LootPool.java:189) ~[server-1.20.1-20230612.114412-srg.jar%23365!/:?]
	at com.google.gson.internal.bind.TreeTypeAdapter.read(TreeTypeAdapter.java:76) ~[gson-2.10.jar%2372!/:?]
	at com.google.gson.internal.bind.TypeAdapterRuntimeTypeWrapper.read(TypeAdapterRuntimeTypeWrapper.java:40) ~[gson-2.10.jar%2372!/:?]
	at com.google.gson.internal.bind.ArrayTypeAdapter.read(ArrayTypeAdapter.java:72) ~[gson-2.10.jar%2372!/:?]
	at com.google.gson.Gson.fromJson(Gson.java:1214) ~[gson-2.10.jar%2372!/:?]
	at com.google.gson.Gson.fromJson(Gson.java:1319) ~[gson-2.10.jar%2372!/:?]
	at com.google.gson.Gson.fromJson(Gson.java:1290) ~[gson-2.10.jar%2372!/:?]
	at com.google.gson.internal.bind.TreeTypeAdapter$GsonContextImpl.deserialize(TreeTypeAdapter.java:179) ~[gson-2.10.jar%2372!/:?]
	at net.minecraft.util.GsonHelper.m_13808_(GsonHelper.java:463) ~[server-1.20.1-20230612.114412-srg.jar%23365!/:?]
	at net.minecraft.util.GsonHelper.m_13845_(GsonHelper.java:481) ~[server-1.20.1-20230612.114412-srg.jar%23365!/:?]
	at net.minecraft.world.level.storage.loot.LootTable$Serializer.deserialize(LootTable.java:294) ~[server-1.20.1-20230612.114412-srg.jar%23365!/:?]
	at net.minecraft.world.level.storage.loot.LootTable$Serializer.deserialize(LootTable.java:291) ~[server-1.20.1-20230612.114412-srg.jar%23365!/:?]
	at com.google.gson.internal.bind.TreeTypeAdapter.read(TreeTypeAdapter.java:76) ~[gson-2.10.jar%2372!/:?]
	at com.google.gson.Gson.fromJson(Gson.java:1214) ~[gson-2.10.jar%2372!/:?]
	at com.google.gson.Gson.fromJson(Gson.java:1319) ~[gson-2.10.jar%2372!/:?]
	at com.google.gson.Gson.fromJson(Gson.java:1261) ~[gson-2.10.jar%2372!/:?]
	at net.minecraftforge.common.ForgeHooks.loadLootTable(ForgeHooks.java:871) ~[forge-1.20.1-47.3.7-universal.jar%23370!/:?]
	at net.minecraftforge.common.ForgeHooks.lambda$getLootTableDeserializer$3(ForgeHooks.java:848) ~[forge-1.20.1-47.3.7-universal.jar%23370!/:?]
	at net.minecraft.world.level.storage.loot.LootDataType.deserialize(LootDataType.java:45) ~[server-1.20.1-20230612.114412-srg.jar%23365!/:?]
	at net.minecraft.world.level.storage.loot.LootDataManager.lambda$scheduleElementParse$4(LootDataManager.java:56) ~[server-1.20.1-20230612.114412-srg.jar%23365!/:?]
	at java.util.HashMap.forEach(HashMap.java:1421) ~[?:?]
	at net.minecraft.world.level.storage.loot.LootDataManager.m_278660_(LootDataManager.java:55) ~[server-1.20.1-20230612.114412-srg.jar%23365!/:?]
	at java.util.concurrent.CompletableFuture$AsyncRun.run(CompletableFuture.java:1804) ~[?:?]
	at java.util.concurrent.CompletableFuture$AsyncRun.exec(CompletableFuture.java:1796) ~[?:?]
	at java.util.concurrent.ForkJoinTask.doExec(ForkJoinTask.java:373) ~[?:?]
	at java.util.concurrent.ForkJoinPool$WorkQueue.topLevelExec(ForkJoinPool.java:1182) ~[?:?]
	at java.util.concurrent.ForkJoinPool.scan(ForkJoinPool.java:1655) ~[?:?]
	at java.util.concurrent.ForkJoinPool.runWorker(ForkJoinPool.java:1622) ~[?:?]
	at java.util.concurrent.ForkJoinWorkerThread.run(ForkJoinWorkerThread.java:165) ~[?:?]
[04Apr2025 22:20:17.277] [Worker-Main-3/ERROR] [net.minecraftforge.common.ForgeHooks/]: Couldn't parse element loot_tables:idas:chests/haunted_manor/if_haunted_manor
com.google.gson.JsonSyntaxException: Expected name to be an item, was unknown string 'iceandfire:silver_nugget'
	at net.minecraft.util.GsonHelper.m_13866_(GsonHelper.java:145) ~[server-1.20.1-20230612.114412-srg.jar%23365!/:?]
	at java.util.Optional.orElseThrow(Optional.java:403) ~[?:?]
	at net.minecraft.util.GsonHelper.m_13874_(GsonHelper.java:145) ~[server-1.20.1-20230612.114412-srg.jar%23365!/:?]
	at net.minecraft.util.GsonHelper.m_13909_(GsonHelper.java:153) ~[server-1.20.1-20230612.114412-srg.jar%23365!/:?]
	at net.minecraft.world.level.storage.loot.entries.LootItem$Serializer.m_7267_(LootItem.java:55) ~[server-1.20.1-20230612.114412-srg.jar%23365!/:?]
	at net.minecraft.world.level.storage.loot.entries.LootItem$Serializer.m_7267_(LootItem.java:40) ~[server-1.20.1-20230612.114412-srg.jar%23365!/:?]
	at net.minecraft.world.level.storage.loot.entries.LootPoolSingletonContainer$Serializer.m_5921_(LootPoolSingletonContainer.java:151) ~[server-1.20.1-20230612.114412-srg.jar%23365!/:?]
	at net.minecraft.world.level.storage.loot.entries.LootPoolSingletonContainer$Serializer.m_5921_(LootPoolSingletonContainer.java:129) ~[server-1.20.1-20230612.114412-srg.jar%23365!/:?]
	at net.minecraft.world.level.storage.loot.entries.LootPoolEntryContainer$Serializer.m_7561_(LootPoolEntryContainer.java:86) ~[server-1.20.1-20230612.114412-srg.jar%23365!/:?]
	at net.minecraft.world.level.storage.loot.entries.LootPoolEntryContainer$Serializer.m_7561_(LootPoolEntryContainer.java:74) ~[server-1.20.1-20230612.114412-srg.jar%23365!/:?]
	at net.minecraft.world.level.storage.loot.GsonAdapterFactory$JsonAdapter.deserialize(GsonAdapterFactory.java:102) ~[server-1.20.1-20230612.114412-srg.jar%23365!/:?]
	at com.google.gson.internal.bind.TreeTypeAdapter.read(TreeTypeAdapter.java:76) ~[gson-2.10.jar%2372!/:?]
	at com.google.gson.internal.bind.TypeAdapterRuntimeTypeWrapper.read(TypeAdapterRuntimeTypeWrapper.java:40) ~[gson-2.10.jar%2372!/:?]
	at com.google.gson.internal.bind.ArrayTypeAdapter.read(ArrayTypeAdapter.java:72) ~[gson-2.10.jar%2372!/:?]
	at com.google.gson.Gson.fromJson(Gson.java:1214) ~[gson-2.10.jar%2372!/:?]
	at com.google.gson.Gson.fromJson(Gson.java:1319) ~[gson-2.10.jar%2372!/:?]
	at com.google.gson.Gson.fromJson(Gson.java:1290) ~[gson-2.10.jar%2372!/:?]
	at com.google.gson.internal.bind.TreeTypeAdapter$GsonContextImpl.deserialize(TreeTypeAdapter.java:179) ~[gson-2.10.jar%2372!/:?]
	at net.minecraft.util.GsonHelper.m_13808_(GsonHelper.java:463) ~[server-1.20.1-20230612.114412-srg.jar%23365!/:?]
	at net.minecraft.util.GsonHelper.m_13836_(GsonHelper.java:471) ~[server-1.20.1-20230612.114412-srg.jar%23365!/:?]
	at net.minecraft.world.level.storage.loot.LootPool$Serializer.deserialize(LootPool.java:192) ~[server-1.20.1-20230612.114412-srg.jar%23365!/:?]
	at net.minecraft.world.level.storage.loot.LootPool$Serializer.deserialize(LootPool.java:189) ~[server-1.20.1-20230612.114412-srg.jar%23365!/:?]
	at com.google.gson.internal.bind.TreeTypeAdapter.read(TreeTypeAdapter.java:76) ~[gson-2.10.jar%2372!/:?]
	at com.google.gson.internal.bind.TypeAdapterRuntimeTypeWrapper.read(TypeAdapterRuntimeTypeWrapper.java:40) ~[gson-2.10.jar%2372!/:?]
	at com.google.gson.internal.bind.ArrayTypeAdapter.read(ArrayTypeAdapter.java:72) ~[gson-2.10.jar%2372!/:?]
	at com.google.gson.Gson.fromJson(Gson.java:1214) ~[gson-2.10.jar%2372!/:?]
	at com.google.gson.Gson.fromJson(Gson.java:1319) ~[gson-2.10.jar%2372!/:?]
	at com.google.gson.Gson.fromJson(Gson.java:1290) ~[gson-2.10.jar%2372!/:?]
	at com.google.gson.internal.bind.TreeTypeAdapter$GsonContextImpl.deserialize(TreeTypeAdapter.java:179) ~[gson-2.10.jar%2372!/:?]
	at net.minecraft.util.GsonHelper.m_13808_(GsonHelper.java:463) ~[server-1.20.1-20230612.114412-srg.jar%23365!/:?]
	at net.minecraft.util.GsonHelper.m_13845_(GsonHelper.java:481) ~[server-1.20.1-20230612.114412-srg.jar%23365!/:?]
	at net.minecraft.world.level.storage.loot.LootTable$Serializer.deserialize(LootTable.java:294) ~[server-1.20.1-20230612.114412-srg.jar%23365!/:?]
	at net.minecraft.world.level.storage.loot.LootTable$Serializer.deserialize(LootTable.java:291) ~[server-1.20.1-20230612.114412-srg.jar%23365!/:?]
	at com.google.gson.internal.bind.TreeTypeAdapter.read(TreeTypeAdapter.java:76) ~[gson-2.10.jar%2372!/:?]
	at com.google.gson.Gson.fromJson(Gson.java:1214) ~[gson-2.10.jar%2372!/:?]
	at com.google.gson.Gson.fromJson(Gson.java:1319) ~[gson-2.10.jar%2372!/:?]
	at com.google.gson.Gson.fromJson(Gson.java:1261) ~[gson-2.10.jar%2372!/:?]
	at net.minecraftforge.common.ForgeHooks.loadLootTable(ForgeHooks.java:871) ~[forge-1.20.1-47.3.7-universal.jar%23370!/:?]
	at net.minecraftforge.common.ForgeHooks.lambda$getLootTableDeserializer$3(ForgeHooks.java:848) ~[forge-1.20.1-47.3.7-universal.jar%23370!/:?]
	at net.minecraft.world.level.storage.loot.LootDataType.deserialize(LootDataType.java:45) ~[server-1.20.1-20230612.114412-srg.jar%23365!/:?]
	at net.minecraft.world.level.storage.loot.LootDataManager.lambda$scheduleElementParse$4(LootDataManager.java:56) ~[server-1.20.1-20230612.114412-srg.jar%23365!/:?]
	at java.util.HashMap.forEach(HashMap.java:1421) ~[?:?]
	at net.minecraft.world.level.storage.loot.LootDataManager.m_278660_(LootDataManager.java:55) ~[server-1.20.1-20230612.114412-srg.jar%23365!/:?]
	at java.util.concurrent.CompletableFuture$AsyncRun.run(CompletableFuture.java:1804) ~[?:?]
	at java.util.concurrent.CompletableFuture$AsyncRun.exec(CompletableFuture.java:1796) ~[?:?]
	at java.util.concurrent.ForkJoinTask.doExec(ForkJoinTask.java:373) ~[?:?]
	at java.util.concurrent.ForkJoinPool$WorkQueue.topLevelExec(ForkJoinPool.java:1182) ~[?:?]
	at java.util.concurrent.ForkJoinPool.scan(ForkJoinPool.java:1655) ~[?:?]
	at java.util.concurrent.ForkJoinPool.runWorker(ForkJoinPool.java:1622) ~[?:?]
	at java.util.concurrent.ForkJoinWorkerThread.run(ForkJoinWorkerThread.java:165) ~[?:?]
[04Apr2025 22:20:17.294] [Worker-Main-3/ERROR] [net.minecraftforge.common.ForgeHooks/]: Couldn't parse element loot_tables:idas:chests/labyrinth/if_labyrinth_tomb
com.google.gson.JsonSyntaxException: Expected name to be an item, was unknown string 'iceandfire:sapphire_gem'
	at net.minecraft.util.GsonHelper.m_13866_(GsonHelper.java:145) ~[server-1.20.1-20230612.114412-srg.jar%23365!/:?]
	at java.util.Optional.orElseThrow(Optional.java:403) ~[?:?]
	at net.minecraft.util.GsonHelper.m_13874_(GsonHelper.java:145) ~[server-1.20.1-20230612.114412-srg.jar%23365!/:?]
	at net.minecraft.util.GsonHelper.m_13909_(GsonHelper.java:153) ~[server-1.20.1-20230612.114412-srg.jar%23365!/:?]
	at net.minecraft.world.level.storage.loot.entries.LootItem$Serializer.m_7267_(LootItem.java:55) ~[server-1.20.1-20230612.114412-srg.jar%23365!/:?]
	at net.minecraft.world.level.storage.loot.entries.LootItem$Serializer.m_7267_(LootItem.java:40) ~[server-1.20.1-20230612.114412-srg.jar%23365!/:?]
	at net.minecraft.world.level.storage.loot.entries.LootPoolSingletonContainer$Serializer.m_5921_(LootPoolSingletonContainer.java:151) ~[server-1.20.1-20230612.114412-srg.jar%23365!/:?]
	at net.minecraft.world.level.storage.loot.entries.LootPoolSingletonContainer$Serializer.m_5921_(LootPoolSingletonContainer.java:129) ~[server-1.20.1-20230612.114412-srg.jar%23365!/:?]
	at net.minecraft.world.level.storage.loot.entries.LootPoolEntryContainer$Serializer.m_7561_(LootPoolEntryContainer.java:86) ~[server-1.20.1-20230612.114412-srg.jar%23365!/:?]
	at net.minecraft.world.level.storage.loot.entries.LootPoolEntryContainer$Serializer.m_7561_(LootPoolEntryContainer.java:74) ~[server-1.20.1-20230612.114412-srg.jar%23365!/:?]
	at net.minecraft.world.level.storage.loot.GsonAdapterFactory$JsonAdapter.deserialize(GsonAdapterFactory.java:102) ~[server-1.20.1-20230612.114412-srg.jar%23365!/:?]
	at com.google.gson.internal.bind.TreeTypeAdapter.read(TreeTypeAdapter.java:76) ~[gson-2.10.jar%2372!/:?]
	at com.google.gson.internal.bind.TypeAdapterRuntimeTypeWrapper.read(TypeAdapterRuntimeTypeWrapper.java:40) ~[gson-2.10.jar%2372!/:?]
	at com.google.gson.internal.bind.ArrayTypeAdapter.read(ArrayTypeAdapter.java:72) ~[gson-2.10.jar%2372!/:?]
	at com.google.gson.Gson.fromJson(Gson.java:1214) ~[gson-2.10.jar%2372!/:?]
	at com.google.gson.Gson.fromJson(Gson.java:1319) ~[gson-2.10.jar%2372!/:?]
	at com.google.gson.Gson.fromJson(Gson.java:1290) ~[gson-2.10.jar%2372!/:?]
	at com.google.gson.internal.bind.TreeTypeAdapter$GsonContextImpl.deserialize(TreeTypeAdapter.java:179) ~[gson-2.10.jar%2372!/:?]
	at net.minecraft.util.GsonHelper.m_13808_(GsonHelper.java:463) ~[server-1.20.1-20230612.114412-srg.jar%23365!/:?]
	at net.minecraft.util.GsonHelper.m_13836_(GsonHelper.java:471) ~[server-1.20.1-20230612.114412-srg.jar%23365!/:?]
	at net.minecraft.world.level.storage.loot.LootPool$Serializer.deserialize(LootPool.java:192) ~[server-1.20.1-20230612.114412-srg.jar%23365!/:?]
	at net.minecraft.world.level.storage.loot.LootPool$Serializer.deserialize(LootPool.java:189) ~[server-1.20.1-20230612.114412-srg.jar%23365!/:?]
	at com.google.gson.internal.bind.TreeTypeAdapter.read(TreeTypeAdapter.java:76) ~[gson-2.10.jar%2372!/:?]
	at com.google.gson.internal.bind.TypeAdapterRuntimeTypeWrapper.read(TypeAdapterRuntimeTypeWrapper.java:40) ~[gson-2.10.jar%2372!/:?]
	at com.google.gson.internal.bind.ArrayTypeAdapter.read(ArrayTypeAdapter.java:72) ~[gson-2.10.jar%2372!/:?]
	at com.google.gson.Gson.fromJson(Gson.java:1214) ~[gson-2.10.jar%2372!/:?]
	at com.google.gson.Gson.fromJson(Gson.java:1319) ~[gson-2.10.jar%2372!/:?]
	at com.google.gson.Gson.fromJson(Gson.java:1290) ~[gson-2.10.jar%2372!/:?]
	at com.google.gson.internal.bind.TreeTypeAdapter$GsonContextImpl.deserialize(TreeTypeAdapter.java:179) ~[gson-2.10.jar%2372!/:?]
	at net.minecraft.util.GsonHelper.m_13808_(GsonHelper.java:463) ~[server-1.20.1-20230612.114412-srg.jar%23365!/:?]
	at net.minecraft.util.GsonHelper.m_13845_(GsonHelper.java:481) ~[server-1.20.1-20230612.114412-srg.jar%23365!/:?]
	at net.minecraft.world.level.storage.loot.LootTable$Serializer.deserialize(LootTable.java:294) ~[server-1.20.1-20230612.114412-srg.jar%23365!/:?]
	at net.minecraft.world.level.storage.loot.LootTable$Serializer.deserialize(LootTable.java:291) ~[server-1.20.1-20230612.114412-srg.jar%23365!/:?]
	at com.google.gson.internal.bind.TreeTypeAdapter.read(TreeTypeAdapter.java:76) ~[gson-2.10.jar%2372!/:?]
	at com.google.gson.Gson.fromJson(Gson.java:1214) ~[gson-2.10.jar%2372!/:?]
	at com.google.gson.Gson.fromJson(Gson.java:1319) ~[gson-2.10.jar%2372!/:?]
	at com.google.gson.Gson.fromJson(Gson.java:1261) ~[gson-2.10.jar%2372!/:?]
	at net.minecraftforge.common.ForgeHooks.loadLootTable(ForgeHooks.java:871) ~[forge-1.20.1-47.3.7-universal.jar%23370!/:?]
	at net.minecraftforge.common.ForgeHooks.lambda$getLootTableDeserializer$3(ForgeHooks.java:848) ~[forge-1.20.1-47.3.7-universal.jar%23370!/:?]
	at net.minecraft.world.level.storage.loot.LootDataType.deserialize(LootDataType.java:45) ~[server-1.20.1-20230612.114412-srg.jar%23365!/:?]
	at net.minecraft.world.level.storage.loot.LootDataManager.lambda$scheduleElementParse$4(LootDataManager.java:56) ~[server-1.20.1-20230612.114412-srg.jar%23365!/:?]
	at java.util.HashMap.forEach(HashMap.java:1421) ~[?:?]
	at net.minecraft.world.level.storage.loot.LootDataManager.m_278660_(LootDataManager.java:55) ~[server-1.20.1-20230612.114412-srg.jar%23365!/:?]
	at java.util.concurrent.CompletableFuture$AsyncRun.run(CompletableFuture.java:1804) ~[?:?]
	at java.util.concurrent.CompletableFuture$AsyncRun.exec(CompletableFuture.java:1796) ~[?:?]
	at java.util.concurrent.ForkJoinTask.doExec(ForkJoinTask.java:373) ~[?:?]
	at java.util.concurrent.ForkJoinPool$WorkQueue.topLevelExec(ForkJoinPool.java:1182) ~[?:?]
	at java.util.concurrent.ForkJoinPool.scan(ForkJoinPool.java:1655) ~[?:?]
	at java.util.concurrent.ForkJoinPool.runWorker(ForkJoinPool.java:1622) ~[?:?]
	at java.util.concurrent.ForkJoinWorkerThread.run(ForkJoinWorkerThread.java:165) ~[?:?]
[04Apr2025 22:20:17.420] [Worker-Main-3/ERROR] [net.minecraftforge.common.ForgeHooks/]: Couldn't parse element loot_tables:idas:chests/archmages_tower/archmages_tower_treasure
com.google.gson.JsonSyntaxException: Expected name to be an item, was unknown string 'ars_nouveau:ritual_burrowing'
	at net.minecraft.util.GsonHelper.m_13866_(GsonHelper.java:145) ~[server-1.20.1-20230612.114412-srg.jar%23365!/:?]
	at java.util.Optional.orElseThrow(Optional.java:403) ~[?:?]
	at net.minecraft.util.GsonHelper.m_13874_(GsonHelper.java:145) ~[server-1.20.1-20230612.114412-srg.jar%23365!/:?]
	at net.minecraft.util.GsonHelper.m_13909_(GsonHelper.java:153) ~[server-1.20.1-20230612.114412-srg.jar%23365!/:?]
	at net.minecraft.world.level.storage.loot.entries.LootItem$Serializer.m_7267_(LootItem.java:55) ~[server-1.20.1-20230612.114412-srg.jar%23365!/:?]
	at net.minecraft.world.level.storage.loot.entries.LootItem$Serializer.m_7267_(LootItem.java:40) ~[server-1.20.1-20230612.114412-srg.jar%23365!/:?]
	at net.minecraft.world.level.storage.loot.entries.LootPoolSingletonContainer$Serializer.m_5921_(LootPoolSingletonContainer.java:151) ~[server-1.20.1-20230612.114412-srg.jar%23365!/:?]
	at net.minecraft.world.level.storage.loot.entries.LootPoolSingletonContainer$Serializer.m_5921_(LootPoolSingletonContainer.java:129) ~[server-1.20.1-20230612.114412-srg.jar%23365!/:?]
	at net.minecraft.world.level.storage.loot.entries.LootPoolEntryContainer$Serializer.m_7561_(LootPoolEntryContainer.java:86) ~[server-1.20.1-20230612.114412-srg.jar%23365!/:?]
	at net.minecraft.world.level.storage.loot.entries.LootPoolEntryContainer$Serializer.m_7561_(LootPoolEntryContainer.java:74) ~[server-1.20.1-20230612.114412-srg.jar%23365!/:?]
	at net.minecraft.world.level.storage.loot.GsonAdapterFactory$JsonAdapter.deserialize(GsonAdapterFactory.java:102) ~[server-1.20.1-20230612.114412-srg.jar%23365!/:?]
	at com.google.gson.internal.bind.TreeTypeAdapter.read(TreeTypeAdapter.java:76) ~[gson-2.10.jar%2372!/:?]
	at com.google.gson.internal.bind.TypeAdapterRuntimeTypeWrapper.read(TypeAdapterRuntimeTypeWrapper.java:40) ~[gson-2.10.jar%2372!/:?]
	at com.google.gson.internal.bind.ArrayTypeAdapter.read(ArrayTypeAdapter.java:72) ~[gson-2.10.jar%2372!/:?]
	at com.google.gson.Gson.fromJson(Gson.java:1214) ~[gson-2.10.jar%2372!/:?]
	at com.google.gson.Gson.fromJson(Gson.java:1319) ~[gson-2.10.jar%2372!/:?]
	at com.google.gson.Gson.fromJson(Gson.java:1290) ~[gson-2.10.jar%2372!/:?]
	at com.google.gson.internal.bind.TreeTypeAdapter$GsonContextImpl.deserialize(TreeTypeAdapter.java:179) ~[gson-2.10.jar%2372!/:?]
	at net.minecraft.util.GsonHelper.m_13808_(GsonHelper.java:463) ~[server-1.20.1-20230612.114412-srg.jar%23365!/:?]
	at net.minecraft.util.GsonHelper.m_13836_(GsonHelper.java:471) ~[server-1.20.1-20230612.114412-srg.jar%23365!/:?]
	at net.minecraft.world.level.storage.loot.LootPool$Serializer.deserialize(LootPool.java:192) ~[server-1.20.1-20230612.114412-srg.jar%23365!/:?]
	at net.minecraft.world.level.storage.loot.LootPool$Serializer.deserialize(LootPool.java:189) ~[server-1.20.1-20230612.114412-srg.jar%23365!/:?]
	at com.google.gson.internal.bind.TreeTypeAdapter.read(TreeTypeAdapter.java:76) ~[gson-2.10.jar%2372!/:?]
	at com.google.gson.internal.bind.TypeAdapterRuntimeTypeWrapper.read(TypeAdapterRuntimeTypeWrapper.java:40) ~[gson-2.10.jar%2372!/:?]
	at com.google.gson.internal.bind.ArrayTypeAdapter.read(ArrayTypeAdapter.java:72) ~[gson-2.10.jar%2372!/:?]
	at com.google.gson.Gson.fromJson(Gson.java:1214) ~[gson-2.10.jar%2372!/:?]
	at com.google.gson.Gson.fromJson(Gson.java:1319) ~[gson-2.10.jar%2372!/:?]
	at com.google.gson.Gson.fromJson(Gson.java:1290) ~[gson-2.10.jar%2372!/:?]
	at com.google.gson.internal.bind.TreeTypeAdapter$GsonContextImpl.deserialize(TreeTypeAdapter.java:179) ~[gson-2.10.jar%2372!/:?]
	at net.minecraft.util.GsonHelper.m_13808_(GsonHelper.java:463) ~[server-1.20.1-20230612.114412-srg.jar%23365!/:?]
	at net.minecraft.util.GsonHelper.m_13845_(GsonHelper.java:481) ~[server-1.20.1-20230612.114412-srg.jar%23365!/:?]
	at net.minecraft.world.level.storage.loot.LootTable$Serializer.deserialize(LootTable.java:294) ~[server-1.20.1-20230612.114412-srg.jar%23365!/:?]
	at net.minecraft.world.level.storage.loot.LootTable$Serializer.deserialize(LootTable.java:291) ~[server-1.20.1-20230612.114412-srg.jar%23365!/:?]
	at com.google.gson.internal.bind.TreeTypeAdapter.read(TreeTypeAdapter.java:76) ~[gson-2.10.jar%2372!/:?]
	at com.google.gson.Gson.fromJson(Gson.java:1214) ~[gson-2.10.jar%2372!/:?]
	at com.google.gson.Gson.fromJson(Gson.java:1319) ~[gson-2.10.jar%2372!/:?]
	at com.google.gson.Gson.fromJson(Gson.java:1261) ~[gson-2.10.jar%2372!/:?]
	at net.minecraftforge.common.ForgeHooks.loadLootTable(ForgeHooks.java:871) ~[forge-1.20.1-47.3.7-universal.jar%23370!/:?]
	at net.minecraftforge.common.ForgeHooks.lambda$getLootTableDeserializer$3(ForgeHooks.java:848) ~[forge-1.20.1-47.3.7-universal.jar%23370!/:?]
	at net.minecraft.world.level.storage.loot.LootDataType.deserialize(LootDataType.java:45) ~[server-1.20.1-20230612.114412-srg.jar%23365!/:?]
	at net.minecraft.world.level.storage.loot.LootDataManager.lambda$scheduleElementParse$4(LootDataManager.java:56) ~[server-1.20.1-20230612.114412-srg.jar%23365!/:?]
	at java.util.HashMap.forEach(HashMap.java:1421) ~[?:?]
	at net.minecraft.world.level.storage.loot.LootDataManager.m_278660_(LootDataManager.java:55) ~[server-1.20.1-20230612.114412-srg.jar%23365!/:?]
	at java.util.concurrent.CompletableFuture$AsyncRun.run(CompletableFuture.java:1804) ~[?:?]
	at java.util.concurrent.CompletableFuture$AsyncRun.exec(CompletableFuture.java:1796) ~[?:?]
	at java.util.concurrent.ForkJoinTask.doExec(ForkJoinTask.java:373) ~[?:?]
	at java.util.concurrent.ForkJoinPool$WorkQueue.topLevelExec(ForkJoinPool.java:1182) ~[?:?]
	at java.util.concurrent.ForkJoinPool.scan(ForkJoinPool.java:1655) ~[?:?]
	at java.util.concurrent.ForkJoinPool.runWorker(ForkJoinPool.java:1622) ~[?:?]
	at java.util.concurrent.ForkJoinWorkerThread.run(ForkJoinWorkerThread.java:165) ~[?:?]
[04Apr2025 22:20:17.478] [Worker-Main-3/ERROR] [net.minecraftforge.common.ForgeHooks/]: Couldn't parse element loot_tables:idas:chests/archmages_tower/archmages_tower_library
com.google.gson.JsonSyntaxException: Expected name to be an item, was unknown string 'ars_nouveau:worn_notebook'
	at net.minecraft.util.GsonHelper.m_13866_(GsonHelper.java:145) ~[server-1.20.1-20230612.114412-srg.jar%23365!/:?]
	at java.util.Optional.orElseThrow(Optional.java:403) ~[?:?]
	at net.minecraft.util.GsonHelper.m_13874_(GsonHelper.java:145) ~[server-1.20.1-20230612.114412-srg.jar%23365!/:?]
	at net.minecraft.util.GsonHelper.m_13909_(GsonHelper.java:153) ~[server-1.20.1-20230612.114412-srg.jar%23365!/:?]
	at net.minecraft.world.level.storage.loot.entries.LootItem$Serializer.m_7267_(LootItem.java:55) ~[server-1.20.1-20230612.114412-srg.jar%23365!/:?]
	at net.minecraft.world.level.storage.loot.entries.LootItem$Serializer.m_7267_(LootItem.java:40) ~[server-1.20.1-20230612.114412-srg.jar%23365!/:?]
	at net.minecraft.world.level.storage.loot.entries.LootPoolSingletonContainer$Serializer.m_5921_(LootPoolSingletonContainer.java:151) ~[server-1.20.1-20230612.114412-srg.jar%23365!/:?]
	at net.minecraft.world.level.storage.loot.entries.LootPoolSingletonContainer$Serializer.m_5921_(LootPoolSingletonContainer.java:129) ~[server-1.20.1-20230612.114412-srg.jar%23365!/:?]
	at net.minecraft.world.level.storage.loot.entries.LootPoolEntryContainer$Serializer.m_7561_(LootPoolEntryContainer.java:86) ~[server-1.20.1-20230612.114412-srg.jar%23365!/:?]
	at net.minecraft.world.level.storage.loot.entries.LootPoolEntryContainer$Serializer.m_7561_(LootPoolEntryContainer.java:74) ~[server-1.20.1-20230612.114412-srg.jar%23365!/:?]
	at net.minecraft.world.level.storage.loot.GsonAdapterFactory$JsonAdapter.deserialize(GsonAdapterFactory.java:102) ~[server-1.20.1-20230612.114412-srg.jar%23365!/:?]
	at com.google.gson.internal.bind.TreeTypeAdapter.read(TreeTypeAdapter.java:76) ~[gson-2.10.jar%2372!/:?]
	at com.google.gson.internal.bind.TypeAdapterRuntimeTypeWrapper.read(TypeAdapterRuntimeTypeWrapper.java:40) ~[gson-2.10.jar%2372!/:?]
	at com.google.gson.internal.bind.ArrayTypeAdapter.read(ArrayTypeAdapter.java:72) ~[gson-2.10.jar%2372!/:?]
	at com.google.gson.Gson.fromJson(Gson.java:1214) ~[gson-2.10.jar%2372!/:?]
	at com.google.gson.Gson.fromJson(Gson.java:1319) ~[gson-2.10.jar%2372!/:?]
	at com.google.gson.Gson.fromJson(Gson.java:1290) ~[gson-2.10.jar%2372!/:?]
	at com.google.gson.internal.bind.TreeTypeAdapter$GsonContextImpl.deserialize(TreeTypeAdapter.java:179) ~[gson-2.10.jar%2372!/:?]
	at net.minecraft.util.GsonHelper.m_13808_(GsonHelper.java:463) ~[server-1.20.1-20230612.114412-srg.jar%23365!/:?]
	at net.minecraft.util.GsonHelper.m_13836_(GsonHelper.java:471) ~[server-1.20.1-20230612.114412-srg.jar%23365!/:?]
	at net.minecraft.world.level.storage.loot.LootPool$Serializer.deserialize(LootPool.java:192) ~[server-1.20.1-20230612.114412-srg.jar%23365!/:?]
	at net.minecraft.world.level.storage.loot.LootPool$Serializer.deserialize(LootPool.java:189) ~[server-1.20.1-20230612.114412-srg.jar%23365!/:?]
	at com.google.gson.internal.bind.TreeTypeAdapter.read(TreeTypeAdapter.java:76) ~[gson-2.10.jar%2372!/:?]
	at com.google.gson.internal.bind.TypeAdapterRuntimeTypeWrapper.read(TypeAdapterRuntimeTypeWrapper.java:40) ~[gson-2.10.jar%2372!/:?]
	at com.google.gson.internal.bind.ArrayTypeAdapter.read(ArrayTypeAdapter.java:72) ~[gson-2.10.jar%2372!/:?]
	at com.google.gson.Gson.fromJson(Gson.java:1214) ~[gson-2.10.jar%2372!/:?]
	at com.google.gson.Gson.fromJson(Gson.java:1319) ~[gson-2.10.jar%2372!/:?]
	at com.google.gson.Gson.fromJson(Gson.java:1290) ~[gson-2.10.jar%2372!/:?]
	at com.google.gson.internal.bind.TreeTypeAdapter$GsonContextImpl.deserialize(TreeTypeAdapter.java:179) ~[gson-2.10.jar%2372!/:?]
	at net.minecraft.util.GsonHelper.m_13808_(GsonHelper.java:463) ~[server-1.20.1-20230612.114412-srg.jar%23365!/:?]
	at net.minecraft.util.GsonHelper.m_13845_(GsonHelper.java:481) ~[server-1.20.1-20230612.114412-srg.jar%23365!/:?]
	at net.minecraft.world.level.storage.loot.LootTable$Serializer.deserialize(LootTable.java:294) ~[server-1.20.1-20230612.114412-srg.jar%23365!/:?]
	at net.minecraft.world.level.storage.loot.LootTable$Serializer.deserialize(LootTable.java:291) ~[server-1.20.1-20230612.114412-srg.jar%23365!/:?]
	at com.google.gson.internal.bind.TreeTypeAdapter.read(TreeTypeAdapter.java:76) ~[gson-2.10.jar%2372!/:?]
	at com.google.gson.Gson.fromJson(Gson.java:1214) ~[gson-2.10.jar%2372!/:?]
	at com.google.gson.Gson.fromJson(Gson.java:1319) ~[gson-2.10.jar%2372!/:?]
	at com.google.gson.Gson.fromJson(Gson.java:1261) ~[gson-2.10.jar%2372!/:?]
	at net.minecraftforge.common.ForgeHooks.loadLootTable(ForgeHooks.java:871) ~[forge-1.20.1-47.3.7-universal.jar%23370!/:?]
	at net.minecraftforge.common.ForgeHooks.lambda$getLootTableDeserializer$3(ForgeHooks.java:848) ~[forge-1.20.1-47.3.7-universal.jar%23370!/:?]
	at net.minecraft.world.level.storage.loot.LootDataType.deserialize(LootDataType.java:45) ~[server-1.20.1-20230612.114412-srg.jar%23365!/:?]
	at net.minecraft.world.level.storage.loot.LootDataManager.lambda$scheduleElementParse$4(LootDataManager.java:56) ~[server-1.20.1-20230612.114412-srg.jar%23365!/:?]
	at java.util.HashMap.forEach(HashMap.java:1421) ~[?:?]
	at net.minecraft.world.level.storage.loot.LootDataManager.m_278660_(LootDataManager.java:55) ~[server-1.20.1-20230612.114412-srg.jar%23365!/:?]
	at java.util.concurrent.CompletableFuture$AsyncRun.run(CompletableFuture.java:1804) ~[?:?]
	at java.util.concurrent.CompletableFuture$AsyncRun.exec(CompletableFuture.java:1796) ~[?:?]
	at java.util.concurrent.ForkJoinTask.doExec(ForkJoinTask.java:373) ~[?:?]
	at java.util.concurrent.ForkJoinPool$WorkQueue.topLevelExec(ForkJoinPool.java:1182) ~[?:?]
	at java.util.concurrent.ForkJoinPool.scan(ForkJoinPool.java:1655) ~[?:?]
	at java.util.concurrent.ForkJoinPool.runWorker(ForkJoinPool.java:1622) ~[?:?]
	at java.util.concurrent.ForkJoinWorkerThread.run(ForkJoinWorkerThread.java:165) ~[?:?]
[04Apr2025 22:20:17.653] [Worker-Main-3/ERROR] [net.minecraftforge.common.ForgeHooks/]: Couldn't parse element loot_tables:idas:chests/enchantingtower/enchantingtower_basic_ars
com.google.gson.JsonSyntaxException: Expected name to be an item, was unknown string 'ars_nouveau:novice_spell_book'
	at net.minecraft.util.GsonHelper.m_13866_(GsonHelper.java:145) ~[server-1.20.1-20230612.114412-srg.jar%23365!/:?]
	at java.util.Optional.orElseThrow(Optional.java:403) ~[?:?]
	at net.minecraft.util.GsonHelper.m_13874_(GsonHelper.java:145) ~[server-1.20.1-20230612.114412-srg.jar%23365!/:?]
	at net.minecraft.util.GsonHelper.m_13909_(GsonHelper.java:153) ~[server-1.20.1-20230612.114412-srg.jar%23365!/:?]
	at net.minecraft.world.level.storage.loot.entries.LootItem$Serializer.m_7267_(LootItem.java:55) ~[server-1.20.1-20230612.114412-srg.jar%23365!/:?]
	at net.minecraft.world.level.storage.loot.entries.LootItem$Serializer.m_7267_(LootItem.java:40) ~[server-1.20.1-20230612.114412-srg.jar%23365!/:?]
	at net.minecraft.world.level.storage.loot.entries.LootPoolSingletonContainer$Serializer.m_5921_(LootPoolSingletonContainer.java:151) ~[server-1.20.1-20230612.114412-srg.jar%23365!/:?]
	at net.minecraft.world.level.storage.loot.entries.LootPoolSingletonContainer$Serializer.m_5921_(LootPoolSingletonContainer.java:129) ~[server-1.20.1-20230612.114412-srg.jar%23365!/:?]
	at net.minecraft.world.level.storage.loot.entries.LootPoolEntryContainer$Serializer.m_7561_(LootPoolEntryContainer.java:86) ~[server-1.20.1-20230612.114412-srg.jar%23365!/:?]
	at net.minecraft.world.level.storage.loot.entries.LootPoolEntryContainer$Serializer.m_7561_(LootPoolEntryContainer.java:74) ~[server-1.20.1-20230612.114412-srg.jar%23365!/:?]
	at net.minecraft.world.level.storage.loot.GsonAdapterFactory$JsonAdapter.deserialize(GsonAdapterFactory.java:102) ~[server-1.20.1-20230612.114412-srg.jar%23365!/:?]
	at com.google.gson.internal.bind.TreeTypeAdapter.read(TreeTypeAdapter.java:76) ~[gson-2.10.jar%2372!/:?]
	at com.google.gson.internal.bind.TypeAdapterRuntimeTypeWrapper.read(TypeAdapterRuntimeTypeWrapper.java:40) ~[gson-2.10.jar%2372!/:?]
	at com.google.gson.internal.bind.ArrayTypeAdapter.read(ArrayTypeAdapter.java:72) ~[gson-2.10.jar%2372!/:?]
	at com.google.gson.Gson.fromJson(Gson.java:1214) ~[gson-2.10.jar%2372!/:?]
	at com.google.gson.Gson.fromJson(Gson.java:1319) ~[gson-2.10.jar%2372!/:?]
	at com.google.gson.Gson.fromJson(Gson.java:1290) ~[gson-2.10.jar%2372!/:?]
	at com.google.gson.internal.bind.TreeTypeAdapter$GsonContextImpl.deserialize(TreeTypeAdapter.java:179) ~[gson-2.10.jar%2372!/:?]
	at net.minecraft.util.GsonHelper.m_13808_(GsonHelper.java:463) ~[server-1.20.1-20230612.114412-srg.jar%23365!/:?]
	at net.minecraft.util.GsonHelper.m_13836_(GsonHelper.java:471) ~[server-1.20.1-20230612.114412-srg.jar%23365!/:?]
	at net.minecraft.world.level.storage.loot.LootPool$Serializer.deserialize(LootPool.java:192) ~[server-1.20.1-20230612.114412-srg.jar%23365!/:?]
	at net.minecraft.world.level.storage.loot.LootPool$Serializer.deserialize(LootPool.java:189) ~[server-1.20.1-20230612.114412-srg.jar%23365!/:?]
	at com.google.gson.internal.bind.TreeTypeAdapter.read(TreeTypeAdapter.java:76) ~[gson-2.10.jar%2372!/:?]
	at com.google.gson.internal.bind.TypeAdapterRuntimeTypeWrapper.read(TypeAdapterRuntimeTypeWrapper.java:40) ~[gson-2.10.jar%2372!/:?]
	at com.google.gson.internal.bind.ArrayTypeAdapter.read(ArrayTypeAdapter.java:72) ~[gson-2.10.jar%2372!/:?]
	at com.google.gson.Gson.fromJson(Gson.java:1214) ~[gson-2.10.jar%2372!/:?]
	at com.google.gson.Gson.fromJson(Gson.java:1319) ~[gson-2.10.jar%2372!/:?]
	at com.google.gson.Gson.fromJson(Gson.java:1290) ~[gson-2.10.jar%2372!/:?]
	at com.google.gson.internal.bind.TreeTypeAdapter$GsonContextImpl.deserialize(TreeTypeAdapter.java:179) ~[gson-2.10.jar%2372!/:?]
	at net.minecraft.util.GsonHelper.m_13808_(GsonHelper.java:463) ~[server-1.20.1-20230612.114412-srg.jar%23365!/:?]
	at net.minecraft.util.GsonHelper.m_13845_(GsonHelper.java:481) ~[server-1.20.1-20230612.114412-srg.jar%23365!/:?]
	at net.minecraft.world.level.storage.loot.LootTable$Serializer.deserialize(LootTable.java:294) ~[server-1.20.1-20230612.114412-srg.jar%23365!/:?]
	at net.minecraft.world.level.storage.loot.LootTable$Serializer.deserialize(LootTable.java:291) ~[server-1.20.1-20230612.114412-srg.jar%23365!/:?]
	at com.google.gson.internal.bind.TreeTypeAdapter.read(TreeTypeAdapter.java:76) ~[gson-2.10.jar%2372!/:?]
	at com.google.gson.Gson.fromJson(Gson.java:1214) ~[gson-2.10.jar%2372!/:?]
	at com.google.gson.Gson.fromJson(Gson.java:1319) ~[gson-2.10.jar%2372!/:?]
	at com.google.gson.Gson.fromJson(Gson.java:1261) ~[gson-2.10.jar%2372!/:?]
	at net.minecraftforge.common.ForgeHooks.loadLootTable(ForgeHooks.java:871) ~[forge-1.20.1-47.3.7-universal.jar%23370!/:?]
	at net.minecraftforge.common.ForgeHooks.lambda$getLootTableDeserializer$3(ForgeHooks.java:848) ~[forge-1.20.1-47.3.7-universal.jar%23370!/:?]
	at net.minecraft.world.level.storage.loot.LootDataType.deserialize(LootDataType.java:45) ~[server-1.20.1-20230612.114412-srg.jar%23365!/:?]
	at net.minecraft.world.level.storage.loot.LootDataManager.lambda$scheduleElementParse$4(LootDataManager.java:56) ~[server-1.20.1-20230612.114412-srg.jar%23365!/:?]
	at java.util.HashMap.forEach(HashMap.java:1421) ~[?:?]
	at net.minecraft.world.level.storage.loot.LootDataManager.m_278660_(LootDataManager.java:55) ~[server-1.20.1-20230612.114412-srg.jar%23365!/:?]
	at java.util.concurrent.CompletableFuture$AsyncRun.run(CompletableFuture.java:1804) ~[?:?]
	at java.util.concurrent.CompletableFuture$AsyncRun.exec(CompletableFuture.java:1796) ~[?:?]
	at java.util.concurrent.ForkJoinTask.doExec(ForkJoinTask.java:373) ~[?:?]
	at java.util.concurrent.ForkJoinPool$WorkQueue.topLevelExec(ForkJoinPool.java:1182) ~[?:?]
	at java.util.concurrent.ForkJoinPool.scan(ForkJoinPool.java:1655) ~[?:?]
	at java.util.concurrent.ForkJoinPool.runWorker(ForkJoinPool.java:1622) ~[?:?]
	at java.util.concurrent.ForkJoinWorkerThread.run(ForkJoinWorkerThread.java:165) ~[?:?]
[04Apr2025 22:20:17.741] [Worker-Main-3/ERROR] [net.minecraftforge.common.ForgeHooks/]: Couldn't parse element loot_tables:idas:chests/dread_citadel/dread_citadel_throne
com.google.gson.JsonSyntaxException: Expected name to be an item, was unknown string 'iceandfire:dread_shard'
	at net.minecraft.util.GsonHelper.m_13866_(GsonHelper.java:145) ~[server-1.20.1-20230612.114412-srg.jar%23365!/:?]
	at java.util.Optional.orElseThrow(Optional.java:403) ~[?:?]
	at net.minecraft.util.GsonHelper.m_13874_(GsonHelper.java:145) ~[server-1.20.1-20230612.114412-srg.jar%23365!/:?]
	at net.minecraft.util.GsonHelper.m_13909_(GsonHelper.java:153) ~[server-1.20.1-20230612.114412-srg.jar%23365!/:?]
	at net.minecraft.world.level.storage.loot.entries.LootItem$Serializer.m_7267_(LootItem.java:55) ~[server-1.20.1-20230612.114412-srg.jar%23365!/:?]
	at net.minecraft.world.level.storage.loot.entries.LootItem$Serializer.m_7267_(LootItem.java:40) ~[server-1.20.1-20230612.114412-srg.jar%23365!/:?]
	at net.minecraft.world.level.storage.loot.entries.LootPoolSingletonContainer$Serializer.m_5921_(LootPoolSingletonContainer.java:151) ~[server-1.20.1-20230612.114412-srg.jar%23365!/:?]
	at net.minecraft.world.level.storage.loot.entries.LootPoolSingletonContainer$Serializer.m_5921_(LootPoolSingletonContainer.java:129) ~[server-1.20.1-20230612.114412-srg.jar%23365!/:?]
	at net.minecraft.world.level.storage.loot.entries.LootPoolEntryContainer$Serializer.m_7561_(LootPoolEntryContainer.java:86) ~[server-1.20.1-20230612.114412-srg.jar%23365!/:?]
	at net.minecraft.world.level.storage.loot.entries.LootPoolEntryContainer$Serializer.m_7561_(LootPoolEntryContainer.java:74) ~[server-1.20.1-20230612.114412-srg.jar%23365!/:?]
	at net.minecraft.world.level.storage.loot.GsonAdapterFactory$JsonAdapter.deserialize(GsonAdapterFactory.java:102) ~[server-1.20.1-20230612.114412-srg.jar%23365!/:?]
	at com.google.gson.internal.bind.TreeTypeAdapter.read(TreeTypeAdapter.java:76) ~[gson-2.10.jar%2372!/:?]
	at com.google.gson.internal.bind.TypeAdapterRuntimeTypeWrapper.read(TypeAdapterRuntimeTypeWrapper.java:40) ~[gson-2.10.jar%2372!/:?]
	at com.google.gson.internal.bind.ArrayTypeAdapter.read(ArrayTypeAdapter.java:72) ~[gson-2.10.jar%2372!/:?]
	at com.google.gson.Gson.fromJson(Gson.java:1214) ~[gson-2.10.jar%2372!/:?]
	at com.google.gson.Gson.fromJson(Gson.java:1319) ~[gson-2.10.jar%2372!/:?]
	at com.google.gson.Gson.fromJson(Gson.java:1290) ~[gson-2.10.jar%2372!/:?]
	at com.google.gson.internal.bind.TreeTypeAdapter$GsonContextImpl.deserialize(TreeTypeAdapter.java:179) ~[gson-2.10.jar%2372!/:?]
	at net.minecraft.util.GsonHelper.m_13808_(GsonHelper.java:463) ~[server-1.20.1-20230612.114412-srg.jar%23365!/:?]
	at net.minecraft.util.GsonHelper.m_13836_(GsonHelper.java:471) ~[server-1.20.1-20230612.114412-srg.jar%23365!/:?]
	at net.minecraft.world.level.storage.loot.LootPool$Serializer.deserialize(LootPool.java:192) ~[server-1.20.1-20230612.114412-srg.jar%23365!/:?]
	at net.minecraft.world.level.storage.loot.LootPool$Serializer.deserialize(LootPool.java:189) ~[server-1.20.1-20230612.114412-srg.jar%23365!/:?]
	at com.google.gson.internal.bind.TreeTypeAdapter.read(TreeTypeAdapter.java:76) ~[gson-2.10.jar%2372!/:?]
	at com.google.gson.internal.bind.TypeAdapterRuntimeTypeWrapper.read(TypeAdapterRuntimeTypeWrapper.java:40) ~[gson-2.10.jar%2372!/:?]
	at com.google.gson.internal.bind.ArrayTypeAdapter.read(ArrayTypeAdapter.java:72) ~[gson-2.10.jar%2372!/:?]
	at com.google.gson.Gson.fromJson(Gson.java:1214) ~[gson-2.10.jar%2372!/:?]
	at com.google.gson.Gson.fromJson(Gson.java:1319) ~[gson-2.10.jar%2372!/:?]
	at com.google.gson.Gson.fromJson(Gson.java:1290) ~[gson-2.10.jar%2372!/:?]
	at com.google.gson.internal.bind.TreeTypeAdapter$GsonContextImpl.deserialize(TreeTypeAdapter.java:179) ~[gson-2.10.jar%2372!/:?]
	at net.minecraft.util.GsonHelper.m_13808_(GsonHelper.java:463) ~[server-1.20.1-20230612.114412-srg.jar%23365!/:?]
	at net.minecraft.util.GsonHelper.m_13845_(GsonHelper.java:481) ~[server-1.20.1-20230612.114412-srg.jar%23365!/:?]
	at net.minecraft.world.level.storage.loot.LootTable$Serializer.deserialize(LootTable.java:294) ~[server-1.20.1-20230612.114412-srg.jar%23365!/:?]
	at net.minecraft.world.level.storage.loot.LootTable$Serializer.deserialize(LootTable.java:291) ~[server-1.20.1-20230612.114412-srg.jar%23365!/:?]
	at com.google.gson.internal.bind.TreeTypeAdapter.read(TreeTypeAdapter.java:76) ~[gson-2.10.jar%2372!/:?]
	at com.google.gson.Gson.fromJson(Gson.java:1214) ~[gson-2.10.jar%2372!/:?]
	at com.google.gson.Gson.fromJson(Gson.java:1319) ~[gson-2.10.jar%2372!/:?]
	at com.google.gson.Gson.fromJson(Gson.java:1261) ~[gson-2.10.jar%2372!/:?]
	at net.minecraftforge.common.ForgeHooks.loadLootTable(ForgeHooks.java:871) ~[forge-1.20.1-47.3.7-universal.jar%23370!/:?]
	at net.minecraftforge.common.ForgeHooks.lambda$getLootTableDeserializer$3(ForgeHooks.java:848) ~[forge-1.20.1-47.3.7-universal.jar%23370!/:?]
	at net.minecraft.world.level.storage.loot.LootDataType.deserialize(LootDataType.java:45) ~[server-1.20.1-20230612.114412-srg.jar%23365!/:?]
	at net.minecraft.world.level.storage.loot.LootDataManager.lambda$scheduleElementParse$4(LootDataManager.java:56) ~[server-1.20.1-20230612.114412-srg.jar%23365!/:?]
	at java.util.HashMap.forEach(HashMap.java:1421) ~[?:?]
	at net.minecraft.world.level.storage.loot.LootDataManager.m_278660_(LootDataManager.java:55) ~[server-1.20.1-20230612.114412-srg.jar%23365!/:?]
	at java.util.concurrent.CompletableFuture$AsyncRun.run(CompletableFuture.java:1804) ~[?:?]
	at java.util.concurrent.CompletableFuture$AsyncRun.exec(CompletableFuture.java:1796) ~[?:?]
	at java.util.concurrent.ForkJoinTask.doExec(ForkJoinTask.java:373) ~[?:?]
	at java.util.concurrent.ForkJoinPool$WorkQueue.topLevelExec(ForkJoinPool.java:1182) ~[?:?]
	at java.util.concurrent.ForkJoinPool.scan(ForkJoinPool.java:1655) ~[?:?]
	at java.util.concurrent.ForkJoinPool.runWorker(ForkJoinPool.java:1622) ~[?:?]
	at java.util.concurrent.ForkJoinWorkerThread.run(ForkJoinWorkerThread.java:165) ~[?:?]
[04Apr2025 22:20:17.800] [Worker-Main-3/ERROR] [net.minecraftforge.common.ForgeHooks/]: Couldn't parse element loot_tables:idas:chests/dread_citadel/dread_citadel_library
com.google.gson.JsonSyntaxException: Expected name to be an item, was unknown string 'iceandfire:dread_shard'
	at net.minecraft.util.GsonHelper.m_13866_(GsonHelper.java:145) ~[server-1.20.1-20230612.114412-srg.jar%23365!/:?]
	at java.util.Optional.orElseThrow(Optional.java:403) ~[?:?]
	at net.minecraft.util.GsonHelper.m_13874_(GsonHelper.java:145) ~[server-1.20.1-20230612.114412-srg.jar%23365!/:?]
	at net.minecraft.util.GsonHelper.m_13909_(GsonHelper.java:153) ~[server-1.20.1-20230612.114412-srg.jar%23365!/:?]
	at net.minecraft.world.level.storage.loot.entries.LootItem$Serializer.m_7267_(LootItem.java:55) ~[server-1.20.1-20230612.114412-srg.jar%23365!/:?]
	at net.minecraft.world.level.storage.loot.entries.LootItem$Serializer.m_7267_(LootItem.java:40) ~[server-1.20.1-20230612.114412-srg.jar%23365!/:?]
	at net.minecraft.world.level.storage.loot.entries.LootPoolSingletonContainer$Serializer.m_5921_(LootPoolSingletonContainer.java:151) ~[server-1.20.1-20230612.114412-srg.jar%23365!/:?]
	at net.minecraft.world.level.storage.loot.entries.LootPoolSingletonContainer$Serializer.m_5921_(LootPoolSingletonContainer.java:129) ~[server-1.20.1-20230612.114412-srg.jar%23365!/:?]
	at net.minecraft.world.level.storage.loot.entries.LootPoolEntryContainer$Serializer.m_7561_(LootPoolEntryContainer.java:86) ~[server-1.20.1-20230612.114412-srg.jar%23365!/:?]
	at net.minecraft.world.level.storage.loot.entries.LootPoolEntryContainer$Serializer.m_7561_(LootPoolEntryContainer.java:74) ~[server-1.20.1-20230612.114412-srg.jar%23365!/:?]
	at net.minecraft.world.level.storage.loot.GsonAdapterFactory$JsonAdapter.deserialize(GsonAdapterFactory.java:102) ~[server-1.20.1-20230612.114412-srg.jar%23365!/:?]
	at com.google.gson.internal.bind.TreeTypeAdapter.read(TreeTypeAdapter.java:76) ~[gson-2.10.jar%2372!/:?]
	at com.google.gson.internal.bind.TypeAdapterRuntimeTypeWrapper.read(TypeAdapterRuntimeTypeWrapper.java:40) ~[gson-2.10.jar%2372!/:?]
	at com.google.gson.internal.bind.ArrayTypeAdapter.read(ArrayTypeAdapter.java:72) ~[gson-2.10.jar%2372!/:?]
	at com.google.gson.Gson.fromJson(Gson.java:1214) ~[gson-2.10.jar%2372!/:?]
	at com.google.gson.Gson.fromJson(Gson.java:1319) ~[gson-2.10.jar%2372!/:?]
	at com.google.gson.Gson.fromJson(Gson.java:1290) ~[gson-2.10.jar%2372!/:?]
	at com.google.gson.internal.bind.TreeTypeAdapter$GsonContextImpl.deserialize(TreeTypeAdapter.java:179) ~[gson-2.10.jar%2372!/:?]
	at net.minecraft.util.GsonHelper.m_13808_(GsonHelper.java:463) ~[server-1.20.1-20230612.114412-srg.jar%23365!/:?]
	at net.minecraft.util.GsonHelper.m_13836_(GsonHelper.java:471) ~[server-1.20.1-20230612.114412-srg.jar%23365!/:?]
	at net.minecraft.world.level.storage.loot.LootPool$Serializer.deserialize(LootPool.java:192) ~[server-1.20.1-20230612.114412-srg.jar%23365!/:?]
	at net.minecraft.world.level.storage.loot.LootPool$Serializer.deserialize(LootPool.java:189) ~[server-1.20.1-20230612.114412-srg.jar%23365!/:?]
	at com.google.gson.internal.bind.TreeTypeAdapter.read(TreeTypeAdapter.java:76) ~[gson-2.10.jar%2372!/:?]
	at com.google.gson.internal.bind.TypeAdapterRuntimeTypeWrapper.read(TypeAdapterRuntimeTypeWrapper.java:40) ~[gson-2.10.jar%2372!/:?]
	at com.google.gson.internal.bind.ArrayTypeAdapter.read(ArrayTypeAdapter.java:72) ~[gson-2.10.jar%2372!/:?]
	at com.google.gson.Gson.fromJson(Gson.java:1214) ~[gson-2.10.jar%2372!/:?]
	at com.google.gson.Gson.fromJson(Gson.java:1319) ~[gson-2.10.jar%2372!/:?]
	at com.google.gson.Gson.fromJson(Gson.java:1290) ~[gson-2.10.jar%2372!/:?]
	at com.google.gson.internal.bind.TreeTypeAdapter$GsonContextImpl.deserialize(TreeTypeAdapter.java:179) ~[gson-2.10.jar%2372!/:?]
	at net.minecraft.util.GsonHelper.m_13808_(GsonHelper.java:463) ~[server-1.20.1-20230612.114412-srg.jar%23365!/:?]
	at net.minecraft.util.GsonHelper.m_13845_(GsonHelper.java:481) ~[server-1.20.1-20230612.114412-srg.jar%23365!/:?]
	at net.minecraft.world.level.storage.loot.LootTable$Serializer.deserialize(LootTable.java:294) ~[server-1.20.1-20230612.114412-srg.jar%23365!/:?]
	at net.minecraft.world.level.storage.loot.LootTable$Serializer.deserialize(LootTable.java:291) ~[server-1.20.1-20230612.114412-srg.jar%23365!/:?]
	at com.google.gson.internal.bind.TreeTypeAdapter.read(TreeTypeAdapter.java:76) ~[gson-2.10.jar%2372!/:?]
	at com.google.gson.Gson.fromJson(Gson.java:1214) ~[gson-2.10.jar%2372!/:?]
	at com.google.gson.Gson.fromJson(Gson.java:1319) ~[gson-2.10.jar%2372!/:?]
	at com.google.gson.Gson.fromJson(Gson.java:1261) ~[gson-2.10.jar%2372!/:?]
	at net.minecraftforge.common.ForgeHooks.loadLootTable(ForgeHooks.java:871) ~[forge-1.20.1-47.3.7-universal.jar%23370!/:?]
	at net.minecraftforge.common.ForgeHooks.lambda$getLootTableDeserializer$3(ForgeHooks.java:848) ~[forge-1.20.1-47.3.7-universal.jar%23370!/:?]
	at net.minecraft.world.level.storage.loot.LootDataType.deserialize(LootDataType.java:45) ~[server-1.20.1-20230612.114412-srg.jar%23365!/:?]
	at net.minecraft.world.level.storage.loot.LootDataManager.lambda$scheduleElementParse$4(LootDataManager.java:56) ~[server-1.20.1-20230612.114412-srg.jar%23365!/:?]
	at java.util.HashMap.forEach(HashMap.java:1421) ~[?:?]
	at net.minecraft.world.level.storage.loot.LootDataManager.m_278660_(LootDataManager.java:55) ~[server-1.20.1-20230612.114412-srg.jar%23365!/:?]
	at java.util.concurrent.CompletableFuture$AsyncRun.run(CompletableFuture.java:1804) ~[?:?]
	at java.util.concurrent.CompletableFuture$AsyncRun.exec(CompletableFuture.java:1796) ~[?:?]
	at java.util.concurrent.ForkJoinTask.doExec(ForkJoinTask.java:373) ~[?:?]
	at java.util.concurrent.ForkJoinPool$WorkQueue.topLevelExec(ForkJoinPool.java:1182) ~[?:?]
	at java.util.concurrent.ForkJoinPool.scan(ForkJoinPool.java:1655) ~[?:?]
	at java.util.concurrent.ForkJoinPool.runWorker(ForkJoinPool.java:1622) ~[?:?]
	at java.util.concurrent.ForkJoinWorkerThread.run(ForkJoinWorkerThread.java:165) ~[?:?]
[04Apr2025 22:20:17.904] [Worker-Main-3/ERROR] [net.minecraftforge.common.ForgeHooks/]: Couldn't parse element loot_tables:idas:chests/enchantingtower/enchantingtower_top_ars
com.google.gson.JsonSyntaxException: Expected name to be an item, was unknown string 'ars_nouveau:scryer_scroll'
	at net.minecraft.util.GsonHelper.m_13866_(GsonHelper.java:145) ~[server-1.20.1-20230612.114412-srg.jar%23365!/:?]
	at java.util.Optional.orElseThrow(Optional.java:403) ~[?:?]
	at net.minecraft.util.GsonHelper.m_13874_(GsonHelper.java:145) ~[server-1.20.1-20230612.114412-srg.jar%23365!/:?]
	at net.minecraft.util.GsonHelper.m_13909_(GsonHelper.java:153) ~[server-1.20.1-20230612.114412-srg.jar%23365!/:?]
	at net.minecraft.world.level.storage.loot.entries.LootItem$Serializer.m_7267_(LootItem.java:55) ~[server-1.20.1-20230612.114412-srg.jar%23365!/:?]
	at net.minecraft.world.level.storage.loot.entries.LootItem$Serializer.m_7267_(LootItem.java:40) ~[server-1.20.1-20230612.114412-srg.jar%23365!/:?]
	at net.minecraft.world.level.storage.loot.entries.LootPoolSingletonContainer$Serializer.m_5921_(LootPoolSingletonContainer.java:151) ~[server-1.20.1-20230612.114412-srg.jar%23365!/:?]
	at net.minecraft.world.level.storage.loot.entries.LootPoolSingletonContainer$Serializer.m_5921_(LootPoolSingletonContainer.java:129) ~[server-1.20.1-20230612.114412-srg.jar%23365!/:?]
	at net.minecraft.world.level.storage.loot.entries.LootPoolEntryContainer$Serializer.m_7561_(LootPoolEntryContainer.java:86) ~[server-1.20.1-20230612.114412-srg.jar%23365!/:?]
	at net.minecraft.world.level.storage.loot.entries.LootPoolEntryContainer$Serializer.m_7561_(LootPoolEntryContainer.java:74) ~[server-1.20.1-20230612.114412-srg.jar%23365!/:?]
	at net.minecraft.world.level.storage.loot.GsonAdapterFactory$JsonAdapter.deserialize(GsonAdapterFactory.java:102) ~[server-1.20.1-20230612.114412-srg.jar%23365!/:?]
	at com.google.gson.internal.bind.TreeTypeAdapter.read(TreeTypeAdapter.java:76) ~[gson-2.10.jar%2372!/:?]
	at com.google.gson.internal.bind.TypeAdapterRuntimeTypeWrapper.read(TypeAdapterRuntimeTypeWrapper.java:40) ~[gson-2.10.jar%2372!/:?]
	at com.google.gson.internal.bind.ArrayTypeAdapter.read(ArrayTypeAdapter.java:72) ~[gson-2.10.jar%2372!/:?]
	at com.google.gson.Gson.fromJson(Gson.java:1214) ~[gson-2.10.jar%2372!/:?]
	at com.google.gson.Gson.fromJson(Gson.java:1319) ~[gson-2.10.jar%2372!/:?]
	at com.google.gson.Gson.fromJson(Gson.java:1290) ~[gson-2.10.jar%2372!/:?]
	at com.google.gson.internal.bind.TreeTypeAdapter$GsonContextImpl.deserialize(TreeTypeAdapter.java:179) ~[gson-2.10.jar%2372!/:?]
	at net.minecraft.util.GsonHelper.m_13808_(GsonHelper.java:463) ~[server-1.20.1-20230612.114412-srg.jar%23365!/:?]
	at net.minecraft.util.GsonHelper.m_13836_(GsonHelper.java:471) ~[server-1.20.1-20230612.114412-srg.jar%23365!/:?]
	at net.minecraft.world.level.storage.loot.LootPool$Serializer.deserialize(LootPool.java:192) ~[server-1.20.1-20230612.114412-srg.jar%23365!/:?]
	at net.minecraft.world.level.storage.loot.LootPool$Serializer.deserialize(LootPool.java:189) ~[server-1.20.1-20230612.114412-srg.jar%23365!/:?]
	at com.google.gson.internal.bind.TreeTypeAdapter.read(TreeTypeAdapter.java:76) ~[gson-2.10.jar%2372!/:?]
	at com.google.gson.internal.bind.TypeAdapterRuntimeTypeWrapper.read(TypeAdapterRuntimeTypeWrapper.java:40) ~[gson-2.10.jar%2372!/:?]
	at com.google.gson.internal.bind.ArrayTypeAdapter.read(ArrayTypeAdapter.java:72) ~[gson-2.10.jar%2372!/:?]
	at com.google.gson.Gson.fromJson(Gson.java:1214) ~[gson-2.10.jar%2372!/:?]
	at com.google.gson.Gson.fromJson(Gson.java:1319) ~[gson-2.10.jar%2372!/:?]
	at com.google.gson.Gson.fromJson(Gson.java:1290) ~[gson-2.10.jar%2372!/:?]
	at com.google.gson.internal.bind.TreeTypeAdapter$GsonContextImpl.deserialize(TreeTypeAdapter.java:179) ~[gson-2.10.jar%2372!/:?]
	at net.minecraft.util.GsonHelper.m_13808_(GsonHelper.java:463) ~[server-1.20.1-20230612.114412-srg.jar%23365!/:?]
	at net.minecraft.util.GsonHelper.m_13845_(GsonHelper.java:481) ~[server-1.20.1-20230612.114412-srg.jar%23365!/:?]
	at net.minecraft.world.level.storage.loot.LootTable$Serializer.deserialize(LootTable.java:294) ~[server-1.20.1-20230612.114412-srg.jar%23365!/:?]
	at net.minecraft.world.level.storage.loot.LootTable$Serializer.deserialize(LootTable.java:291) ~[server-1.20.1-20230612.114412-srg.jar%23365!/:?]
	at com.google.gson.internal.bind.TreeTypeAdapter.read(TreeTypeAdapter.java:76) ~[gson-2.10.jar%2372!/:?]
	at com.google.gson.Gson.fromJson(Gson.java:1214) ~[gson-2.10.jar%2372!/:?]
	at com.google.gson.Gson.fromJson(Gson.java:1319) ~[gson-2.10.jar%2372!/:?]
	at com.google.gson.Gson.fromJson(Gson.java:1261) ~[gson-2.10.jar%2372!/:?]
	at net.minecraftforge.common.ForgeHooks.loadLootTable(ForgeHooks.java:871) ~[forge-1.20.1-47.3.7-universal.jar%23370!/:?]
	at net.minecraftforge.common.ForgeHooks.lambda$getLootTableDeserializer$3(ForgeHooks.java:848) ~[forge-1.20.1-47.3.7-universal.jar%23370!/:?]
	at net.minecraft.world.level.storage.loot.LootDataType.deserialize(LootDataType.java:45) ~[server-1.20.1-20230612.114412-srg.jar%23365!/:?]
	at net.minecraft.world.level.storage.loot.LootDataManager.lambda$scheduleElementParse$4(LootDataManager.java:56) ~[server-1.20.1-20230612.114412-srg.jar%23365!/:?]
	at java.util.HashMap.forEach(HashMap.java:1421) ~[?:?]
	at net.minecraft.world.level.storage.loot.LootDataManager.m_278660_(LootDataManager.java:55) ~[server-1.20.1-20230612.114412-srg.jar%23365!/:?]
	at java.util.concurrent.CompletableFuture$AsyncRun.run(CompletableFuture.java:1804) ~[?:?]
	at java.util.concurrent.CompletableFuture$AsyncRun.exec(CompletableFuture.java:1796) ~[?:?]
	at java.util.concurrent.ForkJoinTask.doExec(ForkJoinTask.java:373) ~[?:?]
	at java.util.concurrent.ForkJoinPool$WorkQueue.topLevelExec(ForkJoinPool.java:1182) ~[?:?]
	at java.util.concurrent.ForkJoinPool.scan(ForkJoinPool.java:1655) ~[?:?]
	at java.util.concurrent.ForkJoinPool.runWorker(ForkJoinPool.java:1622) ~[?:?]
	at java.util.concurrent.ForkJoinWorkerThread.run(ForkJoinWorkerThread.java:165) ~[?:?]
[04Apr2025 22:20:17.915] [Worker-Main-3/ERROR] [net.minecraftforge.common.ForgeHooks/]: Couldn't parse element loot_tables:idas:chests/archmages_tower/archmages_tower
com.google.gson.JsonSyntaxException: Expected name to be an item, was unknown string 'ars_nouveau:magebloom_fiber'
	at net.minecraft.util.GsonHelper.m_13866_(GsonHelper.java:145) ~[server-1.20.1-20230612.114412-srg.jar%23365!/:?]
	at java.util.Optional.orElseThrow(Optional.java:403) ~[?:?]
	at net.minecraft.util.GsonHelper.m_13874_(GsonHelper.java:145) ~[server-1.20.1-20230612.114412-srg.jar%23365!/:?]
	at net.minecraft.util.GsonHelper.m_13909_(GsonHelper.java:153) ~[server-1.20.1-20230612.114412-srg.jar%23365!/:?]
	at net.minecraft.world.level.storage.loot.entries.LootItem$Serializer.m_7267_(LootItem.java:55) ~[server-1.20.1-20230612.114412-srg.jar%23365!/:?]
	at net.minecraft.world.level.storage.loot.entries.LootItem$Serializer.m_7267_(LootItem.java:40) ~[server-1.20.1-20230612.114412-srg.jar%23365!/:?]
	at net.minecraft.world.level.storage.loot.entries.LootPoolSingletonContainer$Serializer.m_5921_(LootPoolSingletonContainer.java:151) ~[server-1.20.1-20230612.114412-srg.jar%23365!/:?]
	at net.minecraft.world.level.storage.loot.entries.LootPoolSingletonContainer$Serializer.m_5921_(LootPoolSingletonContainer.java:129) ~[server-1.20.1-20230612.114412-srg.jar%23365!/:?]
	at net.minecraft.world.level.storage.loot.entries.LootPoolEntryContainer$Serializer.m_7561_(LootPoolEntryContainer.java:86) ~[server-1.20.1-20230612.114412-srg.jar%23365!/:?]
	at net.minecraft.world.level.storage.loot.entries.LootPoolEntryContainer$Serializer.m_7561_(LootPoolEntryContainer.java:74) ~[server-1.20.1-20230612.114412-srg.jar%23365!/:?]
	at net.minecraft.world.level.storage.loot.GsonAdapterFactory$JsonAdapter.deserialize(GsonAdapterFactory.java:102) ~[server-1.20.1-20230612.114412-srg.jar%23365!/:?]
	at com.google.gson.internal.bind.TreeTypeAdapter.read(TreeTypeAdapter.java:76) ~[gson-2.10.jar%2372!/:?]
	at com.google.gson.internal.bind.TypeAdapterRuntimeTypeWrapper.read(TypeAdapterRuntimeTypeWrapper.java:40) ~[gson-2.10.jar%2372!/:?]
	at com.google.gson.internal.bind.ArrayTypeAdapter.read(ArrayTypeAdapter.java:72) ~[gson-2.10.jar%2372!/:?]
	at com.google.gson.Gson.fromJson(Gson.java:1214) ~[gson-2.10.jar%2372!/:?]
	at com.google.gson.Gson.fromJson(Gson.java:1319) ~[gson-2.10.jar%2372!/:?]
	at com.google.gson.Gson.fromJson(Gson.java:1290) ~[gson-2.10.jar%2372!/:?]
	at com.google.gson.internal.bind.TreeTypeAdapter$GsonContextImpl.deserialize(TreeTypeAdapter.java:179) ~[gson-2.10.jar%2372!/:?]
	at net.minecraft.util.GsonHelper.m_13808_(GsonHelper.java:463) ~[server-1.20.1-20230612.114412-srg.jar%23365!/:?]
	at net.minecraft.util.GsonHelper.m_13836_(GsonHelper.java:471) ~[server-1.20.1-20230612.114412-srg.jar%23365!/:?]
	at net.minecraft.world.level.storage.loot.LootPool$Serializer.deserialize(LootPool.java:192) ~[server-1.20.1-20230612.114412-srg.jar%23365!/:?]
	at net.minecraft.world.level.storage.loot.LootPool$Serializer.deserialize(LootPool.java:189) ~[server-1.20.1-20230612.114412-srg.jar%23365!/:?]
	at com.google.gson.internal.bind.TreeTypeAdapter.read(TreeTypeAdapter.java:76) ~[gson-2.10.jar%2372!/:?]
	at com.google.gson.internal.bind.TypeAdapterRuntimeTypeWrapper.read(TypeAdapterRuntimeTypeWrapper.java:40) ~[gson-2.10.jar%2372!/:?]
	at com.google.gson.internal.bind.ArrayTypeAdapter.read(ArrayTypeAdapter.java:72) ~[gson-2.10.jar%2372!/:?]
	at com.google.gson.Gson.fromJson(Gson.java:1214) ~[gson-2.10.jar%2372!/:?]
	at com.google.gson.Gson.fromJson(Gson.java:1319) ~[gson-2.10.jar%2372!/:?]
	at com.google.gson.Gson.fromJson(Gson.java:1290) ~[gson-2.10.jar%2372!/:?]
	at com.google.gson.internal.bind.TreeTypeAdapter$GsonContextImpl.deserialize(TreeTypeAdapter.java:179) ~[gson-2.10.jar%2372!/:?]
	at net.minecraft.util.GsonHelper.m_13808_(GsonHelper.java:463) ~[server-1.20.1-20230612.114412-srg.jar%23365!/:?]
	at net.minecraft.util.GsonHelper.m_13845_(GsonHelper.java:481) ~[server-1.20.1-20230612.114412-srg.jar%23365!/:?]
	at net.minecraft.world.level.storage.loot.LootTable$Serializer.deserialize(LootTable.java:294) ~[server-1.20.1-20230612.114412-srg.jar%23365!/:?]
	at net.minecraft.world.level.storage.loot.LootTable$Serializer.deserialize(LootTable.java:291) ~[server-1.20.1-20230612.114412-srg.jar%23365!/:?]
	at com.google.gson.internal.bind.TreeTypeAdapter.read(TreeTypeAdapter.java:76) ~[gson-2.10.jar%2372!/:?]
	at com.google.gson.Gson.fromJson(Gson.java:1214) ~[gson-2.10.jar%2372!/:?]
	at com.google.gson.Gson.fromJson(Gson.java:1319) ~[gson-2.10.jar%2372!/:?]
	at com.google.gson.Gson.fromJson(Gson.java:1261) ~[gson-2.10.jar%2372!/:?]
	at net.minecraftforge.common.ForgeHooks.loadLootTable(ForgeHooks.java:871) ~[forge-1.20.1-47.3.7-universal.jar%23370!/:?]
	at net.minecraftforge.common.ForgeHooks.lambda$getLootTableDeserializer$3(ForgeHooks.java:848) ~[forge-1.20.1-47.3.7-universal.jar%23370!/:?]
	at net.minecraft.world.level.storage.loot.LootDataType.deserialize(LootDataType.java:45) ~[server-1.20.1-20230612.114412-srg.jar%23365!/:?]
	at net.minecraft.world.level.storage.loot.LootDataManager.lambda$scheduleElementParse$4(LootDataManager.java:56) ~[server-1.20.1-20230612.114412-srg.jar%23365!/:?]
	at java.util.HashMap.forEach(HashMap.java:1421) ~[?:?]
	at net.minecraft.world.level.storage.loot.LootDataManager.m_278660_(LootDataManager.java:55) ~[server-1.20.1-20230612.114412-srg.jar%23365!/:?]
	at java.util.concurrent.CompletableFuture$AsyncRun.run(CompletableFuture.java:1804) ~[?:?]
	at java.util.concurrent.CompletableFuture$AsyncRun.exec(CompletableFuture.java:1796) ~[?:?]
	at java.util.concurrent.ForkJoinTask.doExec(ForkJoinTask.java:373) ~[?:?]
	at java.util.concurrent.ForkJoinPool$WorkQueue.topLevelExec(ForkJoinPool.java:1182) ~[?:?]
	at java.util.concurrent.ForkJoinPool.scan(ForkJoinPool.java:1655) ~[?:?]
	at java.util.concurrent.ForkJoinPool.runWorker(ForkJoinPool.java:1622) ~[?:?]
	at java.util.concurrent.ForkJoinWorkerThread.run(ForkJoinWorkerThread.java:165) ~[?:?]
[04Apr2025 22:20:17.983] [main/INFO] [com.teamabnormals.blueprint.core.Blueprint/]: Loot Modification Manager has loaded 5 modifier groups
[04Apr2025 22:20:18.070] [main/WARN] [net.minecraft.world.level.storage.loot.LootDataManager/]: Found loot table element validation problem in {loot_tables:sons_of_sins:entities/walking_bed}.pools[0].entries[0].functions[1]: Parameters [<parameter minecraft:tool>] are not provided in this context
[04Apr2025 22:20:18.071] [main/WARN] [net.minecraft.world.level.storage.loot.LootDataManager/]: Found loot table element validation problem in {loot_tables:sons_of_sins:entities/blud}.pools[0].entries[0].functions[1]: Parameters [<parameter minecraft:tool>] are not provided in this context
[04Apr2025 22:20:18.071] [main/WARN] [net.minecraft.world.level.storage.loot.LootDataManager/]: Found loot table element validation problem in {loot_tables:sons_of_sins:entities/prowler}.pools[0].entries[0].functions[1]: Parameters [<parameter minecraft:tool>] are not provided in this context
[04Apr2025 22:20:18.071] [main/WARN] [net.minecraft.world.level.storage.loot.LootDataManager/]: Found loot table element validation problem in {loot_tables:sons_of_sins:entities/butcher}.pools[0].entries[0].functions[1]: Parameters [<parameter minecraft:tool>] are not provided in this context
[04Apr2025 22:20:18.131] [main/INFO] [net.minecraft.world.item.crafting.RecipeManager/]: Skipping loading recipe productivebees:expansion_boxes/expansion_box_byg_cypress as it's serializer returned null
[04Apr2025 22:20:18.136] [main/INFO] [net.minecraft.world.item.crafting.RecipeManager/]: Skipping loading recipe atmospheric:aspen_fence_from_aspen_logs_sawing as it's serializer returned null
[04Apr2025 22:20:18.154] [main/WARN] [quark-zeta/]: Non-existent flag calcite being used
[04Apr2025 22:20:18.175] [main/INFO] [net.minecraft.world.item.crafting.RecipeManager/]: Skipping loading recipe productivebees:hives/advanced_biomesoplenty_magic_beehive as it's serializer returned null
[04Apr2025 22:20:18.175] [main/INFO] [net.minecraft.world.item.crafting.RecipeManager/]: Skipping loading recipe environmental:plum_planks_from_plum_logs_sawing as it's serializer returned null
[04Apr2025 22:20:18.176] [main/INFO] [net.minecraft.world.item.crafting.RecipeManager/]: Skipping loading recipe environmental:chiseled_pine_bookshelf as it's serializer returned null
[04Apr2025 22:20:18.177] [main/INFO] [net.minecraft.world.item.crafting.RecipeManager/]: Skipping loading recipe productivebees:hives/advanced_biomesoplenty_dead_beehive as it's serializer returned null
[04Apr2025 22:20:18.177] [main/INFO] [net.minecraft.world.item.crafting.RecipeManager/]: Skipping loading recipe environmental:wisteria_bookshelf as it's serializer returned null
[04Apr2025 22:20:18.179] [main/WARN] [quark-zeta/]: Non-existent flag tuff being used
[04Apr2025 22:20:18.180] [main/INFO] [net.minecraft.world.item.crafting.RecipeManager/]: Skipping loading recipe productivebees:hives/advanced_biomesoplenty_magic_beehive_clear as it's serializer returned null
[04Apr2025 22:20:18.180] [main/INFO] [net.minecraft.world.item.crafting.RecipeManager/]: Skipping loading recipe productivebees:expansion_boxes/expansion_box_byg_palm as it's serializer returned null
[04Apr2025 22:20:18.180] [main/INFO] [net.minecraft.world.item.crafting.RecipeManager/]: Skipping loading recipe endergetic:poise_fence_from_poise_planks_sawing as it's serializer returned null
[04Apr2025 22:20:18.180] [main/WARN] [quark-zeta/]: Non-existent flag andesite being used
[04Apr2025 22:20:18.181] [main/INFO] [net.minecraft.world.item.crafting.RecipeManager/]: Skipping loading recipe environmental:duck_egg as it's serializer returned null
[04Apr2025 22:20:18.182] [main/INFO] [net.minecraft.world.item.crafting.RecipeManager/]: Skipping loading recipe productivebees:hives/advanced_upgrade_aquatic_driftwood_beehive_clear as it's serializer returned null
[04Apr2025 22:20:18.182] [main/INFO] [net.minecraft.world.item.crafting.RecipeManager/]: Skipping loading recipe environmental:blue_wisteria_leaf_pile as it's serializer returned null
[04Apr2025 22:20:18.194] [main/WARN] [quark-zeta/]: Non-existent flag granite being used
[04Apr2025 22:20:18.195] [main/INFO] [net.minecraft.world.item.crafting.RecipeManager/]: Skipping loading recipe productivebees:hives/advanced_byg_bulbis_beehive_clear as it's serializer returned null
[04Apr2025 22:20:18.195] [main/WARN] [quark-zeta/]: Non-existent flag calcite being used
[04Apr2025 22:20:18.196] [main/INFO] [net.minecraft.world.item.crafting.RecipeManager/]: Skipping loading recipe atmospheric:laurel_fence_gate_from_laurel_logs_sawing as it's serializer returned null
[04Apr2025 22:20:18.197] [main/INFO] [net.minecraft.world.item.crafting.RecipeManager/]: Skipping loading recipe environmental:pine_boards_from_pine_planks_sawing as it's serializer returned null
[04Apr2025 22:20:18.197] [main/INFO] [net.minecraft.world.item.crafting.RecipeManager/]: Skipping loading recipe productivebees:hives/advanced_regions_unexplored_pink_bioshroom_beehive_clear as it's serializer returned null
[04Apr2025 22:20:18.207] [main/WARN] [quark-zeta/]: Non-existent flag dripstone being used
[04Apr2025 22:20:18.207] [main/INFO] [net.minecraft.world.item.crafting.RecipeManager/]: Skipping loading recipe productivebees:corail/woodcutter/mahogany_canvas_expansion_box as it's serializer returned null
[04Apr2025 22:20:18.210] [main/INFO] [net.minecraft.world.item.crafting.RecipeManager/]: Skipping loading recipe atmospheric:rosewood_leaf_pile as it's serializer returned null
[04Apr2025 22:20:18.211] [main/INFO] [net.minecraft.world.item.crafting.RecipeManager/]: Skipping loading recipe productivebees:corail/woodcutter/willow_canvas_expansion_box as it's serializer returned null
[04Apr2025 22:20:18.213] [main/INFO] [net.minecraft.world.item.crafting.RecipeManager/]: Skipping loading recipe productivebees:expansion_boxes/expansion_box_regions_unexplored_magnolia as it's serializer returned null
[04Apr2025 22:20:18.213] [main/INFO] [net.minecraft.world.item.crafting.RecipeManager/]: Skipping loading recipe endergetic:cracked_purpur_block_from_baking as it's serializer returned null
[04Apr2025 22:20:18.213] [main/INFO] [net.minecraft.world.item.crafting.RecipeManager/]: Skipping loading recipe productivebees:hives/advanced_byg_white_mangrove_beehive_clear as it's serializer returned null
[04Apr2025 22:20:18.213] [main/INFO] [net.minecraft.world.item.crafting.RecipeManager/]: Skipping loading recipe productivebees:expansion_boxes/expansion_box_regions_unexplored_eucalyptus as it's serializer returned null
[04Apr2025 22:20:18.214] [main/WARN] [quark-zeta/]: Non-existent flag dripstone being used
[04Apr2025 22:20:18.214] [main/WARN] [quark-zeta/]: Non-existent flag tuff being used
[04Apr2025 22:20:18.215] [main/INFO] [net.minecraft.world.item.crafting.RecipeManager/]: Skipping loading recipe atmospheric:yucca_button_from_yucca_logs_sawing as it's serializer returned null
[04Apr2025 22:20:18.222] [main/INFO] [net.minecraft.world.item.crafting.RecipeManager/]: Skipping loading recipe productivebees:corail/woodcutter/crimson_canvas_expansion_box as it's serializer returned null
[04Apr2025 22:20:18.223] [main/INFO] [net.minecraft.world.item.crafting.RecipeManager/]: Skipping loading recipe atmospheric:aspen_boards_from_aspen_planks_sawing as it's serializer returned null
[04Apr2025 22:20:18.223] [main/INFO] [net.minecraft.world.item.crafting.RecipeManager/]: Skipping loading recipe productivebees:hives/advanced_regions_unexplored_redwood_beehive_clear as it's serializer returned null
[04Apr2025 22:20:18.225] [main/INFO] [net.minecraft.world.item.crafting.RecipeManager/]: Skipping loading recipe atmospheric:morado_trapdoor_from_morado_logs_sawing as it's serializer returned null
[04Apr2025 22:20:18.226] [main/WARN] [quark-zeta/]: Non-existent flag calcite being used
[04Apr2025 22:20:18.226] [main/INFO] [net.minecraft.world.item.crafting.RecipeManager/]: Skipping loading recipe environmental:chiseled_plum_bookshelf as it's serializer returned null
[04Apr2025 22:20:18.226] [main/INFO] [net.minecraft.world.item.crafting.RecipeManager/]: Skipping loading recipe environmental:plum_sign_from_plum_logs_sawing as it's serializer returned null
[04Apr2025 22:20:18.226] [main/INFO] [net.minecraft.world.item.crafting.RecipeManager/]: Skipping loading recipe productivebees:hives/advanced_regions_unexplored_maple_beehive_clear as it's serializer returned null
[04Apr2025 22:20:18.227] [main/INFO] [net.minecraft.world.item.crafting.RecipeManager/]: Skipping loading recipe productivebees:corail/woodcutter/bamboo_canvas_hive as it's serializer returned null
[04Apr2025 22:20:18.228] [main/INFO] [net.minecraft.world.item.crafting.RecipeManager/]: Skipping loading recipe productivebees:hives/advanced_regions_unexplored_palm_beehive_clear as it's serializer returned null
[04Apr2025 22:20:18.228] [main/WARN] [quark-zeta/]: Non-existent flag dripstone being used
[04Apr2025 22:20:18.228] [main/INFO] [net.minecraft.world.item.crafting.RecipeManager/]: Skipping loading recipe productivebees:hives/advanced_regions_unexplored_magnolia_beehive_clear as it's serializer returned null
[04Apr2025 22:20:18.229] [main/INFO] [net.minecraft.world.item.crafting.RecipeManager/]: Skipping loading recipe atmospheric:yucca_pressure_plate_from_yucca_logs_sawing as it's serializer returned null
[04Apr2025 22:20:18.229] [main/INFO] [net.minecraft.world.item.crafting.RecipeManager/]: Skipping loading recipe environmental:pink_wisteria_leaves_from_leaf_piles as it's serializer returned null
[04Apr2025 22:20:18.234] [main/WARN] [quark-zeta/]: Non-existent flag andesite being used
[04Apr2025 22:20:18.235] [main/INFO] [net.minecraft.world.item.crafting.RecipeManager/]: Skipping loading recipe atmospheric:grimwood_boards_from_grimwood_logs_sawing as it's serializer returned null
[04Apr2025 22:20:18.236] [main/WARN] [quark-zeta/]: Non-existent flag tuff being used
[04Apr2025 22:20:18.237] [main/INFO] [net.minecraft.world.item.crafting.RecipeManager/]: Skipping loading recipe productivebees:expansion_boxes/expansion_box_byg_lament as it's serializer returned null
[04Apr2025 22:20:18.237] [main/INFO] [net.minecraft.world.item.crafting.RecipeManager/]: Skipping loading recipe productivebees:corail/woodcutter/warped_canvas_expansion_box as it's serializer returned null
[04Apr2025 22:20:18.238] [main/INFO] [net.minecraft.world.item.crafting.RecipeManager/]: Skipping loading recipe atmospheric:kousa_leaf_pile as it's serializer returned null
[04Apr2025 22:20:18.238] [main/INFO] [net.minecraft.world.item.crafting.RecipeManager/]: Skipping loading recipe atmospheric:grimwood_ladder as it's serializer returned null
[04Apr2025 22:20:18.239] [main/INFO] [net.minecraft.world.item.crafting.RecipeManager/]: Skipping loading recipe atmospheric:laurel_boards_from_laurel_planks_sawing as it's serializer returned null
[04Apr2025 22:20:18.239] [main/ERROR] [net.minecraft.world.item.crafting.RecipeManager/]: Parsing error loading recipe create:cutting/compat/environmental/cherry_log
com.google.gson.JsonSyntaxException: Unknown item 'environmental:cherry_log'
	at net.minecraft.world.item.crafting.ShapedRecipe.m_151280_(ShapedRecipe.java:292) ~[server-1.20.1-20230612.114412-srg.jar%23365!/:?]
	at java.util.Optional.orElseThrow(Optional.java:403) ~[?:?]
	at net.minecraft.world.item.crafting.ShapedRecipe.m_151278_(ShapedRecipe.java:291) ~[server-1.20.1-20230612.114412-srg.jar%23365!/:?]
	at net.minecraft.world.item.crafting.Ingredient.m_43919_(Ingredient.java:219) ~[server-1.20.1-20230612.114412-srg.jar%23365!/:?]
	at net.minecraftforge.common.crafting.VanillaIngredientSerializer.parse(VanillaIngredientSerializer.java:27) ~[forge-1.20.1-47.3.7-universal.jar%23370!/:?]
	at net.minecraftforge.common.crafting.CraftingHelper.getIngredient(CraftingHelper.java:148) ~[forge-1.20.1-47.3.7-universal.jar%23370!/:?]
	at net.minecraft.world.item.crafting.Ingredient.m_288218_(Ingredient.java:194) ~[server-1.20.1-20230612.114412-srg.jar%23365!/:?]
	at net.minecraft.world.item.crafting.Ingredient.m_43917_(Ingredient.java:189) ~[server-1.20.1-20230612.114412-srg.jar%23365!/:?]
	at com.simibubi.create.content.processing.recipe.ProcessingRecipeSerializer.readFromJson(ProcessingRecipeSerializer.java:66) ~[create-1.20.1-0.5.1.j.jar%23259!/:0.5.1.j]
	at com.simibubi.create.content.processing.recipe.ProcessingRecipeSerializer.fromJson(ProcessingRecipeSerializer.java:154) ~[create-1.20.1-0.5.1.j.jar%23259!/:0.5.1.j]
	at com.simibubi.create.content.processing.recipe.ProcessingRecipeSerializer.m_6729_(ProcessingRecipeSerializer.java:21) ~[create-1.20.1-0.5.1.j.jar%23259!/:0.5.1.j]
	at net.minecraftforge.common.extensions.IForgeRecipeSerializer.fromJson(IForgeRecipeSerializer.java:23) ~[forge-1.20.1-47.3.7-universal.jar%23370!/:?]
	at net.minecraft.world.item.crafting.RecipeManager.fromJson(RecipeManager.java:171) ~[server-1.20.1-20230612.114412-srg.jar%23365!/:?]
	at net.minecraft.world.item.crafting.RecipeManager.m_5787_(RecipeManager.java:67) ~[server-1.20.1-20230612.114412-srg.jar%23365!/:?]
	at net.minecraft.world.item.crafting.RecipeManager.m_5787_(RecipeManager.java:34) ~[server-1.20.1-20230612.114412-srg.jar%23365!/:?]
	at net.minecraft.server.packs.resources.SimplePreparableReloadListener.m_10789_(SimplePreparableReloadListener.java:13) ~[server-1.20.1-20230612.114412-srg.jar%23365!/:?]
	at java.util.concurrent.CompletableFuture$UniAccept.tryFire(CompletableFuture.java:718) ~[?:?]
	at java.util.concurrent.CompletableFuture$Completion.run(CompletableFuture.java:482) ~[?:?]
	at net.minecraft.server.packs.resources.SimpleReloadInstance.m_143940_(SimpleReloadInstance.java:69) ~[server-1.20.1-20230612.114412-srg.jar%23365!/:?]
	at net.minecraft.Util.m_214652_(Util.java:783) ~[server-1.20.1-20230612.114412-srg.jar%23365!/:?]
	at net.minecraft.Util.m_214679_(Util.java:772) ~[server-1.20.1-20230612.114412-srg.jar%23365!/:?]
	at net.minecraft.server.Main.main(Main.java:166) ~[server-1.20.1-20230612.114412-srg.jar%23365!/:?]
	at jdk.internal.reflect.NativeMethodAccessorImpl.invoke0(Native Method) ~[?:?]
	at jdk.internal.reflect.NativeMethodAccessorImpl.invoke(NativeMethodAccessorImpl.java:77) ~[?:?]
	at jdk.internal.reflect.DelegatingMethodAccessorImpl.invoke(DelegatingMethodAccessorImpl.java:43) ~[?:?]
	at java.lang.reflect.Method.invoke(Method.java:569) ~[?:?]
	at net.minecraftforge.fml.loading.targets.CommonLaunchHandler.runTarget(CommonLaunchHandler.java:111) ~[fmlloader-1.20.1-47.3.7.jar%2369!/:?]
	at net.minecraftforge.fml.loading.targets.CommonLaunchHandler.serverService(CommonLaunchHandler.java:103) ~[fmlloader-1.20.1-47.3.7.jar%2369!/:?]
	at net.minecraftforge.fml.loading.targets.CommonServerLaunchHandler.lambda$makeService$0(CommonServerLaunchHandler.java:27) ~[fmlloader-1.20.1-47.3.7.jar%2369!/:?]
	at cpw.mods.modlauncher.LaunchServiceHandlerDecorator.launch(LaunchServiceHandlerDecorator.java:30) ~[modlauncher-10.0.9.jar%2355!/:?]
	at cpw.mods.modlauncher.LaunchServiceHandler.launch(LaunchServiceHandler.java:53) ~[modlauncher-10.0.9.jar%2355!/:?]
	at cpw.mods.modlauncher.LaunchServiceHandler.launch(LaunchServiceHandler.java:71) ~[modlauncher-10.0.9.jar%2355!/:?]
	at cpw.mods.modlauncher.Launcher.run(Launcher.java:108) ~[modlauncher-10.0.9.jar%2355!/:?]
	at cpw.mods.modlauncher.Launcher.main(Launcher.java:78) ~[modlauncher-10.0.9.jar%2355!/:?]
	at cpw.mods.modlauncher.BootstrapLaunchConsumer.accept(BootstrapLaunchConsumer.java:26) ~[modlauncher-10.0.9.jar%2355!/:?]
	at cpw.mods.modlauncher.BootstrapLaunchConsumer.accept(BootstrapLaunchConsumer.java:23) ~[modlauncher-10.0.9.jar%2355!/:?]
	at cpw.mods.bootstraplauncher.BootstrapLauncher.main(BootstrapLauncher.java:141) ~[bootstraplauncher-1.1.2.jar:?]
[04Apr2025 22:20:18.240] [main/INFO] [net.minecraft.world.item.crafting.RecipeManager/]: Skipping loading recipe environmental:willow_beehive as it's serializer returned null
[04Apr2025 22:20:18.241] [main/INFO] [net.minecraft.world.item.crafting.RecipeManager/]: Skipping loading recipe productivebees:corail/woodcutter/jungle_canvas_expansion_box as it's serializer returned null
[04Apr2025 22:20:18.241] [main/WARN] [quark-zeta/]: Non-existent flag dripstone being used
[04Apr2025 22:20:18.250] [main/INFO] [net.minecraft.world.item.crafting.RecipeManager/]: Skipping loading recipe productivebees:corail/woodcutter/acacia_canvas_hive as it's serializer returned null
[04Apr2025 22:20:18.253] [main/INFO] [net.minecraft.world.item.crafting.RecipeManager/]: Skipping loading recipe productivebees:expansion_boxes/expansion_box_autumnity_maple as it's serializer returned null
[04Apr2025 22:20:18.254] [main/INFO] [net.minecraft.world.item.crafting.RecipeManager/]: Skipping loading recipe environmental:plum_stairs_from_plum_planks_sawing as it's serializer returned null
[04Apr2025 22:20:18.255] [main/WARN] [quark-zeta/]: Non-existent flag dripstone being used
[04Apr2025 22:20:18.255] [main/INFO] [net.minecraft.world.item.crafting.RecipeManager/]: Skipping loading recipe productivebees:expansion_boxes/expansion_box_regions_unexplored_dead as it's serializer returned null
[04Apr2025 22:20:18.259] [main/INFO] [net.minecraft.world.item.crafting.RecipeManager/]: Skipping loading recipe atmospheric:kousa_boards_from_kousa_planks_sawing as it's serializer returned null
[04Apr2025 22:20:18.260] [main/INFO] [net.minecraft.world.item.crafting.RecipeManager/]: Skipping loading recipe atmospheric:grimwood_leaf_pile as it's serializer returned null
[04Apr2025 22:20:18.261] [main/INFO] [net.minecraft.world.item.crafting.RecipeManager/]: Skipping loading recipe atmospheric:aspen_door_from_aspen_logs_sawing as it's serializer returned null
[04Apr2025 22:20:18.261] [main/INFO] [net.minecraft.world.item.crafting.RecipeManager/]: Skipping loading recipe atmospheric:aspen_pressure_plate_from_aspen_logs_sawing as it's serializer returned null
[04Apr2025 22:20:18.262] [main/INFO] [net.minecraft.world.item.crafting.RecipeManager/]: Skipping loading recipe endergetic:chiseled_poise_bookshelf as it's serializer returned null
[04Apr2025 22:20:18.264] [main/INFO] [net.minecraft.world.item.crafting.RecipeManager/]: Skipping loading recipe atmospheric:aspen_slab_from_aspen_logs_sawing as it's serializer returned null
[04Apr2025 22:20:18.264] [main/INFO] [net.minecraft.world.item.crafting.RecipeManager/]: Skipping loading recipe endergetic:eumus_brick_from_baking as it's serializer returned null
[04Apr2025 22:20:18.265] [main/INFO] [net.minecraft.world.item.crafting.RecipeManager/]: Skipping loading recipe productivebees:hives/advanced_biomesoplenty_palm_beehive as it's serializer returned null
[04Apr2025 22:20:18.266] [main/INFO] [net.minecraft.world.item.crafting.RecipeManager/]: Skipping loading recipe environmental:wisteria_ladder as it's serializer returned null
[04Apr2025 22:20:18.267] [main/INFO] [net.minecraft.world.item.crafting.RecipeManager/]: Skipping loading recipe productivebees:hives/advanced_upgrade_aquatic_river_beehive_clear as it's serializer returned null
[04Apr2025 22:20:18.267] [main/INFO] [net.minecraft.world.item.crafting.RecipeManager/]: Skipping loading recipe productivebees:hives/advanced_byg_witch_hazel_beehive_clear as it's serializer returned null
[04Apr2025 22:20:18.268] [main/INFO] [net.minecraft.world.item.crafting.RecipeManager/]: Skipping loading recipe atmospheric:large_laurel_boat as it's serializer returned null
[04Apr2025 22:20:18.268] [main/INFO] [net.minecraft.world.item.crafting.RecipeManager/]: Skipping loading recipe productivebees:hives/advanced_regions_unexplored_blue_bioshroom_beehive as it's serializer returned null
[04Apr2025 22:20:18.268] [main/INFO] [net.minecraft.world.item.crafting.RecipeManager/]: Skipping loading recipe productivebees:expansion_boxes/expansion_box_byg_jacaranda as it's serializer returned null
[04Apr2025 22:20:18.269] [main/INFO] [net.minecraft.world.item.crafting.RecipeManager/]: Skipping loading recipe productivebees:hives/advanced_byg_mahogany_beehive as it's serializer returned null
[04Apr2025 22:20:18.270] [main/INFO] [net.minecraft.world.item.crafting.RecipeManager/]: Skipping loading recipe atmospheric:laurel_trapdoor_from_laurel_logs_sawing as it's serializer returned null
[04Apr2025 22:20:18.270] [main/INFO] [net.minecraft.world.item.crafting.RecipeManager/]: Skipping loading recipe productivebees:hives/advanced_biomesoplenty_palm_beehive_clear as it's serializer returned null
[04Apr2025 22:20:18.271] [main/WARN] [quark-zeta/]: Non-existent flag tuff being used
[04Apr2025 22:20:18.272] [main/INFO] [net.minecraft.world.item.crafting.RecipeManager/]: Skipping loading recipe productivebees:hives/advanced_byg_jacaranda_beehive as it's serializer returned null
[04Apr2025 22:20:18.274] [main/INFO] [net.minecraft.world.item.crafting.RecipeManager/]: Skipping loading recipe productivebees:corail/woodcutter/snake_block_canvas_expansion_box as it's serializer returned null
[04Apr2025 22:20:18.274] [main/INFO] [net.minecraft.world.item.crafting.RecipeManager/]: Skipping loading recipe atmospheric:grimwood_stairs_from_grimwood_planks_sawing as it's serializer returned null
[04Apr2025 22:20:18.274] [main/INFO] [net.minecraft.world.item.crafting.RecipeManager/]: Skipping loading recipe productivebees:hives/advanced_biomesoplenty_hellbark_beehive_clear as it's serializer returned null
[04Apr2025 22:20:18.278] [main/INFO] [net.minecraft.world.item.crafting.RecipeManager/]: Skipping loading recipe productivebees:hives/advanced_byg_cypress_beehive_clear as it's serializer returned null
[04Apr2025 22:20:18.281] [main/INFO] [net.minecraft.world.item.crafting.RecipeManager/]: Skipping loading recipe environmental:chiseled_wisteria_bookshelf as it's serializer returned null
[04Apr2025 22:20:18.281] [main/INFO] [net.minecraft.world.item.crafting.RecipeManager/]: Skipping loading recipe productivebees:hives/advanced_biomesoplenty_hellbark_beehive as it's serializer returned null
[04Apr2025 22:20:18.281] [main/INFO] [net.minecraft.world.item.crafting.RecipeManager/]: Skipping loading recipe atmospheric:kousa_trapdoor_from_kousa_logs_sawing as it's serializer returned null
[04Apr2025 22:20:18.281] [main/WARN] [quark-zeta/]: Non-existent flag dripstone being used
[04Apr2025 22:20:18.286] [main/INFO] [net.minecraft.world.item.crafting.RecipeManager/]: Skipping loading recipe productivebees:expansion_boxes/expansion_box_regions_unexplored_pine as it's serializer returned null
[04Apr2025 22:20:18.287] [main/INFO] [net.minecraft.world.item.crafting.RecipeManager/]: Skipping loading recipe atmospheric:trapped_rosewood_chest as it's serializer returned null
[04Apr2025 22:20:18.292] [main/WARN] [quark-zeta/]: Non-existent flag tuff being used
[04Apr2025 22:20:18.296] [main/INFO] [net.minecraft.world.item.crafting.RecipeManager/]: Skipping loading recipe environmental:willow_button_from_willow_logs_sawing as it's serializer returned null
[04Apr2025 22:20:18.297] [main/INFO] [net.minecraft.world.item.crafting.RecipeManager/]: Skipping loading recipe atmospheric:green_aspen_leaves_from_leaf_piles as it's serializer returned null
[04Apr2025 22:20:18.297] [main/INFO] [net.minecraft.world.item.crafting.RecipeManager/]: Skipping loading recipe environmental:blue_wisteria_leaves_from_leaf_piles as it's serializer returned null
[04Apr2025 22:20:18.302] [main/INFO] [net.minecraft.world.item.crafting.RecipeManager/]: Skipping loading recipe productivebees:hives/advanced_regions_unexplored_blackwood_beehive as it's serializer returned null
[04Apr2025 22:20:18.305] [main/INFO] [net.minecraft.world.item.crafting.RecipeManager/]: Skipping loading recipe environmental:wisteria_boards_from_wisteria_logs_sawing as it's serializer returned null
[04Apr2025 22:20:18.306] [main/WARN] [quark-zeta/]: Non-existent flag tuff being used
[04Apr2025 22:20:18.306] [main/INFO] [net.minecraft.world.item.crafting.RecipeManager/]: Skipping loading recipe atmospheric:yucca_beehive as it's serializer returned null
[04Apr2025 22:20:18.307] [main/INFO] [net.minecraft.world.item.crafting.RecipeManager/]: Skipping loading recipe atmospheric:yucca_leaves_from_leaf_piles as it's serializer returned null
[04Apr2025 22:20:18.308] [main/INFO] [net.minecraft.world.item.crafting.RecipeManager/]: Skipping loading recipe productivebees:expansion_boxes/expansion_box_biomesoplenty_redwood as it's serializer returned null
[04Apr2025 22:20:18.308] [main/INFO] [net.minecraft.world.item.crafting.RecipeManager/]: Skipping loading recipe atmospheric:morado_fence_from_morado_planks_sawing as it's serializer returned null
[04Apr2025 22:20:18.309] [main/INFO] [net.minecraft.world.item.crafting.RecipeManager/]: Skipping loading recipe atmospheric:grimwood_button_from_grimwood_planks_sawing as it's serializer returned null
[04Apr2025 22:20:18.309] [main/INFO] [net.minecraft.world.item.crafting.RecipeManager/]: Skipping loading recipe environmental:wisteria_stairs_from_wisteria_planks_sawing as it's serializer returned null
[04Apr2025 22:20:18.309] [main/INFO] [net.minecraft.world.item.crafting.RecipeManager/]: Skipping loading recipe productivebees:hives/advanced_regions_unexplored_willow_beehive_clear as it's serializer returned null
[04Apr2025 22:20:18.310] [main/INFO] [net.minecraft.world.item.crafting.RecipeManager/]: Skipping loading recipe atmospheric:yucca_slab_from_yucca_planks_sawing as it's serializer returned null
[04Apr2025 22:20:18.311] [main/INFO] [net.minecraft.world.item.crafting.RecipeManager/]: Skipping loading recipe environmental:wisteria_ladder_from_wisteria_logs_sawing as it's serializer returned null
[04Apr2025 22:20:18.311] [main/WARN] [quark-zeta/]: Non-existent flag calcite being used
[04Apr2025 22:20:18.311] [main/INFO] [net.minecraft.world.item.crafting.RecipeManager/]: Skipping loading recipe endergetic:poise_ladder as it's serializer returned null
[04Apr2025 22:20:18.311] [main/INFO] [net.minecraft.world.item.crafting.RecipeManager/]: Skipping loading recipe endergetic:poise_door_from_poise_stems_sawing as it's serializer returned null
[04Apr2025 22:20:18.312] [main/INFO] [net.minecraft.world.item.crafting.RecipeManager/]: Skipping loading recipe environmental:wisteria_trapdoor_from_wisteria_logs_sawing as it's serializer returned null
[04Apr2025 22:20:18.312] [main/INFO] [net.minecraft.world.item.crafting.RecipeManager/]: Skipping loading recipe atmospheric:yucca_boards_from_yucca_planks_sawing as it's serializer returned null
[04Apr2025 22:20:18.313] [main/INFO] [net.minecraft.world.item.crafting.RecipeManager/]: Skipping loading recipe environmental:willow_fence_gate_from_willow_logs_sawing as it's serializer returned null
[04Apr2025 22:20:18.313] [main/INFO] [net.minecraft.world.item.crafting.RecipeManager/]: Skipping loading recipe atmospheric:yucca_furnace_boat as it's serializer returned null
[04Apr2025 22:20:18.315] [main/INFO] [net.minecraft.world.item.crafting.RecipeManager/]: Skipping loading recipe productivebees:expansion_boxes/expansion_box_byg_baobab as it's serializer returned null
[04Apr2025 22:20:18.315] [main/INFO] [net.minecraft.world.item.crafting.RecipeManager/]: Skipping loading recipe environmental:plum as it's serializer returned null
[04Apr2025 22:20:18.315] [main/INFO] [net.minecraft.world.item.crafting.RecipeManager/]: Skipping loading recipe environmental:wisteria_chest as it's serializer returned null
[04Apr2025 22:20:18.315] [main/INFO] [net.minecraft.world.item.crafting.RecipeManager/]: Skipping loading recipe environmental:pine_slab_from_pine_logs_sawing as it's serializer returned null
[04Apr2025 22:20:18.316] [main/INFO] [net.minecraft.world.item.crafting.RecipeManager/]: Skipping loading recipe atmospheric:large_kousa_boat as it's serializer returned null
[04Apr2025 22:20:18.316] [main/WARN] [quark-zeta/]: Non-existent flag granite being used
[04Apr2025 22:20:18.316] [main/INFO] [net.minecraft.world.item.crafting.RecipeManager/]: Skipping loading recipe atmospheric:large_rosewood_boat as it's serializer returned null
[04Apr2025 22:20:18.316] [main/INFO] [net.minecraft.world.item.crafting.RecipeManager/]: Skipping loading recipe productivebees:corail/woodcutter/spruce_canvas_hive as it's serializer returned null
[04Apr2025 22:20:18.316] [main/INFO] [net.minecraft.world.item.crafting.RecipeManager/]: Skipping loading recipe productivebees:expansion_boxes/expansion_box_regions_unexplored_socotra as it's serializer returned null
[04Apr2025 22:20:18.316] [main/INFO] [net.minecraft.world.item.crafting.RecipeManager/]: Skipping loading recipe productivebees:hives/advanced_byg_cika_beehive_clear as it's serializer returned null
[04Apr2025 22:20:18.318] [main/INFO] [net.minecraft.world.item.crafting.RecipeManager/]: Skipping loading recipe productivebees:hives/advanced_byg_ebony_beehive as it's serializer returned null
[04Apr2025 22:20:18.318] [main/INFO] [net.minecraft.world.item.crafting.RecipeManager/]: Skipping loading recipe productivebees:expansion_boxes/expansion_box_byg_bulbis as it's serializer returned null
[04Apr2025 22:20:18.319] [main/INFO] [net.minecraft.world.item.crafting.RecipeManager/]: Skipping loading recipe environmental:wisteria_furnace_boat as it's serializer returned null
[04Apr2025 22:20:18.319] [main/INFO] [net.minecraft.world.item.crafting.RecipeManager/]: Skipping loading recipe productivebees:hives/advanced_byg_blue_enchanted_beehive_clear as it's serializer returned null
[04Apr2025 22:20:18.319] [main/INFO] [net.minecraft.world.item.crafting.RecipeManager/]: Skipping loading recipe environmental:large_pine_boat as it's serializer returned null
[04Apr2025 22:20:18.319] [main/INFO] [net.minecraft.world.item.crafting.RecipeManager/]: Skipping loading recipe productivebees:expansion_boxes/expansion_box_regions_unexplored_willow as it's serializer returned null
[04Apr2025 22:20:18.323] [main/INFO] [net.minecraft.world.item.crafting.RecipeManager/]: Skipping loading recipe productivebees:hives/advanced_regions_unexplored_joshua_beehive as it's serializer returned null
[04Apr2025 22:20:18.323] [main/INFO] [net.minecraft.world.item.crafting.RecipeManager/]: Skipping loading recipe productivebees:hives/advanced_biomesoplenty_dead_beehive_clear as it's serializer returned null
[04Apr2025 22:20:18.324] [main/WARN] [quark-zeta/]: Non-existent flag calcite being used
[04Apr2025 22:20:18.326] [main/INFO] [net.minecraft.world.item.crafting.RecipeManager/]: Skipping loading recipe productivebees:hives/advanced_byg_fir_beehive as it's serializer returned null
[04Apr2025 22:20:18.327] [main/INFO] [net.minecraft.world.item.crafting.RecipeManager/]: Skipping loading recipe atmospheric:yucca_ladder_from_yucca_planks_sawing as it's serializer returned null
[04Apr2025 22:20:18.327] [main/INFO] [net.minecraft.world.item.crafting.RecipeManager/]: Skipping loading recipe environmental:plum_ladder_from_plum_planks_sawing as it's serializer returned null
[04Apr2025 22:20:18.327] [main/INFO] [net.minecraft.world.item.crafting.RecipeManager/]: Skipping loading recipe productivebees:hives/advanced_byg_blue_enchanted_beehive as it's serializer returned null
[04Apr2025 22:20:18.327] [main/INFO] [net.minecraft.world.item.crafting.RecipeManager/]: Skipping loading recipe atmospheric:kousa_beehive as it's serializer returned null
[04Apr2025 22:20:18.328] [main/INFO] [net.minecraft.world.item.crafting.RecipeManager/]: Skipping loading recipe atmospheric:kousa_boards_from_kousa_logs_sawing as it's serializer returned null
[04Apr2025 22:20:18.329] [main/INFO] [net.minecraft.world.item.crafting.RecipeManager/]: Skipping loading recipe environmental:pine_leaves_from_leaf_piles as it's serializer returned null
[04Apr2025 22:20:18.329] [main/WARN] [quark-zeta/]: Non-existent flag diorite being used
[04Apr2025 22:20:18.330] [main/INFO] [net.minecraft.world.item.crafting.RecipeManager/]: Skipping loading recipe productivebees:expansion_boxes/expansion_box_regions_unexplored_blue_bioshroom as it's serializer returned null
[04Apr2025 22:20:18.331] [main/INFO] [net.minecraft.world.item.crafting.RecipeManager/]: Skipping loading recipe environmental:purple_wisteria_leaf_pile as it's serializer returned null
[04Apr2025 22:20:18.331] [main/INFO] [net.minecraft.world.item.crafting.RecipeManager/]: Skipping loading recipe productivebees:expansion_boxes/expansion_box_byg_ebony as it's serializer returned null
[04Apr2025 22:20:18.332] [main/INFO] [net.minecraft.world.item.crafting.RecipeManager/]: Skipping loading recipe productivebees:hives/advanced_regions_unexplored_pink_bioshroom_beehive as it's serializer returned null
[04Apr2025 22:20:18.333] [main/INFO] [net.minecraft.world.item.crafting.RecipeManager/]: Skipping loading recipe atmospheric:arid_glass_from_baking as it's serializer returned null
[04Apr2025 22:20:18.333] [main/WARN] [quark-zeta/]: Non-existent flag tuff being used
[04Apr2025 22:20:18.333] [main/WARN] [quark-zeta/]: Non-existent flag diorite being used
[04Apr2025 22:20:18.334] [main/INFO] [net.minecraft.world.item.crafting.RecipeManager/]: Skipping loading recipe environmental:willow_ladder as it's serializer returned null
[04Apr2025 22:20:18.335] [main/INFO] [net.minecraft.world.item.crafting.RecipeManager/]: Skipping loading recipe atmospheric:rosewood_ladder as it's serializer returned null
[04Apr2025 22:20:18.338] [main/INFO] [net.minecraft.world.item.crafting.RecipeManager/]: Skipping loading recipe productivebees:hives/advanced_biomesoplenty_umbran_beehive as it's serializer returned null
[04Apr2025 22:20:18.339] [main/INFO] [net.minecraft.world.item.crafting.RecipeManager/]: Skipping loading recipe productivebees:expansion_boxes/expansion_box_byg_imparius as it's serializer returned null
[04Apr2025 22:20:18.339] [main/WARN] [quark-zeta/]: Non-existent flag dripstone being used
[04Apr2025 22:20:18.340] [main/INFO] [net.minecraft.world.item.crafting.RecipeManager/]: Skipping loading recipe environmental:wisteria_leaves_from_leaf_piles as it's serializer returned null
[04Apr2025 22:20:18.340] [main/INFO] [net.minecraft.world.item.crafting.RecipeManager/]: Skipping loading recipe endergetic:poise_boards_from_poise_planks_sawing as it's serializer returned null
[04Apr2025 22:20:18.340] [main/INFO] [net.minecraft.world.item.crafting.RecipeManager/]: Skipping loading recipe atmospheric:yucca_trapdoor_from_yucca_logs_sawing as it's serializer returned null
[04Apr2025 22:20:18.340] [main/INFO] [net.minecraft.world.item.crafting.RecipeManager/]: Skipping loading recipe productivebees:hives/advanced_regions_unexplored_green_bioshroom_beehive as it's serializer returned null
[04Apr2025 22:20:18.340] [main/INFO] [net.minecraft.world.item.crafting.RecipeManager/]: Skipping loading recipe environmental:willow_pressure_plate_from_willow_logs_sawing as it's serializer returned null
[04Apr2025 22:20:18.341] [main/INFO] [net.minecraft.world.item.crafting.RecipeManager/]: Skipping loading recipe productivebees:expansion_boxes/expansion_box_byg_redwood as it's serializer returned null
[04Apr2025 22:20:18.341] [main/INFO] [net.minecraft.world.item.crafting.RecipeManager/]: Skipping loading recipe productivebees:hives/advanced_regions_unexplored_green_bioshroom_beehive_clear as it's serializer returned null
[04Apr2025 22:20:18.341] [main/INFO] [net.minecraft.world.item.crafting.RecipeManager/]: Skipping loading recipe productivebees:hives/advanced_byg_baobab_beehive as it's serializer returned null
[04Apr2025 22:20:18.345] [main/INFO] [net.minecraft.world.item.crafting.RecipeManager/]: Skipping loading recipe productivebees:hives/advanced_byg_holly_beehive_clear as it's serializer returned null
[04Apr2025 22:20:18.345] [main/INFO] [net.minecraft.world.item.crafting.RecipeManager/]: Skipping loading recipe productivebees:hives/advanced_regions_unexplored_baobab_beehive_clear as it's serializer returned null
[04Apr2025 22:20:18.345] [main/INFO] [net.minecraft.world.item.crafting.RecipeManager/]: Skipping loading recipe environmental:wisteria_stairs_from_wisteria_logs_sawing as it's serializer returned null
[04Apr2025 22:20:18.345] [main/INFO] [net.minecraft.world.item.crafting.RecipeManager/]: Skipping loading recipe productivebees:expansion_boxes/expansion_box_regions_unexplored_yellow_bioshroom as it's serializer returned null
[04Apr2025 22:20:18.346] [main/INFO] [net.minecraft.world.item.crafting.RecipeManager/]: Skipping loading recipe atmospheric:laurel_bookshelf as it's serializer returned null
[04Apr2025 22:20:18.346] [main/INFO] [net.minecraft.world.item.crafting.RecipeManager/]: Skipping loading recipe atmospheric:aspen_furnace_boat as it's serializer returned null
[04Apr2025 22:20:18.346] [main/INFO] [net.minecraft.world.item.crafting.RecipeManager/]: Skipping loading recipe productivebees:expansion_boxes/expansion_box_biomesoplenty_dead as it's serializer returned null
[04Apr2025 22:20:18.347] [main/INFO] [net.minecraft.world.item.crafting.RecipeManager/]: Skipping loading recipe environmental:pine_ladder_from_pine_planks_sawing as it's serializer returned null
[04Apr2025 22:20:18.347] [main/INFO] [net.minecraft.world.item.crafting.RecipeManager/]: Skipping loading recipe environmental:plum_ladder as it's serializer returned null
[04Apr2025 22:20:18.348] [main/INFO] [net.minecraft.world.item.crafting.RecipeManager/]: Skipping loading recipe atmospheric:aspen_ladder as it's serializer returned null
[04Apr2025 22:20:18.349] [main/WARN] [quark-zeta/]: Non-existent flag granite being used
[04Apr2025 22:20:18.349] [main/INFO] [net.minecraft.world.item.crafting.RecipeManager/]: Skipping loading recipe atmospheric:kousa_leaves_from_leaf_piles as it's serializer returned null
[04Apr2025 22:20:18.350] [main/WARN] [quark-zeta/]: Non-existent flag dripstone being used
[04Apr2025 22:20:18.350] [main/INFO] [net.minecraft.world.item.crafting.RecipeManager/]: Skipping loading recipe endergetic:large_poise_boat as it's serializer returned null
[04Apr2025 22:20:18.354] [main/INFO] [net.minecraft.world.item.crafting.RecipeManager/]: Skipping loading recipe atmospheric:yucca_chest as it's serializer returned null
[04Apr2025 22:20:18.354] [main/WARN] [quark-zeta/]: Non-existent flag tuff being used
[04Apr2025 22:20:18.354] [main/INFO] [net.minecraft.world.item.crafting.RecipeManager/]: Skipping loading recipe atmospheric:kousa_stairs_from_kousa_logs_sawing as it's serializer returned null
[04Apr2025 22:20:18.355] [main/INFO] [net.minecraft.world.item.crafting.RecipeManager/]: Skipping loading recipe atmospheric:grimwood_leaves_from_leaf_piles as it's serializer returned null
[04Apr2025 22:20:18.355] [main/ERROR] [net.minecraft.world.item.crafting.RecipeManager/]: Parsing error loading recipe create:cutting/compat/nethers_exoticism/stripped_ramboutan_wood
com.google.gson.JsonSyntaxException: Unknown item 'nethers_exoticism:stripped_ramboutan_wood'
	at net.minecraft.world.item.crafting.ShapedRecipe.m_151280_(ShapedRecipe.java:292) ~[server-1.20.1-20230612.114412-srg.jar%23365!/:?]
	at java.util.Optional.orElseThrow(Optional.java:403) ~[?:?]
	at net.minecraft.world.item.crafting.ShapedRecipe.m_151278_(ShapedRecipe.java:291) ~[server-1.20.1-20230612.114412-srg.jar%23365!/:?]
	at net.minecraft.world.item.crafting.Ingredient.m_43919_(Ingredient.java:219) ~[server-1.20.1-20230612.114412-srg.jar%23365!/:?]
	at net.minecraftforge.common.crafting.VanillaIngredientSerializer.parse(VanillaIngredientSerializer.java:27) ~[forge-1.20.1-47.3.7-universal.jar%23370!/:?]
	at net.minecraftforge.common.crafting.CraftingHelper.getIngredient(CraftingHelper.java:148) ~[forge-1.20.1-47.3.7-universal.jar%23370!/:?]
	at net.minecraft.world.item.crafting.Ingredient.m_288218_(Ingredient.java:194) ~[server-1.20.1-20230612.114412-srg.jar%23365!/:?]
	at net.minecraft.world.item.crafting.Ingredient.m_43917_(Ingredient.java:189) ~[server-1.20.1-20230612.114412-srg.jar%23365!/:?]
	at com.simibubi.create.content.processing.recipe.ProcessingRecipeSerializer.readFromJson(ProcessingRecipeSerializer.java:66) ~[create-1.20.1-0.5.1.j.jar%23259!/:0.5.1.j]
	at com.simibubi.create.content.processing.recipe.ProcessingRecipeSerializer.fromJson(ProcessingRecipeSerializer.java:154) ~[create-1.20.1-0.5.1.j.jar%23259!/:0.5.1.j]
	at com.simibubi.create.content.processing.recipe.ProcessingRecipeSerializer.m_6729_(ProcessingRecipeSerializer.java:21) ~[create-1.20.1-0.5.1.j.jar%23259!/:0.5.1.j]
	at net.minecraftforge.common.extensions.IForgeRecipeSerializer.fromJson(IForgeRecipeSerializer.java:23) ~[forge-1.20.1-47.3.7-universal.jar%23370!/:?]
	at net.minecraft.world.item.crafting.RecipeManager.fromJson(RecipeManager.java:171) ~[server-1.20.1-20230612.114412-srg.jar%23365!/:?]
	at net.minecraft.world.item.crafting.RecipeManager.m_5787_(RecipeManager.java:67) ~[server-1.20.1-20230612.114412-srg.jar%23365!/:?]
	at net.minecraft.world.item.crafting.RecipeManager.m_5787_(RecipeManager.java:34) ~[server-1.20.1-20230612.114412-srg.jar%23365!/:?]
	at net.minecraft.server.packs.resources.SimplePreparableReloadListener.m_10789_(SimplePreparableReloadListener.java:13) ~[server-1.20.1-20230612.114412-srg.jar%23365!/:?]
	at java.util.concurrent.CompletableFuture$UniAccept.tryFire(CompletableFuture.java:718) ~[?:?]
	at java.util.concurrent.CompletableFuture$Completion.run(CompletableFuture.java:482) ~[?:?]
	at net.minecraft.server.packs.resources.SimpleReloadInstance.m_143940_(SimpleReloadInstance.java:69) ~[server-1.20.1-20230612.114412-srg.jar%23365!/:?]
	at net.minecraft.Util.m_214652_(Util.java:783) ~[server-1.20.1-20230612.114412-srg.jar%23365!/:?]
	at net.minecraft.Util.m_214679_(Util.java:772) ~[server-1.20.1-20230612.114412-srg.jar%23365!/:?]
	at net.minecraft.server.Main.main(Main.java:166) ~[server-1.20.1-20230612.114412-srg.jar%23365!/:?]
	at jdk.internal.reflect.NativeMethodAccessorImpl.invoke0(Native Method) ~[?:?]
	at jdk.internal.reflect.NativeMethodAccessorImpl.invoke(NativeMethodAccessorImpl.java:77) ~[?:?]
	at jdk.internal.reflect.DelegatingMethodAccessorImpl.invoke(DelegatingMethodAccessorImpl.java:43) ~[?:?]
	at java.lang.reflect.Method.invoke(Method.java:569) ~[?:?]
	at net.minecraftforge.fml.loading.targets.CommonLaunchHandler.runTarget(CommonLaunchHandler.java:111) ~[fmlloader-1.20.1-47.3.7.jar%2369!/:?]
	at net.minecraftforge.fml.loading.targets.CommonLaunchHandler.serverService(CommonLaunchHandler.java:103) ~[fmlloader-1.20.1-47.3.7.jar%2369!/:?]
	at net.minecraftforge.fml.loading.targets.CommonServerLaunchHandler.lambda$makeService$0(CommonServerLaunchHandler.java:27) ~[fmlloader-1.20.1-47.3.7.jar%2369!/:?]
	at cpw.mods.modlauncher.LaunchServiceHandlerDecorator.launch(LaunchServiceHandlerDecorator.java:30) ~[modlauncher-10.0.9.jar%2355!/:?]
	at cpw.mods.modlauncher.LaunchServiceHandler.launch(LaunchServiceHandler.java:53) ~[modlauncher-10.0.9.jar%2355!/:?]
	at cpw.mods.modlauncher.LaunchServiceHandler.launch(LaunchServiceHandler.java:71) ~[modlauncher-10.0.9.jar%2355!/:?]
	at cpw.mods.modlauncher.Launcher.run(Launcher.java:108) ~[modlauncher-10.0.9.jar%2355!/:?]
	at cpw.mods.modlauncher.Launcher.main(Launcher.java:78) ~[modlauncher-10.0.9.jar%2355!/:?]
	at cpw.mods.modlauncher.BootstrapLaunchConsumer.accept(BootstrapLaunchConsumer.java:26) ~[modlauncher-10.0.9.jar%2355!/:?]
	at cpw.mods.modlauncher.BootstrapLaunchConsumer.accept(BootstrapLaunchConsumer.java:23) ~[modlauncher-10.0.9.jar%2355!/:?]
	at cpw.mods.bootstraplauncher.BootstrapLauncher.main(BootstrapLauncher.java:141) ~[bootstraplauncher-1.1.2.jar:?]
[04Apr2025 22:20:18.359] [main/INFO] [net.minecraft.world.item.crafting.RecipeManager/]: Skipping loading recipe productivebees:expansion_boxes/expansion_box_regions_unexplored_maple as it's serializer returned null
[04Apr2025 22:20:18.360] [main/WARN] [quark-zeta/]: Non-existent flag dripstone being used
[04Apr2025 22:20:18.360] [main/WARN] [quark-zeta/]: Non-existent flag andesite being used
[04Apr2025 22:20:18.360] [main/INFO] [net.minecraft.world.item.crafting.RecipeManager/]: Skipping loading recipe endergetic:poise_ladder_from_poise_planks_sawing as it's serializer returned null
[04Apr2025 22:20:18.361] [main/INFO] [net.minecraft.world.item.crafting.RecipeManager/]: Skipping loading recipe atmospheric:morado_button_from_morado_planks_sawing as it's serializer returned null
[04Apr2025 22:20:18.361] [main/INFO] [net.minecraft.world.item.crafting.RecipeManager/]: Skipping loading recipe productivebees:corail/woodcutter/dead_canvas_expansion_box as it's serializer returned null
[04Apr2025 22:20:18.361] [main/INFO] [net.minecraft.world.item.crafting.RecipeManager/]: Skipping loading recipe environmental:willow_chest as it's serializer returned null
[04Apr2025 22:20:18.362] [main/INFO] [net.minecraft.world.item.crafting.RecipeManager/]: Skipping loading recipe productivebees:hives/advanced_byg_lament_beehive_clear as it's serializer returned null
[04Apr2025 22:20:18.362] [main/INFO] [net.minecraft.world.item.crafting.RecipeManager/]: Skipping loading recipe productivebees:hives/advanced_byg_embur_beehive as it's serializer returned null
[04Apr2025 22:20:18.363] [main/INFO] [net.minecraft.world.item.crafting.RecipeManager/]: Skipping loading recipe endergetic:poise_ladder_from_poise_stems_sawing as it's serializer returned null
[04Apr2025 22:20:18.364] [main/INFO] [net.minecraft.world.item.crafting.RecipeManager/]: Skipping loading recipe endergetic:poise_chest as it's serializer returned null
[04Apr2025 22:20:18.364] [main/INFO] [net.minecraft.world.item.crafting.RecipeManager/]: Skipping loading recipe productivebees:hives/advanced_upgrade_aquatic_river_beehive as it's serializer returned null
[04Apr2025 22:20:18.364] [main/WARN] [quark-zeta/]: Non-existent flag tuff being used
[04Apr2025 22:20:18.365] [main/INFO] [net.minecraft.world.item.crafting.RecipeManager/]: Skipping loading recipe productivebees:hives/advanced_biomesoplenty_jacaranda_beehive_clear as it's serializer returned null
[04Apr2025 22:20:18.365] [main/WARN] [quark-zeta/]: Non-existent flag calcite being used
[04Apr2025 22:20:18.366] [main/INFO] [net.minecraft.world.item.crafting.RecipeManager/]: Skipping loading recipe productivebees:hives/advanced_regions_unexplored_larch_beehive_clear as it's serializer returned null
[04Apr2025 22:20:18.366] [main/INFO] [net.minecraft.world.item.crafting.RecipeManager/]: Skipping loading recipe atmospheric:kousa_fence_from_kousa_logs_sawing as it's serializer returned null
[04Apr2025 22:20:18.367] [main/INFO] [net.minecraft.world.item.crafting.RecipeManager/]: Skipping loading recipe environmental:plum_slab_from_plum_planks_sawing as it's serializer returned null
[04Apr2025 22:20:18.367] [main/INFO] [net.minecraft.world.item.crafting.RecipeManager/]: Skipping loading recipe atmospheric:laurel_button_from_laurel_logs_sawing as it's serializer returned null
[04Apr2025 22:20:18.369] [main/INFO] [net.minecraft.world.item.crafting.RecipeManager/]: Skipping loading recipe productivebees:corail/woodcutter/aspen_canvas_expansion_box as it's serializer returned null
[04Apr2025 22:20:18.370] [main/INFO] [net.minecraft.world.item.crafting.RecipeManager/]: Skipping loading recipe atmospheric:rosewood_leaves_from_leaf_piles as it's serializer returned null
[04Apr2025 22:20:18.371] [main/INFO] [net.minecraft.world.item.crafting.RecipeManager/]: Skipping loading recipe atmospheric:rosewood_planks_from_rosewood_logs_sawing as it's serializer returned null
[04Apr2025 22:20:18.373] [main/INFO] [net.minecraft.world.item.crafting.RecipeManager/]: Skipping loading recipe atmospheric:morado_planks_from_morado_logs_sawing as it's serializer returned null
[04Apr2025 22:20:18.373] [main/WARN] [quark-zeta/]: Non-existent flag diorite being used
[04Apr2025 22:20:18.374] [main/INFO] [net.minecraft.world.item.crafting.RecipeManager/]: Skipping loading recipe productivebees:hives/advanced_byg_cika_beehive as it's serializer returned null
[04Apr2025 22:20:18.374] [main/WARN] [quark-zeta/]: Non-existent flag diorite being used
[04Apr2025 22:20:18.375] [main/INFO] [net.minecraft.world.item.crafting.RecipeManager/]: Skipping loading recipe productivebees:expansion_boxes/expansion_box_byg_pine as it's serializer returned null
[04Apr2025 22:20:18.375] [main/INFO] [net.minecraft.world.item.crafting.RecipeManager/]: Skipping loading recipe atmospheric:kousa_pressure_plate_from_kousa_logs_sawing as it's serializer returned null
[04Apr2025 22:20:18.376] [main/INFO] [net.minecraft.world.item.crafting.RecipeManager/]: Skipping loading recipe atmospheric:morado_slab_from_morado_logs_sawing as it's serializer returned null
[04Apr2025 22:20:18.376] [main/INFO] [net.minecraft.world.item.crafting.RecipeManager/]: Skipping loading recipe environmental:willow_stairs_from_willow_logs_sawing as it's serializer returned null
[04Apr2025 22:20:18.376] [main/INFO] [net.minecraft.world.item.crafting.RecipeManager/]: Skipping loading recipe environmental:plum_fence_gate_from_plum_logs_sawing as it's serializer returned null
[04Apr2025 22:20:18.377] [main/INFO] [net.minecraft.world.item.crafting.RecipeManager/]: Skipping loading recipe productivebees:hives/advanced_regions_unexplored_cypress_beehive as it's serializer returned null
[04Apr2025 22:20:18.378] [main/INFO] [net.minecraft.world.item.crafting.RecipeManager/]: Skipping loading recipe environmental:pine_stairs_from_pine_planks_sawing as it's serializer returned null
[04Apr2025 22:20:18.378] [main/INFO] [net.minecraft.world.item.crafting.RecipeManager/]: Skipping loading recipe atmospheric:flowering_morado_leaf_pile as it's serializer returned null
[04Apr2025 22:20:18.379] [main/INFO] [net.minecraft.world.item.crafting.RecipeManager/]: Skipping loading recipe environmental:pine_beehive as it's serializer returned null
[04Apr2025 22:20:18.380] [main/WARN] [quark-zeta/]: Non-existent flag calcite being used
[04Apr2025 22:20:18.381] [main/INFO] [net.minecraft.world.item.crafting.RecipeManager/]: Skipping loading recipe atmospheric:kousa_bookshelf as it's serializer returned null
[04Apr2025 22:20:18.386] [main/INFO] [net.minecraft.world.item.crafting.RecipeManager/]: Skipping loading recipe endergetic:poise_button_from_poise_stems_sawing as it's serializer returned null
[04Apr2025 22:20:18.390] [main/WARN] [quark-zeta/]: Non-existent flag tuff being used
[04Apr2025 22:20:18.391] [main/INFO] [net.minecraft.world.item.crafting.RecipeManager/]: Skipping loading recipe productivebees:hives/advanced_regions_unexplored_pine_beehive_clear as it's serializer returned null
[04Apr2025 22:20:18.392] [main/INFO] [net.minecraft.world.item.crafting.RecipeManager/]: Skipping loading recipe productivebees:expansion_boxes/expansion_box_byg_fir as it's serializer returned null
[04Apr2025 22:20:18.392] [main/WARN] [quark-zeta/]: Non-existent flag calcite being used
[04Apr2025 22:20:18.393] [main/WARN] [quark-zeta/]: Non-existent flag tuff being used
[04Apr2025 22:20:18.393] [main/INFO] [net.minecraft.world.item.crafting.RecipeManager/]: Skipping loading recipe atmospheric:grimwood_stairs_from_grimwood_logs_sawing as it's serializer returned null
[04Apr2025 22:20:18.394] [main/INFO] [net.minecraft.world.item.crafting.RecipeManager/]: Skipping loading recipe productivebees:hives/advanced_regions_unexplored_joshua_beehive_clear as it's serializer returned null
[04Apr2025 22:20:18.395] [main/INFO] [net.minecraft.world.item.crafting.RecipeManager/]: Skipping loading recipe atmospheric:rosewood_chest as it's serializer returned null
[04Apr2025 22:20:18.397] [main/INFO] [net.minecraft.world.item.crafting.RecipeManager/]: Skipping loading recipe atmospheric:morado_boards_from_morado_logs_sawing as it's serializer returned null
[04Apr2025 22:20:18.398] [main/INFO] [net.minecraft.world.item.crafting.RecipeManager/]: Skipping loading recipe atmospheric:aspen_slab_from_aspen_planks_sawing as it's serializer returned null
[04Apr2025 22:20:18.399] [main/WARN] [quark-zeta/]: Non-existent flag andesite being used
[04Apr2025 22:20:18.399] [main/INFO] [net.minecraft.world.item.crafting.RecipeManager/]: Skipping loading recipe environmental:pine_fence_from_pine_planks_sawing as it's serializer returned null
[04Apr2025 22:20:18.399] [main/WARN] [quark-zeta/]: Non-existent flag dripstone being used
[04Apr2025 22:20:18.400] [main/INFO] [net.minecraft.world.item.crafting.RecipeManager/]: Skipping loading recipe endergetic:poise_trapdoor_from_poise_stems_sawing as it's serializer returned null
[04Apr2025 22:20:18.408] [main/INFO] [net.minecraft.world.item.crafting.RecipeManager/]: Skipping loading recipe productivebees:expansion_boxes/expansion_box_regions_unexplored_redwood as it's serializer returned null
[04Apr2025 22:20:18.409] [main/INFO] [net.minecraft.world.item.crafting.RecipeManager/]: Skipping loading recipe productivebees:expansion_boxes/expansion_box_biomesoplenty_umbran as it's serializer returned null
[04Apr2025 22:20:18.409] [main/WARN] [quark-zeta/]: Non-existent flag dripstone being used
[04Apr2025 22:20:18.414] [main/WARN] [quark-zeta/]: Non-existent flag granite being used
[04Apr2025 22:20:18.418] [main/INFO] [net.minecraft.world.item.crafting.RecipeManager/]: Skipping loading recipe environmental:wisteria_fence_from_wisteria_logs_sawing as it's serializer returned null
[04Apr2025 22:20:18.421] [main/INFO] [net.minecraft.world.item.crafting.RecipeManager/]: Skipping loading recipe environmental:plum_boards_from_plum_planks_sawing as it's serializer returned null
[04Apr2025 22:20:18.422] [main/INFO] [net.minecraft.world.item.crafting.RecipeManager/]: Skipping loading recipe atmospheric:yucca_sign_from_yucca_logs_sawing as it's serializer returned null
[04Apr2025 22:20:18.422] [main/INFO] [net.minecraft.world.item.crafting.RecipeManager/]: Skipping loading recipe environmental:pine_furnace_boat as it's serializer returned null
[04Apr2025 22:20:18.425] [main/INFO] [net.minecraft.world.item.crafting.RecipeManager/]: Skipping loading recipe environmental:plum_stairs_from_plum_logs_sawing as it's serializer returned null
[04Apr2025 22:20:18.425] [main/INFO] [net.minecraft.world.item.crafting.RecipeManager/]: Skipping loading recipe productivebees:corail/woodcutter/rosewood_canvas_hive as it's serializer returned null
[04Apr2025 22:20:18.426] [main/INFO] [net.minecraft.world.item.crafting.RecipeManager/]: Skipping loading recipe productivebees:expansion_boxes/expansion_box_upgrade_aquatic_driftwood as it's serializer returned null
[04Apr2025 22:20:18.426] [main/INFO] [net.minecraft.world.item.crafting.RecipeManager/]: Skipping loading recipe atmospheric:yucca_fence_from_yucca_logs_sawing as it's serializer returned null
[04Apr2025 22:20:18.427] [main/INFO] [net.minecraft.world.item.crafting.RecipeManager/]: Skipping loading recipe environmental:pine_slab_from_pine_planks_sawing as it's serializer returned null
[04Apr2025 22:20:18.428] [main/INFO] [net.minecraft.world.item.crafting.RecipeManager/]: Skipping loading recipe atmospheric:laurel_chest as it's serializer returned null
[04Apr2025 22:20:18.432] [main/INFO] [net.minecraft.world.item.crafting.RecipeManager/]: Skipping loading recipe productivebees:hives/advanced_regions_unexplored_dead_beehive_clear as it's serializer returned null
[04Apr2025 22:20:18.432] [main/WARN] [quark-zeta/]: Non-existent flag diorite being used
[04Apr2025 22:20:18.432] [main/WARN] [quark-zeta/]: Non-existent flag andesite being used
[04Apr2025 22:20:18.432] [main/INFO] [net.minecraft.world.item.crafting.RecipeManager/]: Skipping loading recipe environmental:pine_button_from_pine_logs_sawing as it's serializer returned null
[04Apr2025 22:20:18.432] [main/INFO] [net.minecraft.world.item.crafting.RecipeManager/]: Skipping loading recipe productivebees:corail/woodcutter/comb_canvas_hive as it's serializer returned null
[04Apr2025 22:20:18.433] [main/INFO] [net.minecraft.world.item.crafting.RecipeManager/]: Skipping loading recipe productivebees:hives/advanced_byg_maple_beehive_clear as it's serializer returned null
[04Apr2025 22:20:18.433] [main/WARN] [quark-zeta/]: Non-existent flag tuff being used
[04Apr2025 22:20:18.434] [main/INFO] [net.minecraft.world.item.crafting.RecipeManager/]: Skipping loading recipe atmospheric:grimwood_slab_from_grimwood_logs_sawing as it's serializer returned null
[04Apr2025 22:20:18.434] [main/INFO] [net.minecraft.world.item.crafting.RecipeManager/]: Skipping loading recipe endergetic:poise_planks_from_poise_stems_sawing as it's serializer returned null
[04Apr2025 22:20:18.437] [main/INFO] [net.minecraft.world.item.crafting.RecipeManager/]: Skipping loading recipe productivebees:hives/advanced_byg_nightshade_beehive_clear as it's serializer returned null
[04Apr2025 22:20:18.438] [main/INFO] [net.minecraft.world.item.crafting.RecipeManager/]: Skipping loading recipe productivebees:expansion_boxes/expansion_box_byg_willow as it's serializer returned null
[04Apr2025 22:20:18.438] [main/INFO] [net.minecraft.world.item.crafting.RecipeManager/]: Skipping loading recipe atmospheric:rosewood_button_from_rosewood_logs_sawing as it's serializer returned null
[04Apr2025 22:20:18.438] [main/INFO] [net.minecraft.world.item.crafting.RecipeManager/]: Skipping loading recipe environmental:white_wisteria_leaf_pile as it's serializer returned null
[04Apr2025 22:20:18.439] [main/INFO] [net.minecraft.world.item.crafting.RecipeManager/]: Skipping loading recipe productivebees:corail/woodcutter/jungle_canvas_hive as it's serializer returned null
[04Apr2025 22:20:18.440] [main/INFO] [net.minecraft.world.item.crafting.RecipeManager/]: Skipping loading recipe atmospheric:aspen_ladder_from_aspen_logs_sawing as it's serializer returned null
[04Apr2025 22:20:18.443] [main/INFO] [net.minecraft.world.item.crafting.RecipeManager/]: Skipping loading recipe atmospheric:morado_door_from_morado_logs_sawing as it's serializer returned null
[04Apr2025 22:20:18.443] [main/INFO] [net.minecraft.world.item.crafting.RecipeManager/]: Skipping loading recipe atmospheric:morado_ladder_from_morado_logs_sawing as it's serializer returned null
[04Apr2025 22:20:18.443] [main/INFO] [net.minecraft.world.item.crafting.RecipeManager/]: Skipping loading recipe atmospheric:morado_furnace_boat as it's serializer returned null
[04Apr2025 22:20:18.444] [main/INFO] [net.minecraft.world.item.crafting.RecipeManager/]: Skipping loading recipe atmospheric:morado_leaves_from_leaf_piles as it's serializer returned null
[04Apr2025 22:20:18.444] [main/INFO] [net.minecraft.world.item.crafting.RecipeManager/]: Skipping loading recipe atmospheric:large_aspen_boat as it's serializer returned null
[04Apr2025 22:20:18.445] [main/WARN] [quark-zeta/]: Non-existent flag calcite being used
[04Apr2025 22:20:18.450] [main/INFO] [net.minecraft.world.item.crafting.RecipeManager/]: Skipping loading recipe environmental:wisteria_button_from_wisteria_planks_sawing as it's serializer returned null
[04Apr2025 22:20:18.452] [main/WARN] [quark-zeta/]: Non-existent flag andesite being used
[04Apr2025 22:20:18.452] [main/WARN] [quark-zeta/]: Non-existent flag dripstone being used
[04Apr2025 22:20:18.453] [main/INFO] [net.minecraft.world.item.crafting.RecipeManager/]: Skipping loading recipe productivebees:corail/woodcutter/rosewood_canvas_expansion_box as it's serializer returned null
[04Apr2025 22:20:18.458] [main/INFO] [net.minecraft.world.item.crafting.RecipeManager/]: Skipping loading recipe environmental:purple_wisteria_leaves_from_leaf_piles as it's serializer returned null
[04Apr2025 22:20:18.459] [main/ERROR] [net.minecraft.world.item.crafting.RecipeManager/]: Parsing error loading recipe create:cutting/compat/environmental/cherry_wood
com.google.gson.JsonSyntaxException: Unknown item 'environmental:cherry_wood'
	at net.minecraft.world.item.crafting.ShapedRecipe.m_151280_(ShapedRecipe.java:292) ~[server-1.20.1-20230612.114412-srg.jar%23365!/:?]
	at java.util.Optional.orElseThrow(Optional.java:403) ~[?:?]
	at net.minecraft.world.item.crafting.ShapedRecipe.m_151278_(ShapedRecipe.java:291) ~[server-1.20.1-20230612.114412-srg.jar%23365!/:?]
	at net.minecraft.world.item.crafting.Ingredient.m_43919_(Ingredient.java:219) ~[server-1.20.1-20230612.114412-srg.jar%23365!/:?]
	at net.minecraftforge.common.crafting.VanillaIngredientSerializer.parse(VanillaIngredientSerializer.java:27) ~[forge-1.20.1-47.3.7-universal.jar%23370!/:?]
	at net.minecraftforge.common.crafting.CraftingHelper.getIngredient(CraftingHelper.java:148) ~[forge-1.20.1-47.3.7-universal.jar%23370!/:?]
	at net.minecraft.world.item.crafting.Ingredient.m_288218_(Ingredient.java:194) ~[server-1.20.1-20230612.114412-srg.jar%23365!/:?]
	at net.minecraft.world.item.crafting.Ingredient.m_43917_(Ingredient.java:189) ~[server-1.20.1-20230612.114412-srg.jar%23365!/:?]
	at com.simibubi.create.content.processing.recipe.ProcessingRecipeSerializer.readFromJson(ProcessingRecipeSerializer.java:66) ~[create-1.20.1-0.5.1.j.jar%23259!/:0.5.1.j]
	at com.simibubi.create.content.processing.recipe.ProcessingRecipeSerializer.fromJson(ProcessingRecipeSerializer.java:154) ~[create-1.20.1-0.5.1.j.jar%23259!/:0.5.1.j]
	at com.simibubi.create.content.processing.recipe.ProcessingRecipeSerializer.m_6729_(ProcessingRecipeSerializer.java:21) ~[create-1.20.1-0.5.1.j.jar%23259!/:0.5.1.j]
	at net.minecraftforge.common.extensions.IForgeRecipeSerializer.fromJson(IForgeRecipeSerializer.java:23) ~[forge-1.20.1-47.3.7-universal.jar%23370!/:?]
	at net.minecraft.world.item.crafting.RecipeManager.fromJson(RecipeManager.java:171) ~[server-1.20.1-20230612.114412-srg.jar%23365!/:?]
	at net.minecraft.world.item.crafting.RecipeManager.m_5787_(RecipeManager.java:67) ~[server-1.20.1-20230612.114412-srg.jar%23365!/:?]
	at net.minecraft.world.item.crafting.RecipeManager.m_5787_(RecipeManager.java:34) ~[server-1.20.1-20230612.114412-srg.jar%23365!/:?]
	at net.minecraft.server.packs.resources.SimplePreparableReloadListener.m_10789_(SimplePreparableReloadListener.java:13) ~[server-1.20.1-20230612.114412-srg.jar%23365!/:?]
	at java.util.concurrent.CompletableFuture$UniAccept.tryFire(CompletableFuture.java:718) ~[?:?]
	at java.util.concurrent.CompletableFuture$Completion.run(CompletableFuture.java:482) ~[?:?]
	at net.minecraft.server.packs.resources.SimpleReloadInstance.m_143940_(SimpleReloadInstance.java:69) ~[server-1.20.1-20230612.114412-srg.jar%23365!/:?]
	at net.minecraft.Util.m_214652_(Util.java:783) ~[server-1.20.1-20230612.114412-srg.jar%23365!/:?]
	at net.minecraft.Util.m_214679_(Util.java:772) ~[server-1.20.1-20230612.114412-srg.jar%23365!/:?]
	at net.minecraft.server.Main.main(Main.java:166) ~[server-1.20.1-20230612.114412-srg.jar%23365!/:?]
	at jdk.internal.reflect.NativeMethodAccessorImpl.invoke0(Native Method) ~[?:?]
	at jdk.internal.reflect.NativeMethodAccessorImpl.invoke(NativeMethodAccessorImpl.java:77) ~[?:?]
	at jdk.internal.reflect.DelegatingMethodAccessorImpl.invoke(DelegatingMethodAccessorImpl.java:43) ~[?:?]
	at java.lang.reflect.Method.invoke(Method.java:569) ~[?:?]
	at net.minecraftforge.fml.loading.targets.CommonLaunchHandler.runTarget(CommonLaunchHandler.java:111) ~[fmlloader-1.20.1-47.3.7.jar%2369!/:?]
	at net.minecraftforge.fml.loading.targets.CommonLaunchHandler.serverService(CommonLaunchHandler.java:103) ~[fmlloader-1.20.1-47.3.7.jar%2369!/:?]
	at net.minecraftforge.fml.loading.targets.CommonServerLaunchHandler.lambda$makeService$0(CommonServerLaunchHandler.java:27) ~[fmlloader-1.20.1-47.3.7.jar%2369!/:?]
	at cpw.mods.modlauncher.LaunchServiceHandlerDecorator.launch(LaunchServiceHandlerDecorator.java:30) ~[modlauncher-10.0.9.jar%2355!/:?]
	at cpw.mods.modlauncher.LaunchServiceHandler.launch(LaunchServiceHandler.java:53) ~[modlauncher-10.0.9.jar%2355!/:?]
	at cpw.mods.modlauncher.LaunchServiceHandler.launch(LaunchServiceHandler.java:71) ~[modlauncher-10.0.9.jar%2355!/:?]
	at cpw.mods.modlauncher.Launcher.run(Launcher.java:108) ~[modlauncher-10.0.9.jar%2355!/:?]
	at cpw.mods.modlauncher.Launcher.main(Launcher.java:78) ~[modlauncher-10.0.9.jar%2355!/:?]
	at cpw.mods.modlauncher.BootstrapLaunchConsumer.accept(BootstrapLaunchConsumer.java:26) ~[modlauncher-10.0.9.jar%2355!/:?]
	at cpw.mods.modlauncher.BootstrapLaunchConsumer.accept(BootstrapLaunchConsumer.java:23) ~[modlauncher-10.0.9.jar%2355!/:?]
	at cpw.mods.bootstraplauncher.BootstrapLauncher.main(BootstrapLauncher.java:141) ~[bootstraplauncher-1.1.2.jar:?]
[04Apr2025 22:20:18.463] [main/INFO] [net.minecraft.world.item.crafting.RecipeManager/]: Skipping loading recipe productivebees:corail/woodcutter/maple_canvas_hive as it's serializer returned null
[04Apr2025 22:20:18.464] [main/INFO] [net.minecraft.world.item.crafting.RecipeManager/]: Skipping loading recipe environmental:plum_button_from_plum_planks_sawing as it's serializer returned null
[04Apr2025 22:20:18.464] [main/INFO] [net.minecraft.world.item.crafting.RecipeManager/]: Skipping loading recipe productivebees:hives/advanced_byg_willow_beehive_clear as it's serializer returned null
[04Apr2025 22:20:18.464] [main/WARN] [quark-zeta/]: Non-existent flag granite being used
[04Apr2025 22:20:18.464] [main/INFO] [net.minecraft.world.item.crafting.RecipeManager/]: Skipping loading recipe environmental:wisteria_pressure_plate_from_wisteria_logs_sawing as it's serializer returned null
[04Apr2025 22:20:18.465] [main/INFO] [net.minecraft.world.item.crafting.RecipeManager/]: Skipping loading recipe productivebees:expansion_boxes/expansion_box_byg_green_enchanted as it's serializer returned null
[04Apr2025 22:20:18.467] [main/INFO] [net.minecraft.world.item.crafting.RecipeManager/]: Skipping loading recipe productivebees:hives/advanced_biomesoplenty_umbran_beehive_clear as it's serializer returned null
[04Apr2025 22:20:18.467] [main/INFO] [net.minecraft.world.item.crafting.RecipeManager/]: Skipping loading recipe productivebees:hives/advanced_regions_unexplored_blackwood_beehive_clear as it's serializer returned null
[04Apr2025 22:20:18.467] [main/INFO] [net.minecraft.world.item.crafting.RecipeManager/]: Skipping loading recipe atmospheric:morado_button_from_morado_logs_sawing as it's serializer returned null
[04Apr2025 22:20:18.468] [main/WARN] [quark-zeta/]: Non-existent flag dripstone being used
[04Apr2025 22:20:18.474] [main/INFO] [net.minecraft.world.item.crafting.RecipeManager/]: Skipping loading recipe atmospheric:laurel_leaves_from_leaf_piles as it's serializer returned null
[04Apr2025 22:20:18.475] [main/INFO] [net.minecraft.world.item.crafting.RecipeManager/]: Skipping loading recipe atmospheric:rosewood_slab_from_rosewood_planks_sawing as it's serializer returned null
[04Apr2025 22:20:18.475] [main/INFO] [net.minecraft.world.item.crafting.RecipeManager/]: Skipping loading recipe productivebees:corail/woodcutter/jacaranda_canvas_expansion_box as it's serializer returned null
[04Apr2025 22:20:18.478] [main/INFO] [net.minecraft.world.item.crafting.RecipeManager/]: Skipping loading recipe productivebees:expansion_boxes/expansion_box_regions_unexplored_mauve as it's serializer returned null
[04Apr2025 22:20:18.479] [main/INFO] [net.minecraft.world.item.crafting.RecipeManager/]: Skipping loading recipe atmospheric:yucca_stairs_from_yucca_planks_sawing as it's serializer returned null
[04Apr2025 22:20:18.480] [main/INFO] [net.minecraft.world.item.crafting.RecipeManager/]: Skipping loading recipe atmospheric:kousa_boards as it's serializer returned null
[04Apr2025 22:20:18.480] [main/INFO] [net.minecraft.world.item.crafting.RecipeManager/]: Skipping loading recipe atmospheric:aspen_boards_from_aspen_logs_sawing as it's serializer returned null
[04Apr2025 22:20:18.480] [main/INFO] [net.minecraft.world.item.crafting.RecipeManager/]: Skipping loading recipe atmospheric:kousa_sign_from_kousa_logs_sawing as it's serializer returned null
[04Apr2025 22:20:18.481] [main/INFO] [net.minecraft.world.item.crafting.RecipeManager/]: Skipping loading recipe productivebees:hives/advanced_byg_skyris_beehive as it's serializer returned null
[04Apr2025 22:20:18.481] [main/INFO] [net.minecraft.world.item.crafting.RecipeManager/]: Skipping loading recipe productivebees:corail/woodcutter/acacia_canvas_expansion_box as it's serializer returned null
[04Apr2025 22:20:18.482] [main/WARN] [quark-zeta/]: Non-existent flag andesite being used
[04Apr2025 22:20:18.482] [main/INFO] [net.minecraft.world.item.crafting.RecipeManager/]: Skipping loading recipe productivebees:expansion_boxes/expansion_box_byg_witch_hazel as it's serializer returned null
[04Apr2025 22:20:18.482] [main/INFO] [net.minecraft.world.item.crafting.RecipeManager/]: Skipping loading recipe environmental:hibiscus_leaves_from_leaf_piles as it's serializer returned null
[04Apr2025 22:20:18.483] [main/INFO] [net.minecraft.world.item.crafting.RecipeManager/]: Skipping loading recipe atmospheric:flowering_morado_leaves_from_leaf_piles as it's serializer returned null
[04Apr2025 22:20:18.483] [main/WARN] [quark-zeta/]: Non-existent flag granite being used
[04Apr2025 22:20:18.484] [main/INFO] [net.minecraft.world.item.crafting.RecipeManager/]: Skipping loading recipe atmospheric:aspen_beehive as it's serializer returned null
[04Apr2025 22:20:18.484] [main/WARN] [quark-zeta/]: Non-existent flag granite being used
[04Apr2025 22:20:18.484] [main/INFO] [net.minecraft.world.item.crafting.RecipeManager/]: Skipping loading recipe productivebees:hives/advanced_regions_unexplored_kapok_beehive as it's serializer returned null
[04Apr2025 22:20:18.485] [main/INFO] [net.minecraft.world.item.crafting.RecipeManager/]: Skipping loading recipe environmental:trapped_plum_chest as it's serializer returned null
[04Apr2025 22:20:18.485] [main/INFO] [net.minecraft.world.item.crafting.RecipeManager/]: Skipping loading recipe productivebees:corail/woodcutter/grimwood_canvas_expansion_box as it's serializer returned null
[04Apr2025 22:20:18.486] [main/INFO] [net.minecraft.world.item.crafting.RecipeManager/]: Skipping loading recipe environmental:pink_wisteria_leaf_pile as it's serializer returned null
[04Apr2025 22:20:18.486] [main/INFO] [net.minecraft.world.item.crafting.RecipeManager/]: Skipping loading recipe environmental:trapped_willow_chest as it's serializer returned null
[04Apr2025 22:20:18.486] [main/INFO] [net.minecraft.world.item.crafting.RecipeManager/]: Skipping loading recipe productivebees:hives/advanced_byg_imparius_beehive_clear as it's serializer returned null
[04Apr2025 22:20:18.487] [main/INFO] [net.minecraft.world.item.crafting.RecipeManager/]: Skipping loading recipe supplementaries:inspirations/flag_clear as it's serializer returned null
[04Apr2025 22:20:18.487] [main/INFO] [net.minecraft.world.item.crafting.RecipeManager/]: Skipping loading recipe productivebees:hives/advanced_byg_imparius_beehive as it's serializer returned null
[04Apr2025 22:20:18.487] [main/INFO] [net.minecraft.world.item.crafting.RecipeManager/]: Skipping loading recipe atmospheric:laurel_planks_from_laurel_logs_sawing as it's serializer returned null
[04Apr2025 22:20:18.487] [main/INFO] [net.minecraft.world.item.crafting.RecipeManager/]: Skipping loading recipe environmental:plum_button_from_plum_logs_sawing as it's serializer returned null
[04Apr2025 22:20:18.488] [main/INFO] [net.minecraft.world.item.crafting.RecipeManager/]: Skipping loading recipe environmental:pine_pressure_plate_from_pine_logs_sawing as it's serializer returned null
[04Apr2025 22:20:18.488] [main/WARN] [quark-zeta/]: Non-existent flag calcite being used
[04Apr2025 22:20:18.489] [main/INFO] [net.minecraft.world.item.crafting.RecipeManager/]: Skipping loading recipe productivebees:hives/advanced_biomesoplenty_willow_beehive_clear as it's serializer returned null
[04Apr2025 22:20:18.489] [main/INFO] [net.minecraft.world.item.crafting.RecipeManager/]: Skipping loading recipe productivebees:hives/advanced_byg_embur_beehive_clear as it's serializer returned null
[04Apr2025 22:20:18.489] [main/INFO] [net.minecraft.world.item.crafting.RecipeManager/]: Skipping loading recipe productivebees:corail/woodcutter/dark_oak_canvas_expansion_box as it's serializer returned null
[04Apr2025 22:20:18.489] [main/INFO] [net.minecraft.world.item.crafting.RecipeManager/]: Skipping loading recipe atmospheric:aspen_leaves_from_leaf_piles as it's serializer returned null
[04Apr2025 22:20:18.489] [main/INFO] [net.minecraft.world.item.crafting.RecipeManager/]: Skipping loading recipe atmospheric:grimwood_fence_from_grimwood_logs_sawing as it's serializer returned null
[04Apr2025 22:20:18.490] [main/WARN] [quark-zeta/]: Non-existent flag dripstone being used
[04Apr2025 22:20:18.496] [main/INFO] [net.minecraft.world.item.crafting.RecipeManager/]: Skipping loading recipe atmospheric:laurel_button_from_laurel_planks_sawing as it's serializer returned null
[04Apr2025 22:20:18.496] [main/INFO] [net.minecraft.world.item.crafting.RecipeManager/]: Skipping loading recipe productivebees:expansion_boxes/expansion_box_regions_unexplored_baobab as it's serializer returned null
[04Apr2025 22:20:18.497] [main/INFO] [net.minecraft.world.item.crafting.RecipeManager/]: Skipping loading recipe productivebees:corail/woodcutter/mahogany_canvas_hive as it's serializer returned null
[04Apr2025 22:20:18.497] [main/INFO] [net.minecraft.world.item.crafting.RecipeManager/]: Skipping loading recipe atmospheric:morado_leaf_pile as it's serializer returned null
[04Apr2025 22:20:18.499] [main/INFO] [net.minecraft.world.item.crafting.RecipeManager/]: Skipping loading recipe productivebees:hives/advanced_byg_palm_beehive_clear as it's serializer returned null
[04Apr2025 22:20:18.499] [main/INFO] [net.minecraft.world.item.crafting.RecipeManager/]: Skipping loading recipe endergetic:poise_boards_from_poise_stems_sawing as it's serializer returned null
[04Apr2025 22:20:18.500] [main/INFO] [net.minecraft.world.item.crafting.RecipeManager/]: Skipping loading recipe productivebees:corail/woodcutter/yucca_canvas_expansion_box as it's serializer returned null
[04Apr2025 22:20:18.503] [main/INFO] [net.minecraft.world.item.crafting.RecipeManager/]: Skipping loading recipe productivebees:hives/advanced_regions_unexplored_baobab_beehive as it's serializer returned null
[04Apr2025 22:20:18.503] [main/INFO] [net.minecraft.world.item.crafting.RecipeManager/]: Skipping loading recipe atmospheric:laurel_boards_from_laurel_logs_sawing as it's serializer returned null
[04Apr2025 22:20:18.504] [main/INFO] [net.minecraft.world.item.crafting.RecipeManager/]: Skipping loading recipe productivebees:hives/advanced_regions_unexplored_eucalyptus_beehive_clear as it's serializer returned null
[04Apr2025 22:20:18.505] [main/INFO] [net.minecraft.world.item.crafting.RecipeManager/]: Skipping loading recipe productivebees:corail/woodcutter/kousa_canvas_expansion_box as it's serializer returned null
[04Apr2025 22:20:18.505] [main/INFO] [net.minecraft.world.item.crafting.RecipeManager/]: Skipping loading recipe atmospheric:rosewood_stairs_from_rosewood_planks_sawing as it's serializer returned null
[04Apr2025 22:20:18.505] [main/INFO] [net.minecraft.world.item.crafting.RecipeManager/]: Skipping loading recipe productivebees:hives/advanced_biomesoplenty_mahogany_beehive as it's serializer returned null
[04Apr2025 22:20:18.511] [main/INFO] [net.minecraft.world.item.crafting.RecipeManager/]: Skipping loading recipe productivebees:hives/advanced_biomesoplenty_redwood_beehive as it's serializer returned null
[04Apr2025 22:20:18.511] [main/INFO] [net.minecraft.world.item.crafting.RecipeManager/]: Skipping loading recipe environmental:wisteria_door_from_wisteria_logs_sawing as it's serializer returned null
[04Apr2025 22:20:18.512] [main/INFO] [net.minecraft.world.item.crafting.RecipeManager/]: Skipping loading recipe atmospheric:chiseled_yucca_bookshelf as it's serializer returned null
[04Apr2025 22:20:18.512] [main/INFO] [net.minecraft.world.item.crafting.RecipeManager/]: Skipping loading recipe productivebees:corail/woodcutter/driftwood_canvas_hive as it's serializer returned null
[04Apr2025 22:20:18.513] [main/INFO] [net.minecraft.world.item.crafting.RecipeManager/]: Skipping loading recipe atmospheric:morado_chest as it's serializer returned null
[04Apr2025 22:20:18.513] [main/INFO] [net.minecraft.world.item.crafting.RecipeManager/]: Skipping loading recipe environmental:wisteria_boards_from_wisteria_planks_sawing as it's serializer returned null
[04Apr2025 22:20:18.514] [main/INFO] [net.minecraft.world.item.crafting.RecipeManager/]: Skipping loading recipe atmospheric:yucca_ladder_from_yucca_logs_sawing as it's serializer returned null
[04Apr2025 22:20:18.514] [main/INFO] [net.minecraft.world.item.crafting.RecipeManager/]: Skipping loading recipe productivebees:hives/advanced_regions_unexplored_pine_beehive as it's serializer returned null
[04Apr2025 22:20:18.515] [main/INFO] [net.minecraft.world.item.crafting.RecipeManager/]: Skipping loading recipe productivebees:corail/woodcutter/oak_canvas_expansion_box as it's serializer returned null
[04Apr2025 22:20:18.515] [main/INFO] [net.minecraft.world.item.crafting.RecipeManager/]: Skipping loading recipe environmental:willow_button_from_willow_planks_sawing as it's serializer returned null
[04Apr2025 22:20:18.515] [main/WARN] [quark-zeta/]: Non-existent flag tuff being used
[04Apr2025 22:20:18.516] [main/INFO] [net.minecraft.world.item.crafting.RecipeManager/]: Skipping loading recipe productivebees:corail/woodcutter/birch_canvas_expansion_box as it's serializer returned null
[04Apr2025 22:20:18.516] [main/INFO] [net.minecraft.world.item.crafting.RecipeManager/]: Skipping loading recipe productivebees:hives/advanced_biomesoplenty_mahogany_beehive_clear as it's serializer returned null
[04Apr2025 22:20:18.516] [main/INFO] [net.minecraft.world.item.crafting.RecipeManager/]: Skipping loading recipe productivebees:expansion_boxes/expansion_box_byg_ether as it's serializer returned null
[04Apr2025 22:20:18.517] [main/INFO] [net.minecraft.world.item.crafting.RecipeManager/]: Skipping loading recipe environmental:plum_chest as it's serializer returned null
[04Apr2025 22:20:18.517] [main/INFO] [net.minecraft.world.item.crafting.RecipeManager/]: Skipping loading recipe productivebees:corail/woodcutter/oak_canvas_hive as it's serializer returned null
[04Apr2025 22:20:18.517] [main/INFO] [net.minecraft.world.item.crafting.RecipeManager/]: Skipping loading recipe atmospheric:morado_stairs_from_morado_planks_sawing as it's serializer returned null
[04Apr2025 22:20:18.518] [main/INFO] [net.minecraft.world.item.crafting.RecipeManager/]: Skipping loading recipe environmental:pine_stairs_from_pine_logs_sawing as it's serializer returned null
[04Apr2025 22:20:18.519] [main/INFO] [net.minecraft.world.item.crafting.RecipeManager/]: Skipping loading recipe environmental:trapped_wisteria_chest as it's serializer returned null
[04Apr2025 22:20:18.520] [main/WARN] [quark-zeta/]: Non-existent flag dripstone being used
[04Apr2025 22:20:18.521] [main/INFO] [net.minecraft.world.item.crafting.RecipeManager/]: Skipping loading recipe atmospheric:yucca_boards_from_yucca_logs_sawing as it's serializer returned null
[04Apr2025 22:20:18.522] [main/WARN] [quark-zeta/]: Non-existent flag dripstone being used
[04Apr2025 22:20:18.523] [main/INFO] [net.minecraft.world.item.crafting.RecipeManager/]: Skipping loading recipe environmental:wisteria_beehive as it's serializer returned null
[04Apr2025 22:20:18.523] [main/INFO] [net.minecraft.world.item.crafting.RecipeManager/]: Skipping loading recipe environmental:willow_fence_from_willow_logs_sawing as it's serializer returned null
[04Apr2025 22:20:18.523] [main/INFO] [net.minecraft.world.item.crafting.RecipeManager/]: Skipping loading recipe atmospheric:laurel_slab_from_laurel_planks_sawing as it's serializer returned null
[04Apr2025 22:20:18.524] [main/INFO] [net.minecraft.world.item.crafting.RecipeManager/]: Skipping loading recipe endergetic:poise_fence_from_poise_stems_sawing as it's serializer returned null
[04Apr2025 22:20:18.524] [main/INFO] [net.minecraft.world.item.crafting.RecipeManager/]: Skipping loading recipe atmospheric:currant_leaf_pile as it's serializer returned null
[04Apr2025 22:20:18.525] [main/INFO] [net.minecraft.world.item.crafting.RecipeManager/]: Skipping loading recipe atmospheric:grimwood_ladder_from_grimwood_logs_sawing as it's serializer returned null
[04Apr2025 22:20:18.525] [main/INFO] [net.minecraft.world.item.crafting.RecipeManager/]: Skipping loading recipe atmospheric:yucca_fence_from_yucca_planks_sawing as it's serializer returned null
[04Apr2025 22:20:18.526] [main/WARN] [quark-zeta/]: Non-existent flag calcite being used
[04Apr2025 22:20:18.531] [main/INFO] [net.minecraft.world.item.crafting.RecipeManager/]: Skipping loading recipe endergetic:poise_stairs_from_poise_planks_sawing as it's serializer returned null
[04Apr2025 22:20:18.531] [main/ERROR] [net.minecraft.world.item.crafting.RecipeManager/]: Parsing error loading recipe create:cutting/compat/environmental/stripped_cherry_log
com.google.gson.JsonSyntaxException: Unknown item 'environmental:stripped_cherry_log'
	at net.minecraft.world.item.crafting.ShapedRecipe.m_151280_(ShapedRecipe.java:292) ~[server-1.20.1-20230612.114412-srg.jar%23365!/:?]
	at java.util.Optional.orElseThrow(Optional.java:403) ~[?:?]
	at net.minecraft.world.item.crafting.ShapedRecipe.m_151278_(ShapedRecipe.java:291) ~[server-1.20.1-20230612.114412-srg.jar%23365!/:?]
	at net.minecraft.world.item.crafting.Ingredient.m_43919_(Ingredient.java:219) ~[server-1.20.1-20230612.114412-srg.jar%23365!/:?]
	at net.minecraftforge.common.crafting.VanillaIngredientSerializer.parse(VanillaIngredientSerializer.java:27) ~[forge-1.20.1-47.3.7-universal.jar%23370!/:?]
	at net.minecraftforge.common.crafting.CraftingHelper.getIngredient(CraftingHelper.java:148) ~[forge-1.20.1-47.3.7-universal.jar%23370!/:?]
	at net.minecraft.world.item.crafting.Ingredient.m_288218_(Ingredient.java:194) ~[server-1.20.1-20230612.114412-srg.jar%23365!/:?]
	at net.minecraft.world.item.crafting.Ingredient.m_43917_(Ingredient.java:189) ~[server-1.20.1-20230612.114412-srg.jar%23365!/:?]
	at com.simibubi.create.content.processing.recipe.ProcessingRecipeSerializer.readFromJson(ProcessingRecipeSerializer.java:66) ~[create-1.20.1-0.5.1.j.jar%23259!/:0.5.1.j]
	at com.simibubi.create.content.processing.recipe.ProcessingRecipeSerializer.fromJson(ProcessingRecipeSerializer.java:154) ~[create-1.20.1-0.5.1.j.jar%23259!/:0.5.1.j]
	at com.simibubi.create.content.processing.recipe.ProcessingRecipeSerializer.m_6729_(ProcessingRecipeSerializer.java:21) ~[create-1.20.1-0.5.1.j.jar%23259!/:0.5.1.j]
	at net.minecraftforge.common.extensions.IForgeRecipeSerializer.fromJson(IForgeRecipeSerializer.java:23) ~[forge-1.20.1-47.3.7-universal.jar%23370!/:?]
	at net.minecraft.world.item.crafting.RecipeManager.fromJson(RecipeManager.java:171) ~[server-1.20.1-20230612.114412-srg.jar%23365!/:?]
	at net.minecraft.world.item.crafting.RecipeManager.m_5787_(RecipeManager.java:67) ~[server-1.20.1-20230612.114412-srg.jar%23365!/:?]
	at net.minecraft.world.item.crafting.RecipeManager.m_5787_(RecipeManager.java:34) ~[server-1.20.1-20230612.114412-srg.jar%23365!/:?]
	at net.minecraft.server.packs.resources.SimplePreparableReloadListener.m_10789_(SimplePreparableReloadListener.java:13) ~[server-1.20.1-20230612.114412-srg.jar%23365!/:?]
	at java.util.concurrent.CompletableFuture$UniAccept.tryFire(CompletableFuture.java:718) ~[?:?]
	at java.util.concurrent.CompletableFuture$Completion.run(CompletableFuture.java:482) ~[?:?]
	at net.minecraft.server.packs.resources.SimpleReloadInstance.m_143940_(SimpleReloadInstance.java:69) ~[server-1.20.1-20230612.114412-srg.jar%23365!/:?]
	at net.minecraft.Util.m_214652_(Util.java:783) ~[server-1.20.1-20230612.114412-srg.jar%23365!/:?]
	at net.minecraft.Util.m_214679_(Util.java:772) ~[server-1.20.1-20230612.114412-srg.jar%23365!/:?]
	at net.minecraft.server.Main.main(Main.java:166) ~[server-1.20.1-20230612.114412-srg.jar%23365!/:?]
	at jdk.internal.reflect.NativeMethodAccessorImpl.invoke0(Native Method) ~[?:?]
	at jdk.internal.reflect.NativeMethodAccessorImpl.invoke(NativeMethodAccessorImpl.java:77) ~[?:?]
	at jdk.internal.reflect.DelegatingMethodAccessorImpl.invoke(DelegatingMethodAccessorImpl.java:43) ~[?:?]
	at java.lang.reflect.Method.invoke(Method.java:569) ~[?:?]
	at net.minecraftforge.fml.loading.targets.CommonLaunchHandler.runTarget(CommonLaunchHandler.java:111) ~[fmlloader-1.20.1-47.3.7.jar%2369!/:?]
	at net.minecraftforge.fml.loading.targets.CommonLaunchHandler.serverService(CommonLaunchHandler.java:103) ~[fmlloader-1.20.1-47.3.7.jar%2369!/:?]
	at net.minecraftforge.fml.loading.targets.CommonServerLaunchHandler.lambda$makeService$0(CommonServerLaunchHandler.java:27) ~[fmlloader-1.20.1-47.3.7.jar%2369!/:?]
	at cpw.mods.modlauncher.LaunchServiceHandlerDecorator.launch(LaunchServiceHandlerDecorator.java:30) ~[modlauncher-10.0.9.jar%2355!/:?]
	at cpw.mods.modlauncher.LaunchServiceHandler.launch(LaunchServiceHandler.java:53) ~[modlauncher-10.0.9.jar%2355!/:?]
	at cpw.mods.modlauncher.LaunchServiceHandler.launch(LaunchServiceHandler.java:71) ~[modlauncher-10.0.9.jar%2355!/:?]
	at cpw.mods.modlauncher.Launcher.run(Launcher.java:108) ~[modlauncher-10.0.9.jar%2355!/:?]
	at cpw.mods.modlauncher.Launcher.main(Launcher.java:78) ~[modlauncher-10.0.9.jar%2355!/:?]
	at cpw.mods.modlauncher.BootstrapLaunchConsumer.accept(BootstrapLaunchConsumer.java:26) ~[modlauncher-10.0.9.jar%2355!/:?]
	at cpw.mods.modlauncher.BootstrapLaunchConsumer.accept(BootstrapLaunchConsumer.java:23) ~[modlauncher-10.0.9.jar%2355!/:?]
	at cpw.mods.bootstraplauncher.BootstrapLauncher.main(BootstrapLauncher.java:141) ~[bootstraplauncher-1.1.2.jar:?]
[04Apr2025 22:20:18.534] [main/INFO] [net.minecraft.world.item.crafting.RecipeManager/]: Skipping loading recipe endergetic:cracked_end_stone_bricks_from_baking as it's serializer returned null
[04Apr2025 22:20:18.534] [main/INFO] [net.minecraft.world.item.crafting.RecipeManager/]: Skipping loading recipe productivebees:corail/woodcutter/fir_canvas_expansion_box as it's serializer returned null
[04Apr2025 22:20:18.535] [main/WARN] [quark-zeta/]: Non-existent flag diorite being used
[04Apr2025 22:20:18.535] [main/INFO] [net.minecraft.world.item.crafting.RecipeManager/]: Skipping loading recipe productivebees:expansion_boxes/expansion_box_biomesoplenty_magic as it's serializer returned null
[04Apr2025 22:20:18.539] [main/INFO] [net.minecraft.world.item.crafting.RecipeManager/]: Skipping loading recipe atmospheric:yucca_leaf_pile as it's serializer returned null
[04Apr2025 22:20:18.540] [main/INFO] [net.minecraft.world.item.crafting.RecipeManager/]: Skipping loading recipe productivebees:corail/woodcutter/warped_canvas_hive as it's serializer returned null
[04Apr2025 22:20:18.540] [main/INFO] [net.minecraft.world.item.crafting.RecipeManager/]: Skipping loading recipe productivebees:expansion_boxes/expansion_box_regions_unexplored_joshua as it's serializer returned null
[04Apr2025 22:20:18.545] [main/INFO] [net.minecraft.world.item.crafting.RecipeManager/]: Skipping loading recipe environmental:willow_boards_from_willow_logs_sawing as it's serializer returned null
[04Apr2025 22:20:18.545] [main/WARN] [quark-zeta/]: Non-existent flag granite being used
[04Apr2025 22:20:18.546] [main/WARN] [quark-zeta/]: Non-existent flag tuff being used
[04Apr2025 22:20:18.550] [main/WARN] [quark-zeta/]: Non-existent flag calcite being used
[04Apr2025 22:20:18.550] [main/INFO] [net.minecraft.world.item.crafting.RecipeManager/]: Skipping loading recipe environmental:willow_trapdoor_from_willow_logs_sawing as it's serializer returned null
[04Apr2025 22:20:18.551] [main/INFO] [net.minecraft.world.item.crafting.RecipeManager/]: Skipping loading recipe atmospheric:morado_stairs_from_morado_logs_sawing as it's serializer returned null
[04Apr2025 22:20:18.552] [main/INFO] [net.minecraft.world.item.crafting.RecipeManager/]: Skipping loading recipe productivebees:hives/advanced_byg_willow_beehive as it's serializer returned null
[04Apr2025 22:20:18.553] [main/INFO] [net.minecraft.world.item.crafting.RecipeManager/]: Skipping loading recipe environmental:plum_ladder_from_plum_logs_sawing as it's serializer returned null
[04Apr2025 22:20:18.553] [main/INFO] [net.minecraft.world.item.crafting.RecipeManager/]: Skipping loading recipe atmospheric:aspen_planks_from_aspen_logs_sawing as it's serializer returned null
[04Apr2025 22:20:18.554] [main/INFO] [net.minecraft.world.item.crafting.RecipeManager/]: Skipping loading recipe productivebees:expansion_boxes/expansion_box_regions_unexplored_cypress as it's serializer returned null
[04Apr2025 22:20:18.554] [main/INFO] [net.minecraft.world.item.crafting.RecipeManager/]: Skipping loading recipe atmospheric:grimwood_fence_from_grimwood_planks_sawing as it's serializer returned null
[04Apr2025 22:20:18.555] [main/WARN] [quark-zeta/]: Non-existent flag dripstone being used
[04Apr2025 22:20:18.555] [main/INFO] [net.minecraft.world.item.crafting.RecipeManager/]: Skipping loading recipe environmental:chiseled_willow_bookshelf as it's serializer returned null
[04Apr2025 22:20:18.556] [main/INFO] [net.minecraft.world.item.crafting.RecipeManager/]: Skipping loading recipe productivebees:expansion_boxes/expansion_box_byg_mahogany as it's serializer returned null
[04Apr2025 22:20:18.556] [main/INFO] [net.minecraft.world.item.crafting.RecipeManager/]: Skipping loading recipe atmospheric:aspen_stairs_from_aspen_planks_sawing as it's serializer returned null
[04Apr2025 22:20:18.557] [main/INFO] [net.minecraft.world.item.crafting.RecipeManager/]: Skipping loading recipe environmental:plum_fence_from_plum_logs_sawing as it's serializer returned null
[04Apr2025 22:20:18.557] [main/INFO] [net.minecraft.world.item.crafting.RecipeManager/]: Skipping loading recipe environmental:hibiscus_leaf_pile as it's serializer returned null
[04Apr2025 22:20:18.558] [main/INFO] [net.minecraft.world.item.crafting.RecipeManager/]: Skipping loading recipe productivebees:hives/advanced_regions_unexplored_yellow_bioshroom_beehive_clear as it's serializer returned null
[04Apr2025 22:20:18.558] [main/INFO] [net.minecraft.world.item.crafting.RecipeManager/]: Skipping loading recipe environmental:plum_beehive as it's serializer returned null
[04Apr2025 22:20:18.559] [main/WARN] [quark-zeta/]: Non-existent flag dripstone being used
[04Apr2025 22:20:18.561] [main/INFO] [net.minecraft.world.item.crafting.RecipeManager/]: Skipping loading recipe atmospheric:morado_ladder_from_morado_planks_sawing as it's serializer returned null
[04Apr2025 22:20:18.562] [main/INFO] [net.minecraft.world.item.crafting.RecipeManager/]: Skipping loading recipe atmospheric:large_morado_boat as it's serializer returned null
[04Apr2025 22:20:18.562] [main/WARN] [quark-zeta/]: Non-existent flag andesite being used
[04Apr2025 22:20:18.563] [main/WARN] [quark-zeta/]: Non-existent flag diorite being used
[04Apr2025 22:20:18.563] [main/INFO] [net.minecraft.world.item.crafting.RecipeManager/]: Skipping loading recipe atmospheric:grimwood_pressure_plate_from_grimwood_logs_sawing as it's serializer returned null
[04Apr2025 22:20:18.564] [main/INFO] [net.minecraft.world.item.crafting.RecipeManager/]: Skipping loading recipe supplementaries:inspirations/blackboard_clear as it's serializer returned null
[04Apr2025 22:20:18.565] [main/INFO] [net.minecraft.world.item.crafting.RecipeManager/]: Skipping loading recipe productivebees:corail/woodcutter/snake_block_canvas_hive as it's serializer returned null
[04Apr2025 22:20:18.565] [main/INFO] [net.minecraft.world.item.crafting.RecipeManager/]: Skipping loading recipe atmospheric:dry_laurel_leaf_pile as it's serializer returned null
[04Apr2025 22:20:18.565] [main/INFO] [net.minecraft.world.item.crafting.RecipeManager/]: Skipping loading recipe environmental:pine_boards_from_pine_logs_sawing as it's serializer returned null
[04Apr2025 22:20:18.570] [main/INFO] [net.minecraft.world.item.crafting.RecipeManager/]: Skipping loading recipe environmental:wisteria_boards as it's serializer returned null
[04Apr2025 22:20:18.571] [main/INFO] [net.minecraft.world.item.crafting.RecipeManager/]: Skipping loading recipe atmospheric:rosewood_slab_from_rosewood_logs_sawing as it's serializer returned null
[04Apr2025 22:20:18.571] [main/INFO] [net.minecraft.world.item.crafting.RecipeManager/]: Skipping loading recipe productivebees:hives/advanced_regions_unexplored_palm_beehive as it's serializer returned null
[04Apr2025 22:20:18.572] [main/INFO] [net.minecraft.world.item.crafting.RecipeManager/]: Skipping loading recipe productivebees:corail/woodcutter/willow_canvas_hive as it's serializer returned null
[04Apr2025 22:20:18.573] [main/INFO] [net.minecraft.world.item.crafting.RecipeManager/]: Skipping loading recipe atmospheric:smooth_red_arid_sandstone_from_baking as it's serializer returned null
[04Apr2025 22:20:18.577] [main/ERROR] [net.minecraft.world.item.crafting.RecipeManager/]: Parsing error loading recipe irons_spellbooks:curios/concentration_amulet
com.google.gson.JsonSyntaxException: Unknown item 'irons_spellbooks:mithril_ingot'
	at net.minecraft.world.item.crafting.ShapedRecipe.m_151280_(ShapedRecipe.java:292) ~[server-1.20.1-20230612.114412-srg.jar%23365!/:?]
	at java.util.Optional.orElseThrow(Optional.java:403) ~[?:?]
	at net.minecraft.world.item.crafting.ShapedRecipe.m_151278_(ShapedRecipe.java:291) ~[server-1.20.1-20230612.114412-srg.jar%23365!/:?]
	at net.minecraft.world.item.crafting.Ingredient.m_43919_(Ingredient.java:219) ~[server-1.20.1-20230612.114412-srg.jar%23365!/:?]
	at net.minecraftforge.common.crafting.VanillaIngredientSerializer.parse(VanillaIngredientSerializer.java:27) ~[forge-1.20.1-47.3.7-universal.jar%23370!/:?]
	at net.minecraftforge.common.crafting.CraftingHelper.getIngredient(CraftingHelper.java:148) ~[forge-1.20.1-47.3.7-universal.jar%23370!/:?]
	at net.minecraft.world.item.crafting.Ingredient.m_288218_(Ingredient.java:194) ~[server-1.20.1-20230612.114412-srg.jar%23365!/:?]
	at net.minecraft.world.item.crafting.ShapedRecipe.m_44210_(ShapedRecipe.java:278) ~[server-1.20.1-20230612.114412-srg.jar%23365!/:?]
	at net.minecraft.world.item.crafting.ShapedRecipe$Serializer.m_6729_(ShapedRecipe.java:306) ~[server-1.20.1-20230612.114412-srg.jar%23365!/:?]
	at net.minecraft.world.item.crafting.ShapedRecipe$Serializer.m_6729_(ShapedRecipe.java:301) ~[server-1.20.1-20230612.114412-srg.jar%23365!/:?]
	at net.minecraftforge.common.extensions.IForgeRecipeSerializer.fromJson(IForgeRecipeSerializer.java:23) ~[forge-1.20.1-47.3.7-universal.jar%23370!/:?]
	at net.minecraft.world.item.crafting.RecipeManager.fromJson(RecipeManager.java:171) ~[server-1.20.1-20230612.114412-srg.jar%23365!/:?]
	at net.minecraft.world.item.crafting.RecipeManager.m_5787_(RecipeManager.java:67) ~[server-1.20.1-20230612.114412-srg.jar%23365!/:?]
	at net.minecraft.world.item.crafting.RecipeManager.m_5787_(RecipeManager.java:34) ~[server-1.20.1-20230612.114412-srg.jar%23365!/:?]
	at net.minecraft.server.packs.resources.SimplePreparableReloadListener.m_10789_(SimplePreparableReloadListener.java:13) ~[server-1.20.1-20230612.114412-srg.jar%23365!/:?]
	at java.util.concurrent.CompletableFuture$UniAccept.tryFire(CompletableFuture.java:718) ~[?:?]
	at java.util.concurrent.CompletableFuture$Completion.run(CompletableFuture.java:482) ~[?:?]
	at net.minecraft.server.packs.resources.SimpleReloadInstance.m_143940_(SimpleReloadInstance.java:69) ~[server-1.20.1-20230612.114412-srg.jar%23365!/:?]
	at net.minecraft.Util.m_214652_(Util.java:783) ~[server-1.20.1-20230612.114412-srg.jar%23365!/:?]
	at net.minecraft.Util.m_214679_(Util.java:772) ~[server-1.20.1-20230612.114412-srg.jar%23365!/:?]
	at net.minecraft.server.Main.main(Main.java:166) ~[server-1.20.1-20230612.114412-srg.jar%23365!/:?]
	at jdk.internal.reflect.NativeMethodAccessorImpl.invoke0(Native Method) ~[?:?]
	at jdk.internal.reflect.NativeMethodAccessorImpl.invoke(NativeMethodAccessorImpl.java:77) ~[?:?]
	at jdk.internal.reflect.DelegatingMethodAccessorImpl.invoke(DelegatingMethodAccessorImpl.java:43) ~[?:?]
	at java.lang.reflect.Method.invoke(Method.java:569) ~[?:?]
	at net.minecraftforge.fml.loading.targets.CommonLaunchHandler.runTarget(CommonLaunchHandler.java:111) ~[fmlloader-1.20.1-47.3.7.jar%2369!/:?]
	at net.minecraftforge.fml.loading.targets.CommonLaunchHandler.serverService(CommonLaunchHandler.java:103) ~[fmlloader-1.20.1-47.3.7.jar%2369!/:?]
	at net.minecraftforge.fml.loading.targets.CommonServerLaunchHandler.lambda$makeService$0(CommonServerLaunchHandler.java:27) ~[fmlloader-1.20.1-47.3.7.jar%2369!/:?]
	at cpw.mods.modlauncher.LaunchServiceHandlerDecorator.launch(LaunchServiceHandlerDecorator.java:30) ~[modlauncher-10.0.9.jar%2355!/:?]
	at cpw.mods.modlauncher.LaunchServiceHandler.launch(LaunchServiceHandler.java:53) ~[modlauncher-10.0.9.jar%2355!/:?]
	at cpw.mods.modlauncher.LaunchServiceHandler.launch(LaunchServiceHandler.java:71) ~[modlauncher-10.0.9.jar%2355!/:?]
	at cpw.mods.modlauncher.Launcher.run(Launcher.java:108) ~[modlauncher-10.0.9.jar%2355!/:?]
	at cpw.mods.modlauncher.Launcher.main(Launcher.java:78) ~[modlauncher-10.0.9.jar%2355!/:?]
	at cpw.mods.modlauncher.BootstrapLaunchConsumer.accept(BootstrapLaunchConsumer.java:26) ~[modlauncher-10.0.9.jar%2355!/:?]
	at cpw.mods.modlauncher.BootstrapLaunchConsumer.accept(BootstrapLaunchConsumer.java:23) ~[modlauncher-10.0.9.jar%2355!/:?]
	at cpw.mods.bootstraplauncher.BootstrapLauncher.main(BootstrapLauncher.java:141) ~[bootstraplauncher-1.1.2.jar:?]
[04Apr2025 22:20:18.584] [main/INFO] [net.minecraft.world.item.crafting.RecipeManager/]: Skipping loading recipe productivebees:corail/woodcutter/birch_canvas_hive as it's serializer returned null
[04Apr2025 22:20:18.584] [main/WARN] [quark-zeta/]: Non-existent flag tuff being used
[04Apr2025 22:20:18.589] [main/INFO] [net.minecraft.world.item.crafting.RecipeManager/]: Skipping loading recipe productivebees:hives/advanced_regions_unexplored_socotra_beehive_clear as it's serializer returned null
[04Apr2025 22:20:18.590] [main/INFO] [net.minecraft.world.item.crafting.RecipeManager/]: Skipping loading recipe productivebees:hives/advanced_biomesoplenty_fir_beehive as it's serializer returned null
[04Apr2025 22:20:18.590] [main/WARN] [quark-zeta/]: Non-existent flag calcite being used
[04Apr2025 22:20:18.591] [main/WARN] [quark-zeta/]: Non-existent flag granite being used
[04Apr2025 22:20:18.596] [main/INFO] [net.minecraft.world.item.crafting.RecipeManager/]: Skipping loading recipe productivebees:hives/advanced_regions_unexplored_mauve_beehive as it's serializer returned null
[04Apr2025 22:20:18.596] [main/INFO] [net.minecraft.world.item.crafting.RecipeManager/]: Skipping loading recipe environmental:willow_leaf_pile as it's serializer returned null
[04Apr2025 22:20:18.596] [main/INFO] [net.minecraft.world.item.crafting.RecipeManager/]: Skipping loading recipe environmental:plum_door_from_plum_logs_sawing as it's serializer returned null
[04Apr2025 22:20:18.597] [main/INFO] [net.minecraft.world.item.crafting.RecipeManager/]: Skipping loading recipe environmental:plum_furnace_boat as it's serializer returned null
[04Apr2025 22:20:18.597] [main/INFO] [net.minecraft.world.item.crafting.RecipeManager/]: Skipping loading recipe productivebees:expansion_boxes/expansion_box_byg_sythian as it's serializer returned null
[04Apr2025 22:20:18.602] [main/INFO] [net.minecraft.world.item.crafting.RecipeManager/]: Skipping loading recipe environmental:plum_crate as it's serializer returned null
[04Apr2025 22:20:18.605] [main/INFO] [net.minecraft.world.item.crafting.RecipeManager/]: Skipping loading recipe environmental:willow_planks_from_willow_logs_sawing as it's serializer returned null
[04Apr2025 22:20:18.606] [main/INFO] [net.minecraft.world.item.crafting.RecipeManager/]: Skipping loading recipe productivebees:corail/woodcutter/umbran_canvas_hive as it's serializer returned null
[04Apr2025 22:20:18.606] [main/INFO] [net.minecraft.world.item.crafting.RecipeManager/]: Skipping loading recipe environmental:trapped_pine_chest as it's serializer returned null
[04Apr2025 22:20:18.607] [main/INFO] [net.minecraft.world.item.crafting.RecipeManager/]: Skipping loading recipe atmospheric:grimwood_door_from_grimwood_logs_sawing as it's serializer returned null
[04Apr2025 22:20:18.608] [main/INFO] [net.minecraft.world.item.crafting.RecipeManager/]: Skipping loading recipe atmospheric:grimwood_sign_from_grimwood_logs_sawing as it's serializer returned null
[04Apr2025 22:20:18.608] [main/INFO] [net.minecraft.world.item.crafting.RecipeManager/]: Skipping loading recipe environmental:wisteria_slab_from_wisteria_logs_sawing as it's serializer returned null
[04Apr2025 22:20:18.608] [main/WARN] [quark-zeta/]: Non-existent flag tuff being used
[04Apr2025 22:20:18.609] [main/INFO] [net.minecraft.world.item.crafting.RecipeManager/]: Skipping loading recipe productivebees:hives/advanced_regions_unexplored_maple_beehive as it's serializer returned null
[04Apr2025 22:20:18.609] [main/INFO] [net.minecraft.world.item.crafting.RecipeManager/]: Skipping loading recipe atmospheric:morado_fence_gate_from_morado_logs_sawing as it's serializer returned null
[04Apr2025 22:20:18.610] [main/WARN] [quark-zeta/]: Non-existent flag calcite being used
[04Apr2025 22:20:18.610] [main/INFO] [net.minecraft.world.item.crafting.RecipeManager/]: Skipping loading recipe atmospheric:trapped_laurel_chest as it's serializer returned null
[04Apr2025 22:20:18.611] [main/INFO] [net.minecraft.world.item.crafting.RecipeManager/]: Skipping loading recipe environmental:plum_bookshelf as it's serializer returned null
[04Apr2025 22:20:18.611] [main/INFO] [net.minecraft.world.item.crafting.RecipeManager/]: Skipping loading recipe endergetic:poise_furnace_boat as it's serializer returned null
[04Apr2025 22:20:18.611] [main/WARN] [quark-zeta/]: Non-existent flag granite being used
[04Apr2025 22:20:18.611] [main/INFO] [net.minecraft.world.item.crafting.RecipeManager/]: Skipping loading recipe productivebees:corail/woodcutter/redwood_canvas_hive as it's serializer returned null
[04Apr2025 22:20:18.611] [main/WARN] [quark-zeta/]: Non-existent flag andesite being used
[04Apr2025 22:20:18.613] [main/INFO] [net.minecraft.world.item.crafting.RecipeManager/]: Skipping loading recipe atmospheric:dry_laurel_leaves_from_leaf_piles as it's serializer returned null
[04Apr2025 22:20:18.613] [main/WARN] [quark-zeta/]: Non-existent flag tuff being used
[04Apr2025 22:20:18.618] [main/INFO] [net.minecraft.world.item.crafting.RecipeManager/]: Skipping loading recipe supplementaries:inspirations/flag_dye as it's serializer returned null
[04Apr2025 22:20:18.618] [main/INFO] [net.minecraft.world.item.crafting.RecipeManager/]: Skipping loading recipe endergetic:poise_slab_from_poise_planks_sawing as it's serializer returned null
[04Apr2025 22:20:18.619] [main/INFO] [net.minecraft.world.item.crafting.RecipeManager/]: Skipping loading recipe productivebees:hives/advanced_byg_redwood_beehive_clear as it's serializer returned null
[04Apr2025 22:20:18.619] [main/INFO] [net.minecraft.world.item.crafting.RecipeManager/]: Skipping loading recipe productivebees:expansion_boxes/expansion_box_byg_cika as it's serializer returned null
[04Apr2025 22:20:18.623] [main/INFO] [net.minecraft.world.item.crafting.RecipeManager/]: Skipping loading recipe productivebees:expansion_boxes/expansion_box_byg_holly as it's serializer returned null
[04Apr2025 22:20:18.623] [main/INFO] [net.minecraft.world.item.crafting.RecipeManager/]: Skipping loading recipe productivebees:corail/woodcutter/concrete_canvas_hive as it's serializer returned null
[04Apr2025 22:20:18.623] [main/INFO] [net.minecraft.world.item.crafting.RecipeManager/]: Skipping loading recipe productivebees:hives/advanced_byg_pine_beehive as it's serializer returned null
[04Apr2025 22:20:18.624] [main/INFO] [net.minecraft.world.item.crafting.RecipeManager/]: Skipping loading recipe atmospheric:large_yucca_boat as it's serializer returned null
[04Apr2025 22:20:18.624] [main/INFO] [net.minecraft.world.item.crafting.RecipeManager/]: Skipping loading recipe productivebees:expansion_boxes/expansion_box_biomesoplenty_hellbark as it's serializer returned null
[04Apr2025 22:20:18.625] [main/INFO] [net.minecraft.world.item.crafting.RecipeManager/]: Skipping loading recipe atmospheric:grimwood_chest as it's serializer returned null
[04Apr2025 22:20:18.625] [main/INFO] [net.minecraft.world.item.crafting.RecipeManager/]: Skipping loading recipe environmental:wisteria_slab_from_wisteria_planks_sawing as it's serializer returned null
[04Apr2025 22:20:18.626] [main/WARN] [quark-zeta/]: Non-existent flag dripstone being used
[04Apr2025 22:20:18.626] [main/INFO] [net.minecraft.world.item.crafting.RecipeManager/]: Skipping loading recipe atmospheric:morado_fence_from_morado_logs_sawing as it's serializer returned null
[04Apr2025 22:20:18.626] [main/WARN] [quark-zeta/]: Non-existent flag dripstone being used
[04Apr2025 22:20:18.627] [main/INFO] [net.minecraft.world.item.crafting.RecipeManager/]: Skipping loading recipe atmospheric:kousa_button_from_kousa_planks_sawing as it's serializer returned null
[04Apr2025 22:20:18.628] [main/INFO] [net.minecraft.world.item.crafting.RecipeManager/]: Skipping loading recipe atmospheric:aspen_bookshelf as it's serializer returned null
[04Apr2025 22:20:18.628] [main/INFO] [net.minecraft.world.item.crafting.RecipeManager/]: Skipping loading recipe environmental:willow_ladder_from_willow_logs_sawing as it's serializer returned null
[04Apr2025 22:20:18.632] [main/INFO] [net.minecraft.world.item.crafting.RecipeManager/]: Skipping loading recipe productivebees:hives/advanced_regions_unexplored_kapok_beehive_clear as it's serializer returned null
[04Apr2025 22:20:18.632] [main/INFO] [net.minecraft.world.item.crafting.RecipeManager/]: Skipping loading recipe atmospheric:kousa_slab_from_kousa_logs_sawing as it's serializer returned null
[04Apr2025 22:20:18.632] [main/INFO] [net.minecraft.world.item.crafting.RecipeManager/]: Skipping loading recipe productivebees:hives/advanced_regions_unexplored_cypress_beehive_clear as it's serializer returned null
[04Apr2025 22:20:18.633] [main/WARN] [quark-zeta/]: Non-existent flag andesite being used
[04Apr2025 22:20:18.633] [main/INFO] [net.minecraft.world.item.crafting.RecipeManager/]: Skipping loading recipe productivebees:expansion_boxes/expansion_box_regions_unexplored_kapok as it's serializer returned null
[04Apr2025 22:20:18.633] [main/INFO] [net.minecraft.world.item.crafting.RecipeManager/]: Skipping loading recipe atmospheric:grimwood_boards_from_grimwood_planks_sawing as it's serializer returned null
[04Apr2025 22:20:18.634] [main/WARN] [quark-zeta/]: Non-existent flag tuff being used
[04Apr2025 22:20:18.634] [main/WARN] [quark-zeta/]: Non-existent flag tuff being used
[04Apr2025 22:20:18.634] [main/WARN] [quark-zeta/]: Non-existent flag andesite being used
[04Apr2025 22:20:18.634] [main/INFO] [net.minecraft.world.item.crafting.RecipeManager/]: Skipping loading recipe productivebees:hives/advanced_byg_baobab_beehive_clear as it's serializer returned null
[04Apr2025 22:20:18.635] [main/INFO] [net.minecraft.world.item.crafting.RecipeManager/]: Skipping loading recipe productivebees:hives/advanced_byg_lament_beehive as it's serializer returned null
[04Apr2025 22:20:18.635] [main/INFO] [net.minecraft.world.item.crafting.RecipeManager/]: Skipping loading recipe productivebees:corail/woodcutter/driftwood_canvas_expansion_box as it's serializer returned null
[04Apr2025 22:20:18.636] [main/INFO] [net.minecraft.world.item.crafting.RecipeManager/]: Skipping loading recipe environmental:plum_fence_from_plum_planks_sawing as it's serializer returned null
[04Apr2025 22:20:18.636] [main/INFO] [net.minecraft.world.item.crafting.RecipeManager/]: Skipping loading recipe environmental:willow_door_from_willow_logs_sawing as it's serializer returned null
[04Apr2025 22:20:18.639] [main/WARN] [quark-zeta/]: Non-existent flag tuff being used
[04Apr2025 22:20:18.640] [main/INFO] [net.minecraft.world.item.crafting.RecipeManager/]: Skipping loading recipe atmospheric:laurel_fence_from_laurel_logs_sawing as it's serializer returned null
[04Apr2025 22:20:18.643] [main/WARN] [quark-zeta/]: Non-existent flag dripstone being used
[04Apr2025 22:20:18.643] [main/WARN] [quark-zeta/]: Non-existent flag tuff being used
[04Apr2025 22:20:18.646] [main/INFO] [net.minecraft.world.item.crafting.RecipeManager/]: Skipping loading recipe atmospheric:laurel_beehive as it's serializer returned null
[04Apr2025 22:20:18.647] [main/WARN] [quark-zeta/]: Non-existent flag dripstone being used
[04Apr2025 22:20:18.647] [main/INFO] [net.minecraft.world.item.crafting.RecipeManager/]: Skipping loading recipe atmospheric:aspen_button_from_aspen_planks_sawing as it's serializer returned null
[04Apr2025 22:20:18.647] [main/INFO] [net.minecraft.world.item.crafting.RecipeManager/]: Skipping loading recipe atmospheric:grimwood_slab_from_grimwood_planks_sawing as it's serializer returned null
[04Apr2025 22:20:18.647] [main/INFO] [net.minecraft.world.item.crafting.RecipeManager/]: Skipping loading recipe atmospheric:cyan_dye_from_baking as it's serializer returned null
[04Apr2025 22:20:18.649] [main/WARN] [quark-zeta/]: Non-existent flag andesite being used
[04Apr2025 22:20:18.649] [main/INFO] [net.minecraft.world.item.crafting.RecipeManager/]: Skipping loading recipe atmospheric:chiseled_grimwood_bookshelf as it's serializer returned null
[04Apr2025 22:20:18.650] [main/INFO] [net.minecraft.world.item.crafting.RecipeManager/]: Skipping loading recipe atmospheric:yucca_button_from_yucca_planks_sawing as it's serializer returned null
[04Apr2025 22:20:18.651] [main/WARN] [quark-zeta/]: Non-existent flag tuff being used
[04Apr2025 22:20:18.651] [main/WARN] [quark-zeta/]: Non-existent flag tuff being used
[04Apr2025 22:20:18.651] [main/INFO] [net.minecraft.world.item.crafting.RecipeManager/]: Skipping loading recipe atmospheric:aspen_chest as it's serializer returned null
[04Apr2025 22:20:18.651] [main/WARN] [quark-zeta/]: Non-existent flag dripstone being used
[04Apr2025 22:20:18.652] [main/INFO] [net.minecraft.world.item.crafting.RecipeManager/]: Skipping loading recipe atmospheric:aspen_fence_gate_from_aspen_logs_sawing as it's serializer returned null
[04Apr2025 22:20:18.652] [main/WARN] [quark-zeta/]: Non-existent flag tuff being used
[04Apr2025 22:20:18.652] [main/INFO] [net.minecraft.world.item.crafting.RecipeManager/]: Skipping loading recipe environmental:pine_bookshelf as it's serializer returned null
[04Apr2025 22:20:18.652] [main/WARN] [quark-zeta/]: Non-existent flag tuff being used
[04Apr2025 22:20:18.652] [main/INFO] [net.minecraft.world.item.crafting.RecipeManager/]: Skipping loading recipe productivebees:hives/advanced_byg_witch_hazel_beehive as it's serializer returned null
[04Apr2025 22:20:18.653] [main/INFO] [net.minecraft.world.item.crafting.RecipeManager/]: Skipping loading recipe productivebees:hives/advanced_regions_unexplored_blue_bioshroom_beehive_clear as it's serializer returned null
[04Apr2025 22:20:18.653] [main/INFO] [net.minecraft.world.item.crafting.RecipeManager/]: Skipping loading recipe productivebees:corail/woodcutter/comb_canvas_expansion_box as it's serializer returned null
[04Apr2025 22:20:18.653] [main/INFO] [net.minecraft.world.item.crafting.RecipeManager/]: Skipping loading recipe atmospheric:laurel_stairs_from_laurel_planks_sawing as it's serializer returned null
[04Apr2025 22:20:18.653] [main/INFO] [net.minecraft.world.item.crafting.RecipeManager/]: Skipping loading recipe productivebees:corail/woodcutter/mangrove_canvas_hive as it's serializer returned null
[04Apr2025 22:20:18.654] [main/INFO] [net.minecraft.world.item.crafting.RecipeManager/]: Skipping loading recipe productivebees:hives/advanced_byg_sythian_beehive as it's serializer returned null
[04Apr2025 22:20:18.654] [main/WARN] [quark-zeta/]: Non-existent flag granite being used
[04Apr2025 22:20:18.657] [main/INFO] [net.minecraft.world.item.crafting.RecipeManager/]: Skipping loading recipe environmental:pine_planks_from_pine_logs_sawing as it's serializer returned null
[04Apr2025 22:20:18.660] [main/INFO] [net.minecraft.world.item.crafting.RecipeManager/]: Skipping loading recipe productivebees:expansion_boxes/expansion_box_regions_unexplored_pink_bioshroom as it's serializer returned null
[04Apr2025 22:20:18.660] [main/INFO] [net.minecraft.world.item.crafting.RecipeManager/]: Skipping loading recipe endergetic:trapped_poise_chest as it's serializer returned null
[04Apr2025 22:20:18.664] [main/INFO] [net.minecraft.world.item.crafting.RecipeManager/]: Skipping loading recipe productivebees:hives/advanced_biomesoplenty_willow_beehive as it's serializer returned null
[04Apr2025 22:20:18.664] [main/INFO] [net.minecraft.world.item.crafting.RecipeManager/]: Skipping loading recipe productivebees:expansion_boxes/expansion_box_biomesoplenty_willow as it's serializer returned null
[04Apr2025 22:20:18.664] [main/INFO] [net.minecraft.world.item.crafting.RecipeManager/]: Skipping loading recipe atmospheric:rosewood_beehive as it's serializer returned null
[04Apr2025 22:20:18.665] [main/INFO] [net.minecraft.world.item.crafting.RecipeManager/]: Skipping loading recipe atmospheric:trapped_kousa_chest as it's serializer returned null
[04Apr2025 22:20:18.666] [main/INFO] [net.minecraft.world.item.crafting.RecipeManager/]: Skipping loading recipe productivebees:hives/advanced_autumnity_maple_beehive as it's serializer returned null
[04Apr2025 22:20:18.666] [main/INFO] [net.minecraft.world.item.crafting.RecipeManager/]: Skipping loading recipe productivebees:corail/woodcutter/fir_canvas_hive as it's serializer returned null
[04Apr2025 22:20:18.667] [main/INFO] [net.minecraft.world.item.crafting.RecipeManager/]: Skipping loading recipe atmospheric:rosewood_bookshelf as it's serializer returned null
[04Apr2025 22:20:18.667] [main/INFO] [net.minecraft.world.item.crafting.RecipeManager/]: Skipping loading recipe productivebees:hives/advanced_autumnity_maple_beehive_clear as it's serializer returned null
[04Apr2025 22:20:18.667] [main/INFO] [net.minecraft.world.item.crafting.RecipeManager/]: Skipping loading recipe productivebees:hives/advanced_byg_nightshade_beehive as it's serializer returned null
[04Apr2025 22:20:18.667] [main/INFO] [net.minecraft.world.item.crafting.RecipeManager/]: Skipping loading recipe endergetic:cracked_eumus_bricks_from_baking as it's serializer returned null
[04Apr2025 22:20:18.668] [main/INFO] [net.minecraft.world.item.crafting.RecipeManager/]: Skipping loading recipe environmental:willow_stairs_from_willow_planks_sawing as it's serializer returned null
[04Apr2025 22:20:18.668] [main/INFO] [net.minecraft.world.item.crafting.RecipeManager/]: Skipping loading recipe atmospheric:yucca_door_from_yucca_logs_sawing as it's serializer returned null
[04Apr2025 22:20:18.668] [main/WARN] [quark-zeta/]: Non-existent flag granite being used
[04Apr2025 22:20:18.669] [main/INFO] [net.minecraft.world.item.crafting.RecipeManager/]: Skipping loading recipe environmental:wisteria_planks_from_wisteria_logs_sawing as it's serializer returned null
[04Apr2025 22:20:18.670] [main/INFO] [net.minecraft.world.item.crafting.RecipeManager/]: Skipping loading recipe atmospheric:smooth_arid_sandstone_from_baking as it's serializer returned null
[04Apr2025 22:20:18.671] [main/INFO] [net.minecraft.world.item.crafting.RecipeManager/]: Skipping loading recipe atmospheric:trapped_yucca_chest as it's serializer returned null
[04Apr2025 22:20:18.672] [main/WARN] [quark-zeta/]: Non-existent flag calcite being used
[04Apr2025 22:20:18.672] [main/INFO] [net.minecraft.world.item.crafting.RecipeManager/]: Skipping loading recipe productivebees:hives/advanced_regions_unexplored_redwood_beehive as it's serializer returned null
[04Apr2025 22:20:18.673] [main/INFO] [net.minecraft.world.item.crafting.RecipeManager/]: Skipping loading recipe atmospheric:grimwood_boards as it's serializer returned null
[04Apr2025 22:20:18.673] [main/INFO] [net.minecraft.world.item.crafting.RecipeManager/]: Skipping loading recipe atmospheric:rosewood_sign_from_rosewood_logs_sawing as it's serializer returned null
[04Apr2025 22:20:18.678] [main/INFO] [net.minecraft.world.item.crafting.RecipeManager/]: Skipping loading recipe atmospheric:rosewood_pressure_plate_from_rosewood_logs_sawing as it's serializer returned null
[04Apr2025 22:20:18.678] [main/INFO] [net.minecraft.world.item.crafting.RecipeManager/]: Skipping loading recipe productivebees:hives/advanced_upgrade_aquatic_driftwood_beehive as it's serializer returned null
[04Apr2025 22:20:18.678] [main/INFO] [net.minecraft.world.item.crafting.RecipeManager/]: Skipping loading recipe atmospheric:kousa_slab_from_kousa_planks_sawing as it's serializer returned null
[04Apr2025 22:20:18.679] [main/INFO] [net.minecraft.world.item.crafting.RecipeManager/]: Skipping loading recipe productivebees:hives/advanced_regions_unexplored_willow_beehive as it's serializer returned null
[04Apr2025 22:20:18.679] [main/WARN] [quark-zeta/]: Non-existent flag calcite being used
[04Apr2025 22:20:18.679] [main/INFO] [net.minecraft.world.item.crafting.RecipeManager/]: Skipping loading recipe endergetic:poise_button_from_poise_planks_sawing as it's serializer returned null
[04Apr2025 22:20:18.680] [main/INFO] [net.minecraft.world.item.crafting.RecipeManager/]: Skipping loading recipe productivebees:corail/woodcutter/spruce_canvas_expansion_box as it's serializer returned null
[04Apr2025 22:20:18.680] [main/INFO] [net.minecraft.world.item.crafting.RecipeManager/]: Skipping loading recipe atmospheric:kousa_door_from_kousa_logs_sawing as it's serializer returned null
[04Apr2025 22:20:18.681] [main/INFO] [net.minecraft.world.item.crafting.RecipeManager/]: Skipping loading recipe atmospheric:kousa_fence_from_kousa_planks_sawing as it's serializer returned null
[04Apr2025 22:20:18.681] [main/WARN] [quark-zeta/]: Non-existent flag tuff being used
[04Apr2025 22:20:18.681] [main/INFO] [net.minecraft.world.item.crafting.RecipeManager/]: Skipping loading recipe atmospheric:morado_boards as it's serializer returned null
[04Apr2025 22:20:18.682] [main/INFO] [net.minecraft.world.item.crafting.RecipeManager/]: Skipping loading recipe productivebees:hives/advanced_byg_aspen_beehive as it's serializer returned null
[04Apr2025 22:20:18.682] [main/WARN] [quark-zeta/]: Non-existent flag calcite being used
[04Apr2025 22:20:18.683] [main/INFO] [net.minecraft.world.item.crafting.RecipeManager/]: Skipping loading recipe productivebees:corail/woodcutter/yucca_canvas_hive as it's serializer returned null
[04Apr2025 22:20:18.683] [main/WARN] [quark-zeta/]: Non-existent flag andesite being used
[04Apr2025 22:20:18.688] [main/INFO] [net.minecraft.world.item.crafting.RecipeManager/]: Skipping loading recipe atmospheric:yucca_slab_from_yucca_logs_sawing as it's serializer returned null
[04Apr2025 22:20:18.693] [main/WARN] [quark-zeta/]: Non-existent flag diorite being used
[04Apr2025 22:20:18.693] [main/INFO] [net.minecraft.world.item.crafting.RecipeManager/]: Skipping loading recipe environmental:white_wisteria_leaves_from_leaf_piles as it's serializer returned null
[04Apr2025 22:20:18.693] [main/WARN] [quark-zeta/]: Non-existent flag granite being used
[04Apr2025 22:20:18.693] [main/INFO] [net.minecraft.world.item.crafting.RecipeManager/]: Skipping loading recipe atmospheric:chiseled_rosewood_bookshelf as it's serializer returned null
[04Apr2025 22:20:18.694] [main/INFO] [net.minecraft.world.item.crafting.RecipeManager/]: Skipping loading recipe productivebees:corail/woodcutter/kousa_canvas_hive as it's serializer returned null
[04Apr2025 22:20:18.694] [main/INFO] [net.minecraft.world.item.crafting.RecipeManager/]: Skipping loading recipe productivebees:hives/advanced_byg_mahogany_beehive_clear as it's serializer returned null
[04Apr2025 22:20:18.694] [main/INFO] [net.minecraft.world.item.crafting.RecipeManager/]: Skipping loading recipe productivebees:hives/advanced_byg_pine_beehive_clear as it's serializer returned null
[04Apr2025 22:20:18.694] [main/INFO] [net.minecraft.world.item.crafting.RecipeManager/]: Skipping loading recipe atmospheric:grimwood_beehive as it's serializer returned null
[04Apr2025 22:20:18.695] [main/INFO] [net.minecraft.world.item.crafting.RecipeManager/]: Skipping loading recipe atmospheric:rosewood_boards_from_rosewood_planks_sawing as it's serializer returned null
[04Apr2025 22:20:18.695] [main/INFO] [net.minecraft.world.item.crafting.RecipeManager/]: Skipping loading recipe productivebees:hives/advanced_byg_cypress_beehive as it's serializer returned null
[04Apr2025 22:20:18.695] [main/INFO] [net.minecraft.world.item.crafting.RecipeManager/]: Skipping loading recipe productivebees:corail/woodcutter/dead_canvas_hive as it's serializer returned null
[04Apr2025 22:20:18.695] [main/INFO] [net.minecraft.world.item.crafting.RecipeManager/]: Skipping loading recipe environmental:willow_ladder_from_willow_planks_sawing as it's serializer returned null
[04Apr2025 22:20:18.695] [main/INFO] [net.minecraft.world.item.crafting.RecipeManager/]: Skipping loading recipe productivebees:hives/advanced_byg_green_enchanted_beehive_clear as it's serializer returned null
[04Apr2025 22:20:18.696] [main/INFO] [net.minecraft.world.item.crafting.RecipeManager/]: Skipping loading recipe endergetic:poise_pressure_plate_from_poise_stems_sawing as it's serializer returned null
[04Apr2025 22:20:18.696] [main/INFO] [net.minecraft.world.item.crafting.RecipeManager/]: Skipping loading recipe environmental:pine_leaf_pile as it's serializer returned null
[04Apr2025 22:20:18.696] [main/INFO] [net.minecraft.world.item.crafting.RecipeManager/]: Skipping loading recipe atmospheric:laurel_door_from_laurel_logs_sawing as it's serializer returned null
[04Apr2025 22:20:18.696] [main/INFO] [net.minecraft.world.item.crafting.RecipeManager/]: Skipping loading recipe atmospheric:chiseled_laurel_bookshelf as it's serializer returned null
[04Apr2025 22:20:18.696] [main/INFO] [net.minecraft.world.item.crafting.RecipeManager/]: Skipping loading recipe environmental:pine_door_from_pine_logs_sawing as it's serializer returned null
[04Apr2025 22:20:18.696] [main/INFO] [net.minecraft.world.item.crafting.RecipeManager/]: Skipping loading recipe environmental:wisteria_leaf_pile as it's serializer returned null
[04Apr2025 22:20:18.697] [main/INFO] [net.minecraft.world.item.crafting.RecipeManager/]: Skipping loading recipe productivebees:hives/advanced_regions_unexplored_cobalt_beehive as it's serializer returned null
[04Apr2025 22:20:18.697] [main/INFO] [net.minecraft.world.item.crafting.RecipeManager/]: Skipping loading recipe productivebees:hives/advanced_byg_white_mangrove_beehive as it's serializer returned null
[04Apr2025 22:20:18.697] [main/INFO] [net.minecraft.world.item.crafting.RecipeManager/]: Skipping loading recipe environmental:pine_chest as it's serializer returned null
[04Apr2025 22:20:18.697] [main/INFO] [net.minecraft.world.item.crafting.RecipeManager/]: Skipping loading recipe productivebees:hives/advanced_regions_unexplored_mauve_beehive_clear as it's serializer returned null
[04Apr2025 22:20:18.701] [main/INFO] [net.minecraft.world.item.crafting.RecipeManager/]: Skipping loading recipe productivebees:corail/woodcutter/cherry_canvas_hive as it's serializer returned null
[04Apr2025 22:20:18.701] [main/INFO] [net.minecraft.world.item.crafting.RecipeManager/]: Skipping loading recipe atmospheric:morado_beehive as it's serializer returned null
[04Apr2025 22:20:18.702] [main/INFO] [net.minecraft.world.item.crafting.RecipeManager/]: Skipping loading recipe productivebees:hives/advanced_byg_redwood_beehive as it's serializer returned null
[04Apr2025 22:20:18.702] [main/INFO] [net.minecraft.world.item.crafting.RecipeManager/]: Skipping loading recipe atmospheric:kousa_ladder as it's serializer returned null
[04Apr2025 22:20:18.702] [main/INFO] [net.minecraft.world.item.crafting.RecipeManager/]: Skipping loading recipe environmental:large_willow_boat as it's serializer returned null
[04Apr2025 22:20:18.703] [main/INFO] [net.minecraft.world.item.crafting.RecipeManager/]: Skipping loading recipe productivebees:expansion_boxes/expansion_box_biomesoplenty_mahogany as it's serializer returned null
[04Apr2025 22:20:18.703] [main/INFO] [net.minecraft.world.item.crafting.RecipeManager/]: Skipping loading recipe productivebees:hives/advanced_byg_palm_beehive as it's serializer returned null
[04Apr2025 22:20:18.703] [main/INFO] [net.minecraft.world.item.crafting.RecipeManager/]: Skipping loading recipe productivebees:hives/advanced_byg_bulbis_beehive as it's serializer returned null
[04Apr2025 22:20:18.709] [main/WARN] [quark-zeta/]: Non-existent flag dripstone being used
[04Apr2025 22:20:18.709] [main/INFO] [net.minecraft.world.item.crafting.RecipeManager/]: Skipping loading recipe environmental:pine_fence_from_pine_logs_sawing as it's serializer returned null
[04Apr2025 22:20:18.709] [main/WARN] [quark-zeta/]: Non-existent flag diorite being used
[04Apr2025 22:20:18.710] [main/INFO] [net.minecraft.world.item.crafting.RecipeManager/]: Skipping loading recipe atmospheric:aspen_trapdoor_from_aspen_logs_sawing as it's serializer returned null
[04Apr2025 22:20:18.710] [main/INFO] [net.minecraft.world.item.crafting.RecipeManager/]: Skipping loading recipe productivebees:hives/advanced_regions_unexplored_dead_beehive as it's serializer returned null
[04Apr2025 22:20:18.710] [main/INFO] [net.minecraft.world.item.crafting.RecipeManager/]: Skipping loading recipe atmospheric:laurel_fence_from_laurel_planks_sawing as it's serializer returned null
[04Apr2025 22:20:18.710] [main/INFO] [net.minecraft.world.item.crafting.RecipeManager/]: Skipping loading recipe productivebees:hives/advanced_byg_ebony_beehive_clear as it's serializer returned null
[04Apr2025 22:20:18.712] [main/INFO] [net.minecraft.world.item.crafting.RecipeManager/]: Skipping loading recipe atmospheric:kousa_ladder_from_kousa_logs_sawing as it's serializer returned null
[04Apr2025 22:20:18.712] [main/INFO] [net.minecraft.world.item.crafting.RecipeManager/]: Skipping loading recipe productivebees:hives/advanced_regions_unexplored_yellow_bioshroom_beehive as it's serializer returned null
[04Apr2025 22:20:18.712] [main/WARN] [quark-zeta/]: Non-existent flag tuff being used
[04Apr2025 22:20:18.713] [main/INFO] [net.minecraft.world.item.crafting.RecipeManager/]: Skipping loading recipe environmental:plum_slab_from_plum_logs_sawing as it's serializer returned null
[04Apr2025 22:20:18.713] [main/INFO] [net.minecraft.world.item.crafting.RecipeManager/]: Skipping loading recipe atmospheric:rosewood_boards_from_rosewood_logs_sawing as it's serializer returned null
[04Apr2025 22:20:18.713] [main/INFO] [net.minecraft.world.item.crafting.RecipeManager/]: Skipping loading recipe atmospheric:laurel_ladder_from_laurel_logs_sawing as it's serializer returned null
[04Apr2025 22:20:18.713] [main/WARN] [quark-zeta/]: Non-existent flag tuff being used
[04Apr2025 22:20:18.713] [main/INFO] [net.minecraft.world.item.crafting.RecipeManager/]: Skipping loading recipe atmospheric:trapped_aspen_chest as it's serializer returned null
[04Apr2025 22:20:18.714] [main/INFO] [net.minecraft.world.item.crafting.RecipeManager/]: Skipping loading recipe productivebees:corail/woodcutter/jacaranda_canvas_hive as it's serializer returned null
[04Apr2025 22:20:18.714] [main/INFO] [net.minecraft.world.item.crafting.RecipeManager/]: Skipping loading recipe productivebees:corail/woodcutter/wisteria_canvas_hive as it's serializer returned null
[04Apr2025 22:20:18.714] [main/INFO] [net.minecraft.world.item.crafting.RecipeManager/]: Skipping loading recipe atmospheric:rosewood_ladder_from_rosewood_planks_sawing as it's serializer returned null
[04Apr2025 22:20:18.715] [main/INFO] [net.minecraft.world.item.crafting.RecipeManager/]: Skipping loading recipe productivebees:hives/advanced_regions_unexplored_cobalt_beehive_clear as it's serializer returned null
[04Apr2025 22:20:18.715] [main/WARN] [quark-zeta/]: Non-existent flag tuff being used
[04Apr2025 22:20:18.716] [main/WARN] [quark-zeta/]: Non-existent flag dripstone being used
[04Apr2025 22:20:18.716] [main/INFO] [net.minecraft.world.item.crafting.RecipeManager/]: Skipping loading recipe atmospheric:kousa_chest as it's serializer returned null
[04Apr2025 22:20:18.716] [main/INFO] [net.minecraft.world.item.crafting.RecipeManager/]: Skipping loading recipe environmental:large_plum_boat as it's serializer returned null
[04Apr2025 22:20:18.716] [main/INFO] [net.minecraft.world.item.crafting.RecipeManager/]: Skipping loading recipe atmospheric:rosewood_fence_from_rosewood_planks_sawing as it's serializer returned null
[04Apr2025 22:20:18.716] [main/INFO] [net.minecraft.world.item.crafting.RecipeManager/]: Skipping loading recipe environmental:pine_sign_from_pine_logs_sawing as it's serializer returned null
[04Apr2025 22:20:18.717] [main/INFO] [net.minecraft.world.item.crafting.RecipeManager/]: Skipping loading recipe atmospheric:laurel_boards as it's serializer returned null
[04Apr2025 22:20:18.717] [main/INFO] [net.minecraft.world.item.crafting.RecipeManager/]: Skipping loading recipe productivebees:expansion_boxes/expansion_box_regions_unexplored_cobalt as it's serializer returned null
[04Apr2025 22:20:18.717] [main/INFO] [net.minecraft.world.item.crafting.RecipeManager/]: Skipping loading recipe endergetic:poise_slab_from_poise_stems_sawing as it's serializer returned null
[04Apr2025 22:20:18.717] [main/INFO] [net.minecraft.world.item.crafting.RecipeManager/]: Skipping loading recipe atmospheric:grimwood_bookshelf as it's serializer returned null
[04Apr2025 22:20:18.718] [main/INFO] [net.minecraft.world.item.crafting.RecipeManager/]: Skipping loading recipe atmospheric:aspen_fence_from_aspen_planks_sawing as it's serializer returned null
[04Apr2025 22:20:18.718] [main/INFO] [net.minecraft.world.item.crafting.RecipeManager/]: Skipping loading recipe atmospheric:glass_from_baking as it's serializer returned null
[04Apr2025 22:20:18.719] [main/INFO] [net.minecraft.world.item.crafting.RecipeManager/]: Skipping loading recipe environmental:plum_pressure_plate_from_plum_logs_sawing as it's serializer returned null
[04Apr2025 22:20:18.719] [main/WARN] [quark-zeta/]: Non-existent flag calcite being used
[04Apr2025 22:20:18.719] [main/INFO] [net.minecraft.world.item.crafting.RecipeManager/]: Skipping loading recipe productivebees:hives/advanced_byg_holly_beehive as it's serializer returned null
[04Apr2025 22:20:18.720] [main/INFO] [net.minecraft.world.item.crafting.RecipeManager/]: Skipping loading recipe productivebees:expansion_boxes/expansion_box_byg_maple as it's serializer returned null
[04Apr2025 22:20:18.720] [main/INFO] [net.minecraft.world.item.crafting.RecipeManager/]: Skipping loading recipe productivebees:expansion_boxes/expansion_box_biomesoplenty_jacaranda as it's serializer returned null
[04Apr2025 22:20:18.720] [main/INFO] [net.minecraft.world.item.crafting.RecipeManager/]: Skipping loading recipe atmospheric:kousa_fence_gate_from_kousa_logs_sawing as it's serializer returned null
[04Apr2025 22:20:18.720] [main/INFO] [net.minecraft.world.item.crafting.RecipeManager/]: Skipping loading recipe environmental:cherry_crate as it's serializer returned null
[04Apr2025 22:20:18.721] [main/INFO] [net.minecraft.world.item.crafting.RecipeManager/]: Skipping loading recipe atmospheric:trapped_grimwood_chest as it's serializer returned null
[04Apr2025 22:20:18.721] [main/INFO] [net.minecraft.world.item.crafting.RecipeManager/]: Skipping loading recipe productivebees:corail/woodcutter/cherry_canvas_expansion_box as it's serializer returned null
[04Apr2025 22:20:18.721] [main/INFO] [net.minecraft.world.item.crafting.RecipeManager/]: Skipping loading recipe atmospheric:grimwood_button_from_grimwood_logs_sawing as it's serializer returned null
[04Apr2025 22:20:18.721] [main/INFO] [net.minecraft.world.item.crafting.RecipeManager/]: Skipping loading recipe productivebees:corail/woodcutter/concrete_canvas_expansion_box as it's serializer returned null
[04Apr2025 22:20:18.721] [main/WARN] [quark-zeta/]: Non-existent flag diorite being used
[04Apr2025 22:20:18.722] [main/INFO] [net.minecraft.world.item.crafting.RecipeManager/]: Skipping loading recipe productivebees:expansion_boxes/expansion_box_byg_zelkova as it's serializer returned null
[04Apr2025 22:20:18.723] [main/INFO] [net.minecraft.world.item.crafting.RecipeManager/]: Skipping loading recipe environmental:willow_leaves_from_leaf_piles as it's serializer returned null
[04Apr2025 22:20:18.723] [main/WARN] [quark-zeta/]: Non-existent flag tuff being used
[04Apr2025 22:20:18.723] [main/INFO] [net.minecraft.world.item.crafting.RecipeManager/]: Skipping loading recipe environmental:willow_boards as it's serializer returned null
[04Apr2025 22:20:18.723] [main/INFO] [net.minecraft.world.item.crafting.RecipeManager/]: Skipping loading recipe endergetic:poise_beehive as it's serializer returned null
[04Apr2025 22:20:18.723] [main/INFO] [net.minecraft.world.item.crafting.RecipeManager/]: Skipping loading recipe atmospheric:laurel_sign_from_laurel_logs_sawing as it's serializer returned null
[04Apr2025 22:20:18.723] [main/INFO] [net.minecraft.world.item.crafting.RecipeManager/]: Skipping loading recipe productivebees:corail/woodcutter/magic_canvas_expansion_box as it's serializer returned null
[04Apr2025 22:20:18.729] [main/INFO] [net.minecraft.world.item.crafting.RecipeManager/]: Skipping loading recipe atmospheric:morado_pressure_plate_from_morado_logs_sawing as it's serializer returned null
[04Apr2025 22:20:18.729] [main/INFO] [net.minecraft.world.item.crafting.RecipeManager/]: Skipping loading recipe productivebees:hives/advanced_byg_maple_beehive as it's serializer returned null
[04Apr2025 22:20:18.730] [main/ERROR] [net.minecraft.world.item.crafting.RecipeManager/]: Parsing error loading recipe createbb:misc/smelt_zinc_dust
com.google.gson.JsonSyntaxException: Unknown item 'createbb:zinc_dust'
	at net.minecraft.world.item.crafting.ShapedRecipe.m_151280_(ShapedRecipe.java:292) ~[server-1.20.1-20230612.114412-srg.jar%23365!/:?]
	at java.util.Optional.orElseThrow(Optional.java:403) ~[?:?]
	at net.minecraft.world.item.crafting.ShapedRecipe.m_151278_(ShapedRecipe.java:291) ~[server-1.20.1-20230612.114412-srg.jar%23365!/:?]
	at net.minecraft.world.item.crafting.Ingredient.m_43919_(Ingredient.java:219) ~[server-1.20.1-20230612.114412-srg.jar%23365!/:?]
	at net.minecraftforge.common.crafting.VanillaIngredientSerializer.parse(VanillaIngredientSerializer.java:27) ~[forge-1.20.1-47.3.7-universal.jar%23370!/:?]
	at net.minecraftforge.common.crafting.CraftingHelper.getIngredient(CraftingHelper.java:148) ~[forge-1.20.1-47.3.7-universal.jar%23370!/:?]
	at net.minecraft.world.item.crafting.Ingredient.m_288218_(Ingredient.java:194) ~[server-1.20.1-20230612.114412-srg.jar%23365!/:?]
	at net.minecraft.world.item.crafting.SimpleCookingSerializer.m_6729_(SimpleCookingSerializer.java:24) ~[server-1.20.1-20230612.114412-srg.jar%23365!/:?]
	at net.minecraft.world.item.crafting.SimpleCookingSerializer.m_6729_(SimpleCookingSerializer.java:11) ~[server-1.20.1-20230612.114412-srg.jar%23365!/:?]
	at net.minecraftforge.common.extensions.IForgeRecipeSerializer.fromJson(IForgeRecipeSerializer.java:23) ~[forge-1.20.1-47.3.7-universal.jar%23370!/:?]
	at net.minecraft.world.item.crafting.RecipeManager.fromJson(RecipeManager.java:171) ~[server-1.20.1-20230612.114412-srg.jar%23365!/:?]
	at net.minecraft.world.item.crafting.RecipeManager.m_5787_(RecipeManager.java:67) ~[server-1.20.1-20230612.114412-srg.jar%23365!/:?]
	at net.minecraft.world.item.crafting.RecipeManager.m_5787_(RecipeManager.java:34) ~[server-1.20.1-20230612.114412-srg.jar%23365!/:?]
	at net.minecraft.server.packs.resources.SimplePreparableReloadListener.m_10789_(SimplePreparableReloadListener.java:13) ~[server-1.20.1-20230612.114412-srg.jar%23365!/:?]
	at java.util.concurrent.CompletableFuture$UniAccept.tryFire(CompletableFuture.java:718) ~[?:?]
	at java.util.concurrent.CompletableFuture$Completion.run(CompletableFuture.java:482) ~[?:?]
	at net.minecraft.server.packs.resources.SimpleReloadInstance.m_143940_(SimpleReloadInstance.java:69) ~[server-1.20.1-20230612.114412-srg.jar%23365!/:?]
	at net.minecraft.Util.m_214652_(Util.java:783) ~[server-1.20.1-20230612.114412-srg.jar%23365!/:?]
	at net.minecraft.Util.m_214679_(Util.java:772) ~[server-1.20.1-20230612.114412-srg.jar%23365!/:?]
	at net.minecraft.server.Main.main(Main.java:166) ~[server-1.20.1-20230612.114412-srg.jar%23365!/:?]
	at jdk.internal.reflect.NativeMethodAccessorImpl.invoke0(Native Method) ~[?:?]
	at jdk.internal.reflect.NativeMethodAccessorImpl.invoke(NativeMethodAccessorImpl.java:77) ~[?:?]
	at jdk.internal.reflect.DelegatingMethodAccessorImpl.invoke(DelegatingMethodAccessorImpl.java:43) ~[?:?]
	at java.lang.reflect.Method.invoke(Method.java:569) ~[?:?]
	at net.minecraftforge.fml.loading.targets.CommonLaunchHandler.runTarget(CommonLaunchHandler.java:111) ~[fmlloader-1.20.1-47.3.7.jar%2369!/:?]
	at net.minecraftforge.fml.loading.targets.CommonLaunchHandler.serverService(CommonLaunchHandler.java:103) ~[fmlloader-1.20.1-47.3.7.jar%2369!/:?]
	at net.minecraftforge.fml.loading.targets.CommonServerLaunchHandler.lambda$makeService$0(CommonServerLaunchHandler.java:27) ~[fmlloader-1.20.1-47.3.7.jar%2369!/:?]
	at cpw.mods.modlauncher.LaunchServiceHandlerDecorator.launch(LaunchServiceHandlerDecorator.java:30) ~[modlauncher-10.0.9.jar%2355!/:?]
	at cpw.mods.modlauncher.LaunchServiceHandler.launch(LaunchServiceHandler.java:53) ~[modlauncher-10.0.9.jar%2355!/:?]
	at cpw.mods.modlauncher.LaunchServiceHandler.launch(LaunchServiceHandler.java:71) ~[modlauncher-10.0.9.jar%2355!/:?]
	at cpw.mods.modlauncher.Launcher.run(Launcher.java:108) ~[modlauncher-10.0.9.jar%2355!/:?]
	at cpw.mods.modlauncher.Launcher.main(Launcher.java:78) ~[modlauncher-10.0.9.jar%2355!/:?]
	at cpw.mods.modlauncher.BootstrapLaunchConsumer.accept(BootstrapLaunchConsumer.java:26) ~[modlauncher-10.0.9.jar%2355!/:?]
	at cpw.mods.modlauncher.BootstrapLaunchConsumer.accept(BootstrapLaunchConsumer.java:23) ~[modlauncher-10.0.9.jar%2355!/:?]
	at cpw.mods.bootstraplauncher.BootstrapLauncher.main(BootstrapLauncher.java:141) ~[bootstraplauncher-1.1.2.jar:?]
[04Apr2025 22:20:18.731] [main/INFO] [net.minecraft.world.item.crafting.RecipeManager/]: Skipping loading recipe atmospheric:laurel_leaf_pile as it's serializer returned null
[04Apr2025 22:20:18.731] [main/INFO] [net.minecraft.world.item.crafting.RecipeManager/]: Skipping loading recipe productivebees:corail/woodcutter/crimson_canvas_hive as it's serializer returned null
[04Apr2025 22:20:18.731] [main/INFO] [net.minecraft.world.item.crafting.RecipeManager/]: Skipping loading recipe productivebees:corail/woodcutter/maple_canvas_expansion_box as it's serializer returned null
[04Apr2025 22:20:18.732] [main/WARN] [quark-zeta/]: Non-existent flag calcite being used
[04Apr2025 22:20:18.732] [main/INFO] [net.minecraft.world.item.crafting.RecipeManager/]: Skipping loading recipe atmospheric:laurel_pressure_plate_from_laurel_logs_sawing as it's serializer returned null
[04Apr2025 22:20:18.737] [main/INFO] [net.minecraft.world.item.crafting.RecipeManager/]: Skipping loading recipe atmospheric:laurel_furnace_boat as it's serializer returned null
[04Apr2025 22:20:18.737] [main/INFO] [net.minecraft.world.item.crafting.RecipeManager/]: Skipping loading recipe atmospheric:rosewood_ladder_from_rosewood_logs_sawing as it's serializer returned null
[04Apr2025 22:20:18.737] [main/INFO] [net.minecraft.world.item.crafting.RecipeManager/]: Skipping loading recipe atmospheric:kousa_planks_from_kousa_logs_sawing as it's serializer returned null
[04Apr2025 22:20:18.737] [main/INFO] [net.minecraft.world.item.crafting.RecipeManager/]: Skipping loading recipe productivebees:hives/advanced_byg_fir_beehive_clear as it's serializer returned null
[04Apr2025 22:20:18.738] [main/INFO] [net.minecraft.world.item.crafting.RecipeManager/]: Skipping loading recipe productivebees:hives/advanced_biomesoplenty_redwood_beehive_clear as it's serializer returned null
[04Apr2025 22:20:18.738] [main/INFO] [net.minecraft.world.item.crafting.RecipeManager/]: Skipping loading recipe productivebees:hives/advanced_byg_skyris_beehive_clear as it's serializer returned null
[04Apr2025 22:20:18.738] [main/INFO] [net.minecraft.world.item.crafting.RecipeManager/]: Skipping loading recipe environmental:pine_fence_gate_from_pine_logs_sawing as it's serializer returned null
[04Apr2025 22:20:18.738] [main/INFO] [net.minecraft.world.item.crafting.RecipeManager/]: Skipping loading recipe productivebees:corail/woodcutter/hellbark_canvas_hive as it's serializer returned null
[04Apr2025 22:20:18.738] [main/INFO] [net.minecraft.world.item.crafting.RecipeManager/]: Skipping loading recipe environmental:wisteria_sign_from_wisteria_logs_sawing as it's serializer returned null
[04Apr2025 22:20:18.739] [main/INFO] [net.minecraft.world.item.crafting.RecipeManager/]: Skipping loading recipe environmental:pine_ladder as it's serializer returned null
[04Apr2025 22:20:18.739] [main/INFO] [net.minecraft.world.item.crafting.RecipeManager/]: Skipping loading recipe productivebees:expansion_boxes/expansion_box_upgrade_aquatic_river as it's serializer returned null
[04Apr2025 22:20:18.742] [main/INFO] [net.minecraft.world.item.crafting.RecipeManager/]: Skipping loading recipe atmospheric:laurel_slab_from_laurel_logs_sawing as it's serializer returned null
[04Apr2025 22:20:18.743] [main/INFO] [net.minecraft.world.item.crafting.RecipeManager/]: Skipping loading recipe environmental:willow_furnace_boat as it's serializer returned null
[04Apr2025 22:20:18.744] [main/WARN] [quark-zeta/]: Non-existent flag calcite being used
[04Apr2025 22:20:18.744] [main/INFO] [net.minecraft.world.item.crafting.RecipeManager/]: Skipping loading recipe atmospheric:aspen_ladder_from_aspen_planks_sawing as it's serializer returned null
[04Apr2025 22:20:18.744] [main/INFO] [net.minecraft.world.item.crafting.RecipeManager/]: Skipping loading recipe productivebees:hives/advanced_byg_jacaranda_beehive_clear as it's serializer returned null
[04Apr2025 22:20:18.745] [main/INFO] [net.minecraft.world.item.crafting.RecipeManager/]: Skipping loading recipe atmospheric:trapped_morado_chest as it's serializer returned null
[04Apr2025 22:20:18.745] [main/INFO] [net.minecraft.world.item.crafting.RecipeManager/]: Skipping loading recipe atmospheric:kousa_furnace_boat as it's serializer returned null
[04Apr2025 22:20:18.745] [main/WARN] [quark-zeta/]: Non-existent flag tuff being used
[04Apr2025 22:20:18.745] [main/WARN] [quark-zeta/]: Non-existent flag dripstone being used
[04Apr2025 22:20:18.746] [main/INFO] [net.minecraft.world.item.crafting.RecipeManager/]: Skipping loading recipe atmospheric:chiseled_aspen_bookshelf as it's serializer returned null
[04Apr2025 22:20:18.746] [main/WARN] [quark-zeta/]: Non-existent flag calcite being used
[04Apr2025 22:20:18.746] [main/WARN] [quark-zeta/]: Non-existent flag tuff being used
[04Apr2025 22:20:18.747] [main/WARN] [quark-zeta/]: Non-existent flag tuff being used
[04Apr2025 22:20:18.747] [main/INFO] [net.minecraft.world.item.crafting.RecipeManager/]: Skipping loading recipe atmospheric:grimwood_ladder_from_grimwood_planks_sawing as it's serializer returned null
[04Apr2025 22:20:18.748] [main/INFO] [net.minecraft.world.item.crafting.RecipeManager/]: Skipping loading recipe atmospheric:kousa_button_from_kousa_logs_sawing as it's serializer returned null
[04Apr2025 22:20:18.749] [main/INFO] [net.minecraft.world.item.crafting.RecipeManager/]: Skipping loading recipe atmospheric:laurel_ladder_from_laurel_planks_sawing as it's serializer returned null
[04Apr2025 22:20:18.749] [main/WARN] [quark-zeta/]: Non-existent flag dripstone being used
[04Apr2025 22:20:18.749] [main/INFO] [net.minecraft.world.item.crafting.RecipeManager/]: Skipping loading recipe atmospheric:rosewood_button_from_rosewood_planks_sawing as it's serializer returned null
[04Apr2025 22:20:18.750] [main/WARN] [quark-zeta/]: Non-existent flag diorite being used
[04Apr2025 22:20:18.750] [main/INFO] [net.minecraft.world.item.crafting.RecipeManager/]: Skipping loading recipe productivebees:hives/advanced_regions_unexplored_magnolia_beehive as it's serializer returned null
[04Apr2025 22:20:18.750] [main/INFO] [net.minecraft.world.item.crafting.RecipeManager/]: Skipping loading recipe productivebees:corail/woodcutter/palm_canvas_expansion_box as it's serializer returned null
[04Apr2025 22:20:18.756] [main/INFO] [net.minecraft.world.item.crafting.RecipeManager/]: Skipping loading recipe atmospheric:morado_boards_from_morado_planks_sawing as it's serializer returned null
[04Apr2025 22:20:18.756] [main/WARN] [quark-zeta/]: Non-existent flag andesite being used
[04Apr2025 22:20:18.756] [main/INFO] [net.minecraft.world.item.crafting.RecipeManager/]: Skipping loading recipe productivebees:corail/woodcutter/redwood_canvas_expansion_box as it's serializer returned null
[04Apr2025 22:20:18.756] [main/WARN] [quark-zeta/]: Non-existent flag calcite being used
[04Apr2025 22:20:18.756] [main/INFO] [net.minecraft.world.item.crafting.RecipeManager/]: Skipping loading recipe atmospheric:morado_sign_from_morado_logs_sawing as it's serializer returned null
[04Apr2025 22:20:18.756] [main/INFO] [net.minecraft.world.item.crafting.RecipeManager/]: Skipping loading recipe environmental:willow_fence_from_willow_planks_sawing as it's serializer returned null
[04Apr2025 22:20:18.757] [main/INFO] [net.minecraft.world.item.crafting.RecipeManager/]: Skipping loading recipe productivebees:expansion_boxes/expansion_box_byg_skyris as it's serializer returned null
[04Apr2025 22:20:18.757] [main/INFO] [net.minecraft.world.item.crafting.RecipeManager/]: Skipping loading recipe environmental:pine_boards as it's serializer returned null
[04Apr2025 22:20:18.757] [main/WARN] [quark-zeta/]: Non-existent flag diorite being used
[04Apr2025 22:20:18.757] [main/INFO] [net.minecraft.world.item.crafting.RecipeManager/]: Skipping loading recipe atmospheric:rosewood_fence_gate_from_rosewood_logs_sawing as it's serializer returned null
[04Apr2025 22:20:18.758] [main/WARN] [quark-zeta/]: Non-existent flag granite being used
[04Apr2025 22:20:18.758] [main/INFO] [net.minecraft.world.item.crafting.RecipeManager/]: Skipping loading recipe productivebees:hives/advanced_biomesoplenty_fir_beehive_clear as it's serializer returned null
[04Apr2025 22:20:18.758] [main/INFO] [net.minecraft.world.item.crafting.RecipeManager/]: Skipping loading recipe atmospheric:rosewood_door_from_rosewood_logs_sawing as it's serializer returned null
[04Apr2025 22:20:18.758] [main/INFO] [net.minecraft.world.item.crafting.RecipeManager/]: Skipping loading recipe atmospheric:grimwood_furnace_boat as it's serializer returned null
[04Apr2025 22:20:18.761] [main/WARN] [quark-zeta/]: Non-existent flag calcite being used
[04Apr2025 22:20:18.761] [main/INFO] [net.minecraft.world.item.crafting.RecipeManager/]: Skipping loading recipe productivebees:corail/woodcutter/river_canvas_expansion_box as it's serializer returned null
[04Apr2025 22:20:18.762] [main/INFO] [net.minecraft.world.item.crafting.RecipeManager/]: Skipping loading recipe productivebees:corail/woodcutter/wisteria_canvas_expansion_box as it's serializer returned null
[04Apr2025 22:20:18.762] [main/INFO] [net.minecraft.world.item.crafting.RecipeManager/]: Skipping loading recipe atmospheric:currant_leaves_from_leaf_piles as it's serializer returned null
[04Apr2025 22:20:18.762] [main/WARN] [quark-zeta/]: Non-existent flag diorite being used
[04Apr2025 22:20:18.763] [main/INFO] [net.minecraft.world.item.crafting.RecipeManager/]: Skipping loading recipe productivebees:expansion_boxes/expansion_box_regions_unexplored_palm as it's serializer returned null
[04Apr2025 22:20:18.763] [main/INFO] [net.minecraft.world.item.crafting.RecipeManager/]: Skipping loading recipe environmental:wisteria_fence_from_wisteria_planks_sawing as it's serializer returned null
[04Apr2025 22:20:18.763] [main/WARN] [quark-zeta/]: Non-existent flag dripstone being used
[04Apr2025 22:20:18.763] [main/WARN] [quark-zeta/]: Non-existent flag calcite being used
[04Apr2025 22:20:18.764] [main/INFO] [net.minecraft.world.item.crafting.RecipeManager/]: Skipping loading recipe productivebees:corail/woodcutter/river_canvas_hive as it's serializer returned null
[04Apr2025 22:20:18.764] [main/INFO] [net.minecraft.world.item.crafting.RecipeManager/]: Skipping loading recipe environmental:pine_button_from_pine_planks_sawing as it's serializer returned null
[04Apr2025 22:20:18.766] [main/INFO] [net.minecraft.world.item.crafting.RecipeManager/]: Skipping loading recipe productivebees:corail/woodcutter/hellbark_canvas_expansion_box as it's serializer returned null
[04Apr2025 22:20:18.767] [main/INFO] [net.minecraft.world.item.crafting.RecipeManager/]: Skipping loading recipe environmental:willow_sign_from_willow_logs_sawing as it's serializer returned null
[04Apr2025 22:20:18.767] [main/INFO] [net.minecraft.world.item.crafting.RecipeManager/]: Skipping loading recipe environmental:cherries as it's serializer returned null
[04Apr2025 22:20:18.767] [main/INFO] [net.minecraft.world.item.crafting.RecipeManager/]: Skipping loading recipe atmospheric:rosewood_stairs_from_rosewood_logs_sawing as it's serializer returned null
[04Apr2025 22:20:18.769] [main/INFO] [net.minecraft.world.item.crafting.RecipeManager/]: Skipping loading recipe atmospheric:rosewood_furnace_boat as it's serializer returned null
[04Apr2025 22:20:18.770] [main/INFO] [net.minecraft.world.item.crafting.RecipeManager/]: Skipping loading recipe atmospheric:laurel_ladder as it's serializer returned null
[04Apr2025 22:20:18.771] [main/INFO] [net.minecraft.world.item.crafting.RecipeManager/]: Skipping loading recipe productivebees:expansion_boxes/expansion_box_byg_white_mangrove as it's serializer returned null
[04Apr2025 22:20:18.771] [main/INFO] [net.minecraft.world.item.crafting.RecipeManager/]: Skipping loading recipe productivebees:expansion_boxes/expansion_box_regions_unexplored_larch as it's serializer returned null
[04Apr2025 22:20:18.777] [main/INFO] [net.minecraft.world.item.crafting.RecipeManager/]: Skipping loading recipe atmospheric:yucca_ladder as it's serializer returned null
[04Apr2025 22:20:18.778] [main/WARN] [quark-zeta/]: Non-existent flag diorite being used
[04Apr2025 22:20:18.778] [main/WARN] [quark-zeta/]: Non-existent flag calcite being used
[04Apr2025 22:20:18.779] [main/WARN] [quark-zeta/]: Non-existent flag calcite being used
[04Apr2025 22:20:18.786] [main/INFO] [net.minecraft.world.item.crafting.RecipeManager/]: Skipping loading recipe atmospheric:kousa_ladder_from_kousa_planks_sawing as it's serializer returned null
[04Apr2025 22:20:18.787] [main/INFO] [net.minecraft.world.item.crafting.RecipeManager/]: Skipping loading recipe atmospheric:yucca_fence_gate_from_yucca_logs_sawing as it's serializer returned null
[04Apr2025 22:20:18.787] [main/INFO] [net.minecraft.world.item.crafting.RecipeManager/]: Skipping loading recipe productivebees:corail/woodcutter/magic_canvas_hive as it's serializer returned null
[04Apr2025 22:20:18.789] [main/WARN] [quark-zeta/]: Non-existent flag dripstone being used
[04Apr2025 22:20:18.789] [main/INFO] [net.minecraft.world.item.crafting.RecipeManager/]: Skipping loading recipe productivebees:hives/advanced_byg_zelkova_beehive_clear as it's serializer returned null
[04Apr2025 22:20:18.791] [main/INFO] [net.minecraft.world.item.crafting.RecipeManager/]: Skipping loading recipe productivebees:corail/woodcutter/bamboo_canvas_expansion_box as it's serializer returned null
[04Apr2025 22:20:18.791] [main/INFO] [net.minecraft.world.item.crafting.RecipeManager/]: Skipping loading recipe environmental:willow_slab_from_willow_planks_sawing as it's serializer returned null
[04Apr2025 22:20:18.791] [main/INFO] [net.minecraft.world.item.crafting.RecipeManager/]: Skipping loading recipe atmospheric:aspen_leaf_pile as it's serializer returned null
[04Apr2025 22:20:18.792] [main/INFO] [net.minecraft.world.item.crafting.RecipeManager/]: Skipping loading recipe productivebees:expansion_boxes/expansion_box_regions_unexplored_green_bioshroom as it's serializer returned null
[04Apr2025 22:20:18.792] [main/INFO] [net.minecraft.world.item.crafting.RecipeManager/]: Skipping loading recipe endergetic:poise_fence_gate_from_poise_stems_sawing as it's serializer returned null
[04Apr2025 22:20:18.793] [main/INFO] [net.minecraft.world.item.crafting.RecipeManager/]: Skipping loading recipe productivebees:hives/advanced_biomesoplenty_jacaranda_beehive as it's serializer returned null
[04Apr2025 22:20:18.793] [main/INFO] [net.minecraft.world.item.crafting.RecipeManager/]: Skipping loading recipe productivebees:expansion_boxes/expansion_box_byg_nightshade as it's serializer returned null
[04Apr2025 22:20:18.793] [main/INFO] [net.minecraft.world.item.crafting.RecipeManager/]: Skipping loading recipe environmental:wisteria_fence_gate_from_wisteria_logs_sawing as it's serializer returned null
[04Apr2025 22:20:18.793] [main/INFO] [net.minecraft.world.item.crafting.RecipeManager/]: Skipping loading recipe environmental:pine_ladder_from_pine_logs_sawing as it's serializer returned null
[04Apr2025 22:20:18.794] [main/INFO] [net.minecraft.world.item.crafting.RecipeManager/]: Skipping loading recipe environmental:willow_bookshelf as it's serializer returned null
[04Apr2025 22:20:18.794] [main/INFO] [net.minecraft.world.item.crafting.RecipeManager/]: Skipping loading recipe productivebees:hives/advanced_byg_ether_beehive as it's serializer returned null
[04Apr2025 22:20:18.794] [main/INFO] [net.minecraft.world.item.crafting.RecipeManager/]: Skipping loading recipe atmospheric:rosewood_trapdoor_from_rosewood_logs_sawing as it's serializer returned null
[04Apr2025 22:20:18.801] [main/INFO] [net.minecraft.world.item.crafting.RecipeManager/]: Skipping loading recipe productivebees:expansion_boxes/expansion_box_biomesoplenty_palm as it's serializer returned null
[04Apr2025 22:20:18.801] [main/INFO] [net.minecraft.world.item.crafting.RecipeManager/]: Skipping loading recipe atmospheric:chiseled_kousa_bookshelf as it's serializer returned null
[04Apr2025 22:20:18.801] [main/INFO] [net.minecraft.world.item.crafting.RecipeManager/]: Skipping loading recipe atmospheric:yucca_boards as it's serializer returned null
[04Apr2025 22:20:18.801] [main/WARN] [quark-zeta/]: Non-existent flag andesite being used
[04Apr2025 22:20:18.802] [main/INFO] [net.minecraft.world.item.crafting.RecipeManager/]: Skipping loading recipe atmospheric:kousa_stairs_from_kousa_planks_sawing as it's serializer returned null
[04Apr2025 22:20:18.802] [main/INFO] [net.minecraft.world.item.crafting.RecipeManager/]: Skipping loading recipe atmospheric:morado_ladder as it's serializer returned null
[04Apr2025 22:20:18.806] [main/INFO] [net.minecraft.world.item.crafting.RecipeManager/]: Skipping loading recipe productivebees:hives/advanced_byg_ether_beehive_clear as it's serializer returned null
[04Apr2025 22:20:18.807] [main/INFO] [net.minecraft.world.item.crafting.RecipeManager/]: Skipping loading recipe productivebees:corail/woodcutter/mangrove_canvas_expansion_box as it's serializer returned null
[04Apr2025 22:20:18.808] [main/INFO] [net.minecraft.world.item.crafting.RecipeManager/]: Skipping loading recipe atmospheric:rosewood_boards as it's serializer returned null
[04Apr2025 22:20:18.809] [main/INFO] [net.minecraft.world.item.crafting.RecipeManager/]: Skipping loading recipe atmospheric:glass_pane_from_baking as it's serializer returned null
[04Apr2025 22:20:18.809] [main/INFO] [net.minecraft.world.item.crafting.RecipeManager/]: Skipping loading recipe productivebees:corail/woodcutter/palm_canvas_hive as it's serializer returned null
[04Apr2025 22:20:18.809] [main/INFO] [net.minecraft.world.item.crafting.RecipeManager/]: Skipping loading recipe productivebees:hives/advanced_byg_zelkova_beehive as it's serializer returned null
[04Apr2025 22:20:18.809] [main/INFO] [net.minecraft.world.item.crafting.RecipeManager/]: Skipping loading recipe atmospheric:aspen_stairs_from_aspen_logs_sawing as it's serializer returned null
[04Apr2025 22:20:18.810] [main/INFO] [net.minecraft.world.item.crafting.RecipeManager/]: Skipping loading recipe productivebees:hives/advanced_byg_sythian_beehive_clear as it's serializer returned null
[04Apr2025 22:20:18.810] [main/INFO] [net.minecraft.world.item.crafting.RecipeManager/]: Skipping loading recipe atmospheric:aspen_sign_from_aspen_logs_sawing as it's serializer returned null
[04Apr2025 22:20:18.810] [main/WARN] [quark-zeta/]: Non-existent flag tuff being used
[04Apr2025 22:20:18.811] [main/WARN] [quark-zeta/]: Non-existent flag dripstone being used
[04Apr2025 22:20:18.812] [main/INFO] [net.minecraft.world.item.crafting.RecipeManager/]: Skipping loading recipe endergetic:poise_boards as it's serializer returned null
[04Apr2025 22:20:18.813] [main/INFO] [net.minecraft.world.item.crafting.RecipeManager/]: Skipping loading recipe environmental:wisteria_button_from_wisteria_logs_sawing as it's serializer returned null
[04Apr2025 22:20:18.813] [main/INFO] [net.minecraft.world.item.crafting.RecipeManager/]: Skipping loading recipe atmospheric:laurel_stairs_from_laurel_logs_sawing as it's serializer returned null
[04Apr2025 22:20:18.813] [main/INFO] [net.minecraft.world.item.crafting.RecipeManager/]: Skipping loading recipe productivebees:expansion_boxes/expansion_box_byg_aspen as it's serializer returned null
[04Apr2025 22:20:18.814] [main/WARN] [quark-zeta/]: Non-existent flag calcite being used
[04Apr2025 22:20:18.814] [main/INFO] [net.minecraft.world.item.crafting.RecipeManager/]: Skipping loading recipe endergetic:poise_sign_from_poise_stems_sawing as it's serializer returned null
[04Apr2025 22:20:18.815] [main/INFO] [net.minecraft.world.item.crafting.RecipeManager/]: Skipping loading recipe productivebees:expansion_boxes/expansion_box_regions_unexplored_blackwood as it's serializer returned null
[04Apr2025 22:20:18.815] [main/WARN] [quark-zeta/]: Non-existent flag dripstone being used
[04Apr2025 22:20:18.816] [main/INFO] [net.minecraft.world.item.crafting.RecipeManager/]: Skipping loading recipe atmospheric:grimwood_fence_gate_from_grimwood_logs_sawing as it's serializer returned null
[04Apr2025 22:20:18.816] [main/INFO] [net.minecraft.world.item.crafting.RecipeManager/]: Skipping loading recipe endergetic:poise_stairs_from_poise_stems_sawing as it's serializer returned null
[04Apr2025 22:20:18.816] [main/INFO] [net.minecraft.world.item.crafting.RecipeManager/]: Skipping loading recipe productivebees:hives/advanced_regions_unexplored_eucalyptus_beehive as it's serializer returned null
[04Apr2025 22:20:18.817] [main/INFO] [net.minecraft.world.item.crafting.RecipeManager/]: Skipping loading recipe productivebees:corail/woodcutter/dark_oak_canvas_hive as it's serializer returned null
[04Apr2025 22:20:18.818] [main/INFO] [net.minecraft.world.item.crafting.RecipeManager/]: Skipping loading recipe environmental:large_wisteria_boat as it's serializer returned null
[04Apr2025 22:20:18.818] [main/WARN] [quark-zeta/]: Non-existent flag granite being used
[04Apr2025 22:20:18.819] [main/INFO] [net.minecraft.world.item.crafting.RecipeManager/]: Skipping loading recipe endergetic:poise_bookshelf as it's serializer returned null
[04Apr2025 22:20:18.819] [main/INFO] [net.minecraft.world.item.crafting.RecipeManager/]: Skipping loading recipe environmental:willow_boards_from_willow_planks_sawing as it's serializer returned null
[04Apr2025 22:20:18.819] [main/INFO] [net.minecraft.world.item.crafting.RecipeManager/]: Skipping loading recipe environmental:duck_egg_crate as it's serializer returned null
[04Apr2025 22:20:18.819] [main/INFO] [net.minecraft.world.item.crafting.RecipeManager/]: Skipping loading recipe productivebees:expansion_boxes/expansion_box_byg_embur as it's serializer returned null
[04Apr2025 22:20:18.819] [main/INFO] [net.minecraft.world.item.crafting.RecipeManager/]: Skipping loading recipe atmospheric:rosewood_fence_from_rosewood_logs_sawing as it's serializer returned null
[04Apr2025 22:20:18.820] [main/ERROR] [net.minecraft.world.item.crafting.RecipeManager/]: Parsing error loading recipe create:cutting/compat/environmental/stripped_cherry_wood
com.google.gson.JsonSyntaxException: Unknown item 'environmental:stripped_cherry_wood'
	at net.minecraft.world.item.crafting.ShapedRecipe.m_151280_(ShapedRecipe.java:292) ~[server-1.20.1-20230612.114412-srg.jar%23365!/:?]
	at java.util.Optional.orElseThrow(Optional.java:403) ~[?:?]
	at net.minecraft.world.item.crafting.ShapedRecipe.m_151278_(ShapedRecipe.java:291) ~[server-1.20.1-20230612.114412-srg.jar%23365!/:?]
	at net.minecraft.world.item.crafting.Ingredient.m_43919_(Ingredient.java:219) ~[server-1.20.1-20230612.114412-srg.jar%23365!/:?]
	at net.minecraftforge.common.crafting.VanillaIngredientSerializer.parse(VanillaIngredientSerializer.java:27) ~[forge-1.20.1-47.3.7-universal.jar%23370!/:?]
	at net.minecraftforge.common.crafting.CraftingHelper.getIngredient(CraftingHelper.java:148) ~[forge-1.20.1-47.3.7-universal.jar%23370!/:?]
	at net.minecraft.world.item.crafting.Ingredient.m_288218_(Ingredient.java:194) ~[server-1.20.1-20230612.114412-srg.jar%23365!/:?]
	at net.minecraft.world.item.crafting.Ingredient.m_43917_(Ingredient.java:189) ~[server-1.20.1-20230612.114412-srg.jar%23365!/:?]
	at com.simibubi.create.content.processing.recipe.ProcessingRecipeSerializer.readFromJson(ProcessingRecipeSerializer.java:66) ~[create-1.20.1-0.5.1.j.jar%23259!/:0.5.1.j]
	at com.simibubi.create.content.processing.recipe.ProcessingRecipeSerializer.fromJson(ProcessingRecipeSerializer.java:154) ~[create-1.20.1-0.5.1.j.jar%23259!/:0.5.1.j]
	at com.simibubi.create.content.processing.recipe.ProcessingRecipeSerializer.m_6729_(ProcessingRecipeSerializer.java:21) ~[create-1.20.1-0.5.1.j.jar%23259!/:0.5.1.j]
	at net.minecraftforge.common.extensions.IForgeRecipeSerializer.fromJson(IForgeRecipeSerializer.java:23) ~[forge-1.20.1-47.3.7-universal.jar%23370!/:?]
	at net.minecraft.world.item.crafting.RecipeManager.fromJson(RecipeManager.java:171) ~[server-1.20.1-20230612.114412-srg.jar%23365!/:?]
	at net.minecraft.world.item.crafting.RecipeManager.m_5787_(RecipeManager.java:67) ~[server-1.20.1-20230612.114412-srg.jar%23365!/:?]
	at net.minecraft.world.item.crafting.RecipeManager.m_5787_(RecipeManager.java:34) ~[server-1.20.1-20230612.114412-srg.jar%23365!/:?]
	at net.minecraft.server.packs.resources.SimplePreparableReloadListener.m_10789_(SimplePreparableReloadListener.java:13) ~[server-1.20.1-20230612.114412-srg.jar%23365!/:?]
	at java.util.concurrent.CompletableFuture$UniAccept.tryFire(CompletableFuture.java:718) ~[?:?]
	at java.util.concurrent.CompletableFuture$Completion.run(CompletableFuture.java:482) ~[?:?]
	at net.minecraft.server.packs.resources.SimpleReloadInstance.m_143940_(SimpleReloadInstance.java:69) ~[server-1.20.1-20230612.114412-srg.jar%23365!/:?]
	at net.minecraft.Util.m_214652_(Util.java:783) ~[server-1.20.1-20230612.114412-srg.jar%23365!/:?]
	at net.minecraft.Util.m_214679_(Util.java:772) ~[server-1.20.1-20230612.114412-srg.jar%23365!/:?]
	at net.minecraft.server.Main.main(Main.java:166) ~[server-1.20.1-20230612.114412-srg.jar%23365!/:?]
	at jdk.internal.reflect.NativeMethodAccessorImpl.invoke0(Native Method) ~[?:?]
	at jdk.internal.reflect.NativeMethodAccessorImpl.invoke(NativeMethodAccessorImpl.java:77) ~[?:?]
	at jdk.internal.reflect.DelegatingMethodAccessorImpl.invoke(DelegatingMethodAccessorImpl.java:43) ~[?:?]
	at java.lang.reflect.Method.invoke(Method.java:569) ~[?:?]
	at net.minecraftforge.fml.loading.targets.CommonLaunchHandler.runTarget(CommonLaunchHandler.java:111) ~[fmlloader-1.20.1-47.3.7.jar%2369!/:?]
	at net.minecraftforge.fml.loading.targets.CommonLaunchHandler.serverService(CommonLaunchHandler.java:103) ~[fmlloader-1.20.1-47.3.7.jar%2369!/:?]
	at net.minecraftforge.fml.loading.targets.CommonServerLaunchHandler.lambda$makeService$0(CommonServerLaunchHandler.java:27) ~[fmlloader-1.20.1-47.3.7.jar%2369!/:?]
	at cpw.mods.modlauncher.LaunchServiceHandlerDecorator.launch(LaunchServiceHandlerDecorator.java:30) ~[modlauncher-10.0.9.jar%2355!/:?]
	at cpw.mods.modlauncher.LaunchServiceHandler.launch(LaunchServiceHandler.java:53) ~[modlauncher-10.0.9.jar%2355!/:?]
	at cpw.mods.modlauncher.LaunchServiceHandler.launch(LaunchServiceHandler.java:71) ~[modlauncher-10.0.9.jar%2355!/:?]
	at cpw.mods.modlauncher.Launcher.run(Launcher.java:108) ~[modlauncher-10.0.9.jar%2355!/:?]
	at cpw.mods.modlauncher.Launcher.main(Launcher.java:78) ~[modlauncher-10.0.9.jar%2355!/:?]
	at cpw.mods.modlauncher.BootstrapLaunchConsumer.accept(BootstrapLaunchConsumer.java:26) ~[modlauncher-10.0.9.jar%2355!/:?]
	at cpw.mods.modlauncher.BootstrapLaunchConsumer.accept(BootstrapLaunchConsumer.java:23) ~[modlauncher-10.0.9.jar%2355!/:?]
	at cpw.mods.bootstraplauncher.BootstrapLauncher.main(BootstrapLauncher.java:141) ~[bootstraplauncher-1.1.2.jar:?]
[04Apr2025 22:20:18.822] [main/WARN] [quark-zeta/]: Non-existent flag dripstone being used
[04Apr2025 22:20:18.822] [main/INFO] [net.minecraft.world.item.crafting.RecipeManager/]: Skipping loading recipe productivebees:hives/advanced_regions_unexplored_larch_beehive as it's serializer returned null
[04Apr2025 22:20:18.822] [main/INFO] [net.minecraft.world.item.crafting.RecipeManager/]: Skipping loading recipe atmospheric:aspen_button_from_aspen_logs_sawing as it's serializer returned null
[04Apr2025 22:20:18.822] [main/INFO] [net.minecraft.world.item.crafting.RecipeManager/]: Skipping loading recipe productivebees:expansion_boxes/expansion_box_byg_blue_enchanted as it's serializer returned null
[04Apr2025 22:20:18.823] [main/INFO] [net.minecraft.world.item.crafting.RecipeManager/]: Skipping loading recipe productivebees:hives/advanced_byg_aspen_beehive_clear as it's serializer returned null
[04Apr2025 22:20:18.823] [main/WARN] [quark-zeta/]: Non-existent flag dripstone being used
[04Apr2025 22:20:18.823] [main/INFO] [net.minecraft.world.item.crafting.RecipeManager/]: Skipping loading recipe atmospheric:yucca_bookshelf as it's serializer returned null
[04Apr2025 22:20:18.823] [main/WARN] [quark-zeta/]: Non-existent flag calcite being used
[04Apr2025 22:20:18.823] [main/INFO] [net.minecraft.world.item.crafting.RecipeManager/]: Skipping loading recipe productivebees:corail/woodcutter/aspen_canvas_hive as it's serializer returned null
[04Apr2025 22:20:18.824] [main/INFO] [net.minecraft.world.item.crafting.RecipeManager/]: Skipping loading recipe environmental:plum_boards_from_plum_logs_sawing as it's serializer returned null
[04Apr2025 22:20:18.824] [main/WARN] [quark-zeta/]: Non-existent flag dripstone being used
[04Apr2025 22:20:18.824] [main/ERROR] [net.minecraft.world.item.crafting.RecipeManager/]: Parsing error loading recipe create:cutting/compat/nethers_exoticism/stripped_ramboutan_log
com.google.gson.JsonSyntaxException: Unknown item 'nethers_exoticism:stripped_ramboutan_log'
	at net.minecraft.world.item.crafting.ShapedRecipe.m_151280_(ShapedRecipe.java:292) ~[server-1.20.1-20230612.114412-srg.jar%23365!/:?]
	at java.util.Optional.orElseThrow(Optional.java:403) ~[?:?]
	at net.minecraft.world.item.crafting.ShapedRecipe.m_151278_(ShapedRecipe.java:291) ~[server-1.20.1-20230612.114412-srg.jar%23365!/:?]
	at net.minecraft.world.item.crafting.Ingredient.m_43919_(Ingredient.java:219) ~[server-1.20.1-20230612.114412-srg.jar%23365!/:?]
	at net.minecraftforge.common.crafting.VanillaIngredientSerializer.parse(VanillaIngredientSerializer.java:27) ~[forge-1.20.1-47.3.7-universal.jar%23370!/:?]
	at net.minecraftforge.common.crafting.CraftingHelper.getIngredient(CraftingHelper.java:148) ~[forge-1.20.1-47.3.7-universal.jar%23370!/:?]
	at net.minecraft.world.item.crafting.Ingredient.m_288218_(Ingredient.java:194) ~[server-1.20.1-20230612.114412-srg.jar%23365!/:?]
	at net.minecraft.world.item.crafting.Ingredient.m_43917_(Ingredient.java:189) ~[server-1.20.1-20230612.114412-srg.jar%23365!/:?]
	at com.simibubi.create.content.processing.recipe.ProcessingRecipeSerializer.readFromJson(ProcessingRecipeSerializer.java:66) ~[create-1.20.1-0.5.1.j.jar%23259!/:0.5.1.j]
	at com.simibubi.create.content.processing.recipe.ProcessingRecipeSerializer.fromJson(ProcessingRecipeSerializer.java:154) ~[create-1.20.1-0.5.1.j.jar%23259!/:0.5.1.j]
	at com.simibubi.create.content.processing.recipe.ProcessingRecipeSerializer.m_6729_(ProcessingRecipeSerializer.java:21) ~[create-1.20.1-0.5.1.j.jar%23259!/:0.5.1.j]
	at net.minecraftforge.common.extensions.IForgeRecipeSerializer.fromJson(IForgeRecipeSerializer.java:23) ~[forge-1.20.1-47.3.7-universal.jar%23370!/:?]
	at net.minecraft.world.item.crafting.RecipeManager.fromJson(RecipeManager.java:171) ~[server-1.20.1-20230612.114412-srg.jar%23365!/:?]
	at net.minecraft.world.item.crafting.RecipeManager.m_5787_(RecipeManager.java:67) ~[server-1.20.1-20230612.114412-srg.jar%23365!/:?]
	at net.minecraft.world.item.crafting.RecipeManager.m_5787_(RecipeManager.java:34) ~[server-1.20.1-20230612.114412-srg.jar%23365!/:?]
	at net.minecraft.server.packs.resources.SimplePreparableReloadListener.m_10789_(SimplePreparableReloadListener.java:13) ~[server-1.20.1-20230612.114412-srg.jar%23365!/:?]
	at java.util.concurrent.CompletableFuture$UniAccept.tryFire(CompletableFuture.java:718) ~[?:?]
	at java.util.concurrent.CompletableFuture$Completion.run(CompletableFuture.java:482) ~[?:?]
	at net.minecraft.server.packs.resources.SimpleReloadInstance.m_143940_(SimpleReloadInstance.java:69) ~[server-1.20.1-20230612.114412-srg.jar%23365!/:?]
	at net.minecraft.Util.m_214652_(Util.java:783) ~[server-1.20.1-20230612.114412-srg.jar%23365!/:?]
	at net.minecraft.Util.m_214679_(Util.java:772) ~[server-1.20.1-20230612.114412-srg.jar%23365!/:?]
	at net.minecraft.server.Main.main(Main.java:166) ~[server-1.20.1-20230612.114412-srg.jar%23365!/:?]
	at jdk.internal.reflect.NativeMethodAccessorImpl.invoke0(Native Method) ~[?:?]
	at jdk.internal.reflect.NativeMethodAccessorImpl.invoke(NativeMethodAccessorImpl.java:77) ~[?:?]
	at jdk.internal.reflect.DelegatingMethodAccessorImpl.invoke(DelegatingMethodAccessorImpl.java:43) ~[?:?]
	at java.lang.reflect.Method.invoke(Method.java:569) ~[?:?]
	at net.minecraftforge.fml.loading.targets.CommonLaunchHandler.runTarget(CommonLaunchHandler.java:111) ~[fmlloader-1.20.1-47.3.7.jar%2369!/:?]
	at net.minecraftforge.fml.loading.targets.CommonLaunchHandler.serverService(CommonLaunchHandler.java:103) ~[fmlloader-1.20.1-47.3.7.jar%2369!/:?]
	at net.minecraftforge.fml.loading.targets.CommonServerLaunchHandler.lambda$makeService$0(CommonServerLaunchHandler.java:27) ~[fmlloader-1.20.1-47.3.7.jar%2369!/:?]
	at cpw.mods.modlauncher.LaunchServiceHandlerDecorator.launch(LaunchServiceHandlerDecorator.java:30) ~[modlauncher-10.0.9.jar%2355!/:?]
	at cpw.mods.modlauncher.LaunchServiceHandler.launch(LaunchServiceHandler.java:53) ~[modlauncher-10.0.9.jar%2355!/:?]
	at cpw.mods.modlauncher.LaunchServiceHandler.launch(LaunchServiceHandler.java:71) ~[modlauncher-10.0.9.jar%2355!/:?]
	at cpw.mods.modlauncher.Launcher.run(Launcher.java:108) ~[modlauncher-10.0.9.jar%2355!/:?]
	at cpw.mods.modlauncher.Launcher.main(Launcher.java:78) ~[modlauncher-10.0.9.jar%2355!/:?]
	at cpw.mods.modlauncher.BootstrapLaunchConsumer.accept(BootstrapLaunchConsumer.java:26) ~[modlauncher-10.0.9.jar%2355!/:?]
	at cpw.mods.modlauncher.BootstrapLaunchConsumer.accept(BootstrapLaunchConsumer.java:23) ~[modlauncher-10.0.9.jar%2355!/:?]
	at cpw.mods.bootstraplauncher.BootstrapLauncher.main(BootstrapLauncher.java:141) ~[bootstraplauncher-1.1.2.jar:?]
[04Apr2025 22:20:18.827] [main/INFO] [net.minecraft.world.item.crafting.RecipeManager/]: Skipping loading recipe atmospheric:grimwood_planks_from_grimwood_logs_sawing as it's serializer returned null
[04Apr2025 22:20:18.827] [main/INFO] [net.minecraft.world.item.crafting.RecipeManager/]: Skipping loading recipe productivebees:hives/advanced_regions_unexplored_socotra_beehive as it's serializer returned null
[04Apr2025 22:20:18.827] [main/WARN] [quark-zeta/]: Non-existent flag tuff being used
[04Apr2025 22:20:18.827] [main/INFO] [net.minecraft.world.item.crafting.RecipeManager/]: Skipping loading recipe productivebees:expansion_boxes/expansion_box_biomesoplenty_fir as it's serializer returned null
[04Apr2025 22:20:18.832] [main/INFO] [net.minecraft.world.item.crafting.RecipeManager/]: Skipping loading recipe atmospheric:large_grimwood_boat as it's serializer returned null
[04Apr2025 22:20:18.832] [main/INFO] [net.minecraft.world.item.crafting.RecipeManager/]: Skipping loading recipe environmental:willow_slab_from_willow_logs_sawing as it's serializer returned null
[04Apr2025 22:20:18.832] [main/INFO] [net.minecraft.world.item.crafting.RecipeManager/]: Skipping loading recipe environmental:pine_trapdoor_from_pine_logs_sawing as it's serializer returned null
[04Apr2025 22:20:18.832] [main/INFO] [net.minecraft.world.item.crafting.RecipeManager/]: Skipping loading recipe atmospheric:aspen_boards as it's serializer returned null
[04Apr2025 22:20:18.832] [main/INFO] [net.minecraft.world.item.crafting.RecipeManager/]: Skipping loading recipe productivebees:corail/woodcutter/grimwood_canvas_hive as it's serializer returned null
[04Apr2025 22:20:18.832] [main/INFO] [net.minecraft.world.item.crafting.RecipeManager/]: Skipping loading recipe atmospheric:yucca_stairs_from_yucca_logs_sawing as it's serializer returned null
[04Apr2025 22:20:18.833] [main/WARN] [quark-zeta/]: Non-existent flag calcite being used
[04Apr2025 22:20:18.833] [main/ERROR] [net.minecraft.world.item.crafting.RecipeManager/]: Parsing error loading recipe createbb:misc/smelt_copper_dust
com.google.gson.JsonSyntaxException: Unknown item 'createbb:copper_dust'
	at net.minecraft.world.item.crafting.ShapedRecipe.m_151280_(ShapedRecipe.java:292) ~[server-1.20.1-20230612.114412-srg.jar%23365!/:?]
	at java.util.Optional.orElseThrow(Optional.java:403) ~[?:?]
	at net.minecraft.world.item.crafting.ShapedRecipe.m_151278_(ShapedRecipe.java:291) ~[server-1.20.1-20230612.114412-srg.jar%23365!/:?]
	at net.minecraft.world.item.crafting.Ingredient.m_43919_(Ingredient.java:219) ~[server-1.20.1-20230612.114412-srg.jar%23365!/:?]
	at net.minecraftforge.common.crafting.VanillaIngredientSerializer.parse(VanillaIngredientSerializer.java:27) ~[forge-1.20.1-47.3.7-universal.jar%23370!/:?]
	at net.minecraftforge.common.crafting.CraftingHelper.getIngredient(CraftingHelper.java:148) ~[forge-1.20.1-47.3.7-universal.jar%23370!/:?]
	at net.minecraft.world.item.crafting.Ingredient.m_288218_(Ingredient.java:194) ~[server-1.20.1-20230612.114412-srg.jar%23365!/:?]
	at net.minecraft.world.item.crafting.SimpleCookingSerializer.m_6729_(SimpleCookingSerializer.java:24) ~[server-1.20.1-20230612.114412-srg.jar%23365!/:?]
	at net.minecraft.world.item.crafting.SimpleCookingSerializer.m_6729_(SimpleCookingSerializer.java:11) ~[server-1.20.1-20230612.114412-srg.jar%23365!/:?]
	at net.minecraftforge.common.extensions.IForgeRecipeSerializer.fromJson(IForgeRecipeSerializer.java:23) ~[forge-1.20.1-47.3.7-universal.jar%23370!/:?]
	at net.minecraft.world.item.crafting.RecipeManager.fromJson(RecipeManager.java:171) ~[server-1.20.1-20230612.114412-srg.jar%23365!/:?]
	at net.minecraft.world.item.crafting.RecipeManager.m_5787_(RecipeManager.java:67) ~[server-1.20.1-20230612.114412-srg.jar%23365!/:?]
	at net.minecraft.world.item.crafting.RecipeManager.m_5787_(RecipeManager.java:34) ~[server-1.20.1-20230612.114412-srg.jar%23365!/:?]
	at net.minecraft.server.packs.resources.SimplePreparableReloadListener.m_10789_(SimplePreparableReloadListener.java:13) ~[server-1.20.1-20230612.114412-srg.jar%23365!/:?]
	at java.util.concurrent.CompletableFuture$UniAccept.tryFire(CompletableFuture.java:718) ~[?:?]
	at java.util.concurrent.CompletableFuture$Completion.run(CompletableFuture.java:482) ~[?:?]
	at net.minecraft.server.packs.resources.SimpleReloadInstance.m_143940_(SimpleReloadInstance.java:69) ~[server-1.20.1-20230612.114412-srg.jar%23365!/:?]
	at net.minecraft.Util.m_214652_(Util.java:783) ~[server-1.20.1-20230612.114412-srg.jar%23365!/:?]
	at net.minecraft.Util.m_214679_(Util.java:772) ~[server-1.20.1-20230612.114412-srg.jar%23365!/:?]
	at net.minecraft.server.Main.main(Main.java:166) ~[server-1.20.1-20230612.114412-srg.jar%23365!/:?]
	at jdk.internal.reflect.NativeMethodAccessorImpl.invoke0(Native Method) ~[?:?]
	at jdk.internal.reflect.NativeMethodAccessorImpl.invoke(NativeMethodAccessorImpl.java:77) ~[?:?]
	at jdk.internal.reflect.DelegatingMethodAccessorImpl.invoke(DelegatingMethodAccessorImpl.java:43) ~[?:?]
	at java.lang.reflect.Method.invoke(Method.java:569) ~[?:?]
	at net.minecraftforge.fml.loading.targets.CommonLaunchHandler.runTarget(CommonLaunchHandler.java:111) ~[fmlloader-1.20.1-47.3.7.jar%2369!/:?]
	at net.minecraftforge.fml.loading.targets.CommonLaunchHandler.serverService(CommonLaunchHandler.java:103) ~[fmlloader-1.20.1-47.3.7.jar%2369!/:?]
	at net.minecraftforge.fml.loading.targets.CommonServerLaunchHandler.lambda$makeService$0(CommonServerLaunchHandler.java:27) ~[fmlloader-1.20.1-47.3.7.jar%2369!/:?]
	at cpw.mods.modlauncher.LaunchServiceHandlerDecorator.launch(LaunchServiceHandlerDecorator.java:30) ~[modlauncher-10.0.9.jar%2355!/:?]
	at cpw.mods.modlauncher.LaunchServiceHandler.launch(LaunchServiceHandler.java:53) ~[modlauncher-10.0.9.jar%2355!/:?]
	at cpw.mods.modlauncher.LaunchServiceHandler.launch(LaunchServiceHandler.java:71) ~[modlauncher-10.0.9.jar%2355!/:?]
	at cpw.mods.modlauncher.Launcher.run(Launcher.java:108) ~[modlauncher-10.0.9.jar%2355!/:?]
	at cpw.mods.modlauncher.Launcher.main(Launcher.java:78) ~[modlauncher-10.0.9.jar%2355!/:?]
	at cpw.mods.modlauncher.BootstrapLaunchConsumer.accept(BootstrapLaunchConsumer.java:26) ~[modlauncher-10.0.9.jar%2355!/:?]
	at cpw.mods.modlauncher.BootstrapLaunchConsumer.accept(BootstrapLaunchConsumer.java:23) ~[modlauncher-10.0.9.jar%2355!/:?]
	at cpw.mods.bootstraplauncher.BootstrapLauncher.main(BootstrapLauncher.java:141) ~[bootstraplauncher-1.1.2.jar:?]
[04Apr2025 22:20:18.835] [main/INFO] [net.minecraft.world.item.crafting.RecipeManager/]: Skipping loading recipe atmospheric:green_aspen_leaf_pile as it's serializer returned null
[04Apr2025 22:20:18.836] [main/INFO] [net.minecraft.world.item.crafting.RecipeManager/]: Skipping loading recipe atmospheric:yucca_planks_from_yucca_logs_sawing as it's serializer returned null
[04Apr2025 22:20:18.836] [main/INFO] [net.minecraft.world.item.crafting.RecipeManager/]: Skipping loading recipe environmental:plum_trapdoor_from_plum_logs_sawing as it's serializer returned null
[04Apr2025 22:20:18.837] [main/INFO] [net.minecraft.world.item.crafting.RecipeManager/]: Skipping loading recipe productivebees:hives/advanced_byg_green_enchanted_beehive as it's serializer returned null
[04Apr2025 22:20:18.843] [main/INFO] [net.minecraft.world.item.crafting.RecipeManager/]: Skipping loading recipe environmental:plum_boards as it's serializer returned null
[04Apr2025 22:20:18.844] [main/WARN] [quark-zeta/]: Non-existent flag diorite being used
[04Apr2025 22:20:18.845] [main/INFO] [net.minecraft.world.item.crafting.RecipeManager/]: Skipping loading recipe atmospheric:chiseled_morado_bookshelf as it's serializer returned null
[04Apr2025 22:20:18.846] [main/INFO] [net.minecraft.world.item.crafting.RecipeManager/]: Skipping loading recipe environmental:wisteria_ladder_from_wisteria_planks_sawing as it's serializer returned null
[04Apr2025 22:20:18.847] [main/INFO] [net.minecraft.world.item.crafting.RecipeManager/]: Skipping loading recipe atmospheric:morado_slab_from_morado_planks_sawing as it's serializer returned null
[04Apr2025 22:20:18.849] [main/WARN] [quark-zeta/]: Non-existent flag dripstone being used
[04Apr2025 22:20:18.851] [main/INFO] [net.minecraft.world.item.crafting.RecipeManager/]: Skipping loading recipe atmospheric:morado_bookshelf as it's serializer returned null
[04Apr2025 22:20:18.851] [main/INFO] [net.minecraft.world.item.crafting.RecipeManager/]: Skipping loading recipe atmospheric:grimwood_trapdoor_from_grimwood_logs_sawing as it's serializer returned null
[04Apr2025 22:20:18.852] [main/INFO] [net.minecraft.world.item.crafting.RecipeManager/]: Skipping loading recipe productivebees:corail/woodcutter/umbran_canvas_expansion_box as it's serializer returned null
[04Apr2025 22:20:18.858] [main/INFO] [net.minecraft.world.item.crafting.RecipeManager/]: Loaded 57 recipes
[04Apr2025 22:20:18.868] [main/INFO] [com.teamabnormals.blueprint.core.Blueprint/]: Skipped modifier group named 'environmental:husbandry/tame_all_slabfish_autumnity' as its conditions were not met
[04Apr2025 22:20:18.876] [main/INFO] [com.teamabnormals.blueprint.core.Blueprint/]: Advancement Modification Manager has loaded 22 modifier groups
[04Apr2025 22:20:19.136] [main/INFO] [quark/]: [Automatic Recipe Unlock] Removed 7573 recipe advancements
[04Apr2025 22:20:19.151] [main/INFO] [net.minecraft.advancements.AdvancementList/]: Loaded 1055 advancements
[04Apr2025 22:20:19.164] [main/INFO] [placebo/]: Registered 0 additional recipes.
[04Apr2025 22:20:19.190] [main/INFO] [top.theillusivec4.curios.Curios/]: Loaded 14 curio slots
[04Apr2025 22:20:19.200] [main/ERROR] [top.theillusivec4.curios.Curios/]: talisman is not a registered slot type!
[04Apr2025 22:20:19.201] [main/INFO] [top.theillusivec4.curios.Curios/]: Loaded 11 curio entities
[04Apr2025 22:20:19.213] [main/INFO] [com.aqutheseal.celestisynth.api.misc.CodecJsonDataManager/]: Beginning loading of data for data loader: tiered_item_stats
[04Apr2025 22:20:19.213] [main/INFO] [com.aqutheseal.celestisynth.api.misc.CodecJsonDataManager/]: Data loader for tiered_item_stats loaded 0 jsons
[04Apr2025 22:20:19.262] [main/ERROR] [com.craisinlord.integrated_api.IntegratedAPI/]: Integrated API Error: Couldn't parse spawner mob list idas:dread_citadel
java.lang.Exception: Error: iceandfire:dread_lich is not a valid entity ID!
	at com.craisinlord.integrated_api.misc.mobspawners.MobSpawnerObj.setEntityType(MobSpawnerObj.java:37) ~[integrated_api-1.5.2+1.20.1-forge.jar%23303!/:?]
	at com.craisinlord.integrated_api.misc.mobspawners.MobSpawnerManager.lambda$apply$0(MobSpawnerManager.java:41) ~[integrated_api-1.5.2+1.20.1-forge.jar%23303!/:?]
	at java.util.HashMap.forEach(HashMap.java:1421) ~[?:?]
	at com.craisinlord.integrated_api.misc.mobspawners.MobSpawnerManager.apply(MobSpawnerManager.java:36) ~[integrated_api-1.5.2+1.20.1-forge.jar%23303!/:?]
	at com.craisinlord.integrated_api.misc.mobspawners.MobSpawnerManager.m_5787_(MobSpawnerManager.java:23) ~[integrated_api-1.5.2+1.20.1-forge.jar%23303!/:?]
	at net.minecraft.server.packs.resources.SimplePreparableReloadListener.m_10789_(SimplePreparableReloadListener.java:13) ~[server-1.20.1-20230612.114412-srg.jar%23365!/:?]
	at java.util.concurrent.CompletableFuture$UniAccept.tryFire(CompletableFuture.java:718) ~[?:?]
	at java.util.concurrent.CompletableFuture$Completion.run(CompletableFuture.java:482) ~[?:?]
	at net.minecraft.server.packs.resources.SimpleReloadInstance.m_143940_(SimpleReloadInstance.java:69) ~[server-1.20.1-20230612.114412-srg.jar%23365!/:?]
	at net.minecraft.Util.m_214652_(Util.java:783) ~[server-1.20.1-20230612.114412-srg.jar%23365!/:?]
	at net.minecraft.Util.m_214679_(Util.java:772) ~[server-1.20.1-20230612.114412-srg.jar%23365!/:?]
	at net.minecraft.server.Main.main(Main.java:166) ~[server-1.20.1-20230612.114412-srg.jar%23365!/:?]
	at jdk.internal.reflect.NativeMethodAccessorImpl.invoke0(Native Method) ~[?:?]
	at jdk.internal.reflect.NativeMethodAccessorImpl.invoke(NativeMethodAccessorImpl.java:77) ~[?:?]
	at jdk.internal.reflect.DelegatingMethodAccessorImpl.invoke(DelegatingMethodAccessorImpl.java:43) ~[?:?]
	at java.lang.reflect.Method.invoke(Method.java:569) ~[?:?]
	at net.minecraftforge.fml.loading.targets.CommonLaunchHandler.runTarget(CommonLaunchHandler.java:111) ~[fmlloader-1.20.1-47.3.7.jar%2369!/:?]
	at net.minecraftforge.fml.loading.targets.CommonLaunchHandler.serverService(CommonLaunchHandler.java:103) ~[fmlloader-1.20.1-47.3.7.jar%2369!/:?]
	at net.minecraftforge.fml.loading.targets.CommonServerLaunchHandler.lambda$makeService$0(CommonServerLaunchHandler.java:27) ~[fmlloader-1.20.1-47.3.7.jar%2369!/:?]
	at cpw.mods.modlauncher.LaunchServiceHandlerDecorator.launch(LaunchServiceHandlerDecorator.java:30) ~[modlauncher-10.0.9.jar%2355!/:?]
	at cpw.mods.modlauncher.LaunchServiceHandler.launch(LaunchServiceHandler.java:53) ~[modlauncher-10.0.9.jar%2355!/:?]
	at cpw.mods.modlauncher.LaunchServiceHandler.launch(LaunchServiceHandler.java:71) ~[modlauncher-10.0.9.jar%2355!/:?]
	at cpw.mods.modlauncher.Launcher.run(Launcher.java:108) ~[modlauncher-10.0.9.jar%2355!/:?]
	at cpw.mods.modlauncher.Launcher.main(Launcher.java:78) ~[modlauncher-10.0.9.jar%2355!/:?]
	at cpw.mods.modlauncher.BootstrapLaunchConsumer.accept(BootstrapLaunchConsumer.java:26) ~[modlauncher-10.0.9.jar%2355!/:?]
	at cpw.mods.modlauncher.BootstrapLaunchConsumer.accept(BootstrapLaunchConsumer.java:23) ~[modlauncher-10.0.9.jar%2355!/:?]
	at cpw.mods.bootstraplauncher.BootstrapLauncher.main(BootstrapLauncher.java:141) ~[bootstraplauncher-1.1.2.jar:?]
[04Apr2025 22:20:19.264] [main/ERROR] [com.craisinlord.integrated_api.IntegratedAPI/]: Integrated API Error: Couldn't parse spawner mob list idas:archmages_tower
java.lang.Exception: Error: ars_nouveau:wilden_hunter is not a valid entity ID!
	at com.craisinlord.integrated_api.misc.mobspawners.MobSpawnerObj.setEntityType(MobSpawnerObj.java:37) ~[integrated_api-1.5.2+1.20.1-forge.jar%23303!/:?]
	at com.craisinlord.integrated_api.misc.mobspawners.MobSpawnerManager.lambda$apply$0(MobSpawnerManager.java:41) ~[integrated_api-1.5.2+1.20.1-forge.jar%23303!/:?]
	at java.util.HashMap.forEach(HashMap.java:1421) ~[?:?]
	at com.craisinlord.integrated_api.misc.mobspawners.MobSpawnerManager.apply(MobSpawnerManager.java:36) ~[integrated_api-1.5.2+1.20.1-forge.jar%23303!/:?]
	at com.craisinlord.integrated_api.misc.mobspawners.MobSpawnerManager.m_5787_(MobSpawnerManager.java:23) ~[integrated_api-1.5.2+1.20.1-forge.jar%23303!/:?]
	at net.minecraft.server.packs.resources.SimplePreparableReloadListener.m_10789_(SimplePreparableReloadListener.java:13) ~[server-1.20.1-20230612.114412-srg.jar%23365!/:?]
	at java.util.concurrent.CompletableFuture$UniAccept.tryFire(CompletableFuture.java:718) ~[?:?]
	at java.util.concurrent.CompletableFuture$Completion.run(CompletableFuture.java:482) ~[?:?]
	at net.minecraft.server.packs.resources.SimpleReloadInstance.m_143940_(SimpleReloadInstance.java:69) ~[server-1.20.1-20230612.114412-srg.jar%23365!/:?]
	at net.minecraft.Util.m_214652_(Util.java:783) ~[server-1.20.1-20230612.114412-srg.jar%23365!/:?]
	at net.minecraft.Util.m_214679_(Util.java:772) ~[server-1.20.1-20230612.114412-srg.jar%23365!/:?]
	at net.minecraft.server.Main.main(Main.java:166) ~[server-1.20.1-20230612.114412-srg.jar%23365!/:?]
	at jdk.internal.reflect.NativeMethodAccessorImpl.invoke0(Native Method) ~[?:?]
	at jdk.internal.reflect.NativeMethodAccessorImpl.invoke(NativeMethodAccessorImpl.java:77) ~[?:?]
	at jdk.internal.reflect.DelegatingMethodAccessorImpl.invoke(DelegatingMethodAccessorImpl.java:43) ~[?:?]
	at java.lang.reflect.Method.invoke(Method.java:569) ~[?:?]
	at net.minecraftforge.fml.loading.targets.CommonLaunchHandler.runTarget(CommonLaunchHandler.java:111) ~[fmlloader-1.20.1-47.3.7.jar%2369!/:?]
	at net.minecraftforge.fml.loading.targets.CommonLaunchHandler.serverService(CommonLaunchHandler.java:103) ~[fmlloader-1.20.1-47.3.7.jar%2369!/:?]
	at net.minecraftforge.fml.loading.targets.CommonServerLaunchHandler.lambda$makeService$0(CommonServerLaunchHandler.java:27) ~[fmlloader-1.20.1-47.3.7.jar%2369!/:?]
	at cpw.mods.modlauncher.LaunchServiceHandlerDecorator.launch(LaunchServiceHandlerDecorator.java:30) ~[modlauncher-10.0.9.jar%2355!/:?]
	at cpw.mods.modlauncher.LaunchServiceHandler.launch(LaunchServiceHandler.java:53) ~[modlauncher-10.0.9.jar%2355!/:?]
	at cpw.mods.modlauncher.LaunchServiceHandler.launch(LaunchServiceHandler.java:71) ~[modlauncher-10.0.9.jar%2355!/:?]
	at cpw.mods.modlauncher.Launcher.run(Launcher.java:108) ~[modlauncher-10.0.9.jar%2355!/:?]
	at cpw.mods.modlauncher.Launcher.main(Launcher.java:78) ~[modlauncher-10.0.9.jar%2355!/:?]
	at cpw.mods.modlauncher.BootstrapLaunchConsumer.accept(BootstrapLaunchConsumer.java:26) ~[modlauncher-10.0.9.jar%2355!/:?]
	at cpw.mods.modlauncher.BootstrapLaunchConsumer.accept(BootstrapLaunchConsumer.java:23) ~[modlauncher-10.0.9.jar%2355!/:?]
	at cpw.mods.bootstraplauncher.BootstrapLauncher.main(BootstrapLauncher.java:141) ~[bootstraplauncher-1.1.2.jar:?]
[04Apr2025 22:20:19.288] [main/INFO] [com.teamabnormals.blueprint.core.Blueprint/]: Chunk Generator Modification Manager has loaded 3 modifier groups
[04Apr2025 22:20:19.302] [main/WARN] [net.minecraftforge.common.loot.LootModifierManager/]: Could not decode GlobalLootModifier with json id domesticationinnovation:blazing_enchanted_book - error: Not a JSON object: null
[04Apr2025 22:20:19.325] [main/WARN] [rbasamoyai.createbigcannons.CreateBigCannons/]: Missing custom armor properties entry for block copycats:copycat_iron_door
[04Apr2025 22:20:19.326] [main/WARN] [rbasamoyai.createbigcannons.CreateBigCannons/]: Missing custom armor properties entry for block copycats:copycat_door
[04Apr2025 22:20:19.358] [main/INFO] [quark-zeta/]: Modified advancement minecraft:husbandry/wax_on with 2 patches
[04Apr2025 22:20:19.358] [main/INFO] [quark-zeta/]: Modified advancement minecraft:adventure/kill_a_mob with 3 patches
[04Apr2025 22:20:19.359] [main/INFO] [quark-zeta/]: Modified advancement minecraft:husbandry/bred_all_animals with 3 patches
[04Apr2025 22:20:19.359] [main/INFO] [quark-zeta/]: Modified advancement minecraft:adventure/kill_all_mobs with 3 patches
[04Apr2025 22:20:19.360] [main/INFO] [quark-zeta/]: Modified advancement minecraft:husbandry/balanced_diet with 3 patches
[04Apr2025 22:20:19.360] [main/INFO] [quark-zeta/]: Modified advancement minecraft:husbandry/plant_seed with 1 patches
[04Apr2025 22:20:19.361] [main/INFO] [quark-zeta/]: Modified advancement minecraft:nether/all_effects with 2 patches
[04Apr2025 22:20:19.361] [main/INFO] [quark-zeta/]: Modified advancement minecraft:husbandry/wax_off with 2 patches
[04Apr2025 22:20:19.361] [main/INFO] [quark-zeta/]: Modified advancement minecraft:adventure/adventuring_time with 1 patches
[04Apr2025 22:20:19.362] [main/INFO] [quark-zeta/]: Modified advancement minecraft:nether/all_potions with 1 patches
[04Apr2025 22:20:19.370] [main/INFO] [Supplementaries/]: Loaded 27 flute songs
[04Apr2025 22:20:19.382] [main/INFO] [placebo/]: Registered 0 gear_sets.
[04Apr2025 22:20:19.392] [main/WARN] [net.minecraft.core.MappedRegistry/]: Not all defined tags for registry ResourceKey[minecraft:root / minecraft:worldgen/biome] are present in data pack: idas:has_structure/bopmahogany_biomes, idas:has_structure/bopredwood_biomes, idas:has_structure/bygmahogany_biomes, idas:has_structure/bygredwood_biomes, minecraft:is_plains
[04Apr2025 22:20:25.194] [main/INFO] [Moonlight/]: Applied 7 data villager trades
[04Apr2025 22:20:25.284] [main/INFO] [Supplementaries/]: Finished additional setup in 0 ms
[04Apr2025 22:20:25.491] [Server thread/INFO] [net.minecraft.server.dedicated.DedicatedServer/]: Starting minecraft server version 1.20.1
[04Apr2025 22:20:25.492] [Server thread/INFO] [net.minecraft.server.dedicated.DedicatedServer/]: Loading properties
[04Apr2025 22:20:25.492] [Server thread/INFO] [net.minecraft.server.dedicated.DedicatedServer/]: Default game type: SURVIVAL
[04Apr2025 22:20:25.492] [Server thread/INFO] [net.minecraft.server.MinecraftServer/]: Generating keypair
[04Apr2025 22:20:25.604] [Server thread/INFO] [net.minecraft.server.dedicated.DedicatedServer/]: Starting Minecraft server on *:25565
[04Apr2025 22:20:25.626] [Server thread/INFO] [net.minecraft.server.network.ServerConnectionListener/]: Using epoll channel type
[04Apr2025 22:20:25.708] [Server thread/WARN] [net.minecraft.server.dedicated.DedicatedServer/]: **** SERVER IS RUNNING IN OFFLINE/INSECURE MODE!
[04Apr2025 22:20:25.708] [Server thread/WARN] [net.minecraft.server.dedicated.DedicatedServer/]: The server will make no attempt to authenticate usernames. Beware.
[04Apr2025 22:20:25.708] [Server thread/WARN] [net.minecraft.server.dedicated.DedicatedServer/]: While this makes the game possible to play without internet access, it also opens up the ability for hackers to connect with any username they choose.
[04Apr2025 22:20:25.709] [Server thread/WARN] [net.minecraft.server.dedicated.DedicatedServer/]: To change this, set "online-mode" to "true" in the server.properties file.
[04Apr2025 22:20:25.734] [Server thread/INFO] [journeymap/]: Loading JourneyMap Forge Configs
[04Apr2025 22:20:25.736] [Thread-1/INFO] [journeymap/]: Loading JourneyMap Forge Configs
[04Apr2025 22:20:26.001] [Server thread/INFO] [FTB Teams/]: loaded team data: 2 known players, 2 teams total
[04Apr2025 22:20:26.031] [Server thread/INFO] [Framework/]: Loading server configs...
[04Apr2025 22:20:26.100] [Server thread/INFO] [citadel/]: Added to village structure pool
[04Apr2025 22:20:26.100] [Server thread/INFO] [citadel/]: Added to village structure pool
[04Apr2025 22:20:26.100] [Server thread/INFO] [citadel/]: Added to village structure pool
[04Apr2025 22:20:26.101] [Server thread/INFO] [citadel/]: Added to village structure pool
[04Apr2025 22:20:26.101] [Server thread/INFO] [citadel/]: Added to village structure pool
[04Apr2025 22:20:26.112] [Server thread/INFO] [terrablender/]: Initialized TerraBlender biomes for level stem minecraft:the_nether
[04Apr2025 22:20:26.286] [Server thread/INFO] [terrablender/]: Initialized TerraBlender biomes for level stem minecraft:overworld
[04Apr2025 22:20:26.286] [Server thread/INFO] [net.minecraft.server.dedicated.DedicatedServer/]: Preparing level "world"
[04Apr2025 22:20:26.390] [Server thread/WARN] [mixin/]: @Redirect conflict. Skipping securitycraft.mixins.json:camera.ChunkMapMixin->@Redirect::securitycraft$getCameraSectionPos(Lnet/minecraft/server/level/ServerPlayer;)Lnet/minecraft/core/SectionPos; with priority 1100, already redirected by railways-common.mixins.json:conductor_possession.ChunkMapMixin->@Redirect::securitycraft$getCameraSectionPos(Lnet/minecraft/server/level/ServerPlayer;)Lnet/minecraft/core/SectionPos; with priority 1200
[04Apr2025 22:20:36.603] [Server thread/INFO] [net.minecraft.server.MinecraftServer/]: Preparing start region for dimension minecraft:overworld
[04Apr2025 22:20:36.605] [Server thread/INFO] [KubeJS Server/]: Server resource reload complete!
[04Apr2025 22:20:42.368] [Worker-Main-4/INFO] [net.minecraft.server.level.progress.LoggerChunkProgressListener/]: Preparing spawn area: 0%
[04Apr2025 22:20:42.680] [Worker-Main-3/INFO] [net.minecraft.server.level.progress.LoggerChunkProgressListener/]: Preparing spawn area: 0%
[04Apr2025 22:20:42.705] [Worker-Main-3/INFO] [net.minecraft.server.level.progress.LoggerChunkProgressListener/]: Preparing spawn area: 0%
[04Apr2025 22:20:42.750] [Worker-Main-2/INFO] [net.minecraft.server.level.progress.LoggerChunkProgressListener/]: Preparing spawn area: 0%
[04Apr2025 22:20:42.760] [Worker-Main-2/INFO] [net.minecraft.server.level.progress.LoggerChunkProgressListener/]: Preparing spawn area: 0%
[04Apr2025 22:20:42.762] [Worker-Main-3/INFO] [net.minecraft.server.level.progress.LoggerChunkProgressListener/]: Preparing spawn area: 0%
[04Apr2025 22:20:42.769] [Worker-Main-3/INFO] [net.minecraft.server.level.progress.LoggerChunkProgressListener/]: Preparing spawn area: 0%
[04Apr2025 22:20:42.890] [Worker-Main-2/INFO] [net.minecraft.server.level.progress.LoggerChunkProgressListener/]: Preparing spawn area: 0%
[04Apr2025 22:20:42.894] [Worker-Main-2/INFO] [net.minecraft.server.level.progress.LoggerChunkProgressListener/]: Preparing spawn area: 0%
[04Apr2025 22:20:42.900] [Worker-Main-2/INFO] [net.minecraft.server.level.progress.LoggerChunkProgressListener/]: Preparing spawn area: 0%
[04Apr2025 22:20:42.904] [Worker-Main-2/INFO] [net.minecraft.server.level.progress.LoggerChunkProgressListener/]: Preparing spawn area: 0%
[04Apr2025 22:20:42.911] [Worker-Main-4/INFO] [net.minecraft.server.level.progress.LoggerChunkProgressListener/]: Preparing spawn area: 0%
[04Apr2025 22:20:42.915] [Worker-Main-4/INFO] [net.minecraft.server.level.progress.LoggerChunkProgressListener/]: Preparing spawn area: 0%
[04Apr2025 22:20:43.132] [Worker-Main-2/INFO] [net.minecraft.server.level.progress.LoggerChunkProgressListener/]: Preparing spawn area: 0%
[04Apr2025 22:20:43.654] [Worker-Main-2/INFO] [net.minecraft.server.level.progress.LoggerChunkProgressListener/]: Preparing spawn area: 0%
[04Apr2025 22:20:44.187] [Worker-Main-2/INFO] [net.minecraft.server.level.progress.LoggerChunkProgressListener/]: Preparing spawn area: 0%
[04Apr2025 22:20:44.604] [Worker-Main-4/INFO] [net.minecraft.server.level.progress.LoggerChunkProgressListener/]: Preparing spawn area: 1%
[04Apr2025 22:20:45.106] [Worker-Main-3/INFO] [net.minecraft.server.level.progress.LoggerChunkProgressListener/]: Preparing spawn area: 43%
[04Apr2025 22:20:45.709] [Server thread/INFO] [Easy NPC/]: Define custom server-side data for Humanoid['entity.easy_npc.humanoid'/48, l='ServerLevel[world]', x=0.00, y=0.00, z=0.00] ...
[04Apr2025 22:20:45.711] [Server thread/INFO] [Easy NPC/]: Register default handler for Humanoid['entity.easy_npc.humanoid'/48, l='ServerLevel[world]', x=0.00, y=0.00, z=0.00] with variant STEVE ...
[04Apr2025 22:20:45.714] [Server thread/INFO] [Easy NPC/]: Easy NPC Data version 3 for Humanoid['loquito del centro'/48, l='ServerLevel[world]', x=881.50, y=80.00, z=705.50].
[04Apr2025 22:20:45.723] [Server thread/INFO] [Easy NPC/]: Loading trading offers [net.minecraft.world.item.trading.MerchantOffer@4e0759ab] for Humanoid['loquito del centro'/48, l='ServerLevel[world]', x=881.50, y=80.00, z=705.50]
[04Apr2025 22:20:45.789] [Server thread/INFO] [Easy NPC/]: Define custom server-side data for Villager['Default (None)'/82, l='ServerLevel[world]', x=0.00, y=0.00, z=0.00] ...
[04Apr2025 22:20:45.789] [Server thread/INFO] [Easy NPC/]: Register default handler for Villager['Default (None)'/82, l='ServerLevel[world]', x=0.00, y=0.00, z=0.00] with variant DEFAULT ...
[04Apr2025 22:20:45.790] [Server thread/INFO] [Easy NPC/]: Easy NPC Data version 3 for Villager['Barista'/82, l='ServerLevel[world]', x=874.50, y=75.00, z=676.50].
[04Apr2025 22:20:45.791] [Server thread/INFO] [Easy NPC/]: Loading trading offers [net.minecraft.world.item.trading.MerchantOffer@7f78bdbb, net.minecraft.world.item.trading.MerchantOffer@26be0156, net.minecraft.world.item.trading.MerchantOffer@f4ac299, net.minecraft.world.item.trading.MerchantOffer@a21461a, net.minecraft.world.item.trading.MerchantOffer@300ea780, net.minecraft.world.item.trading.MerchantOffer@666ca466, net.minecraft.world.item.trading.MerchantOffer@3febec38, net.minecraft.world.item.trading.MerchantOffer@3f7a6c49, net.minecraft.world.item.trading.MerchantOffer@7a0dee81] for Villager['Barista'/82, l='ServerLevel[world]', x=874.50, y=75.00, z=676.50]
[04Apr2025 22:20:45.791] [Server thread/INFO] [Easy NPC/]: Define custom server-side data for Villager['Default (None)'/83, l='ServerLevel[world]', x=0.00, y=0.00, z=0.00] ...
[04Apr2025 22:20:45.792] [Server thread/INFO] [Easy NPC/]: Register default handler for Villager['Default (None)'/83, l='ServerLevel[world]', x=0.00, y=0.00, z=0.00] with variant DEFAULT ...
[04Apr2025 22:20:45.793] [Server thread/INFO] [Easy NPC/]: Easy NPC Data version 3 for Villager['Barista'/83, l='ServerLevel[world]', x=866.50, y=75.00, z=676.50].
[04Apr2025 22:20:45.793] [Server thread/INFO] [Easy NPC/]: Loading trading offers [net.minecraft.world.item.trading.MerchantOffer@6d36791d, net.minecraft.world.item.trading.MerchantOffer@361af27c, net.minecraft.world.item.trading.MerchantOffer@81e2902, net.minecraft.world.item.trading.MerchantOffer@58cac5c4, net.minecraft.world.item.trading.MerchantOffer@66ab151, net.minecraft.world.item.trading.MerchantOffer@67023af2, net.minecraft.world.item.trading.MerchantOffer@1e2d5929, net.minecraft.world.item.trading.MerchantOffer@10475bcd, net.minecraft.world.item.trading.MerchantOffer@437490ad] for Villager['Barista'/83, l='ServerLevel[world]', x=866.50, y=75.00, z=676.50]
[04Apr2025 22:20:45.826] [Server thread/INFO] [net.minecraft.server.level.progress.LoggerChunkProgressListener/]: Time elapsed: 9223 ms
[04Apr2025 22:20:45.826] [Server thread/INFO] [net.minecraft.server.dedicated.DedicatedServer/]: Done (20.105s)! For help, type "help"
[04Apr2025 22:20:45.912] [Server thread/INFO] [net.minecraftforge.server.permission.PermissionAPI/]: Successfully initialized permission handler forge:default_handler
[04Apr2025 22:20:45.916] [Server thread/INFO] [DragonLib/]: Starting DragonLib Network Manager (Server) worker thread...
[04Apr2025 22:20:45.917] [DragonLib Network Manager (Server)/INFO] [DragonLib/]: DragonLib Network Manager (Server) worker thread has been started.
[04Apr2025 22:20:45.922] [Server thread/INFO] [Easy NPC/]: 🗣 Register Easy NPC Server is starting Events ...
[04Apr2025 22:20:45.923] [Server thread/INFO] [Easy NPC/]: 🗣 Register Easy NPC Server data folders ...
[04Apr2025 22:20:45.923] [Server thread/INFO] [Easy NPC/]: 🗣 Register Easy NPC Pose data folders ...
[04Apr2025 22:20:45.924] [Server thread/INFO] [Easy NPC/]: 🗣 Register Easy NPC custom pose data ...
[04Apr2025 22:20:45.933] [Server thread/WARN] [Easy NPC/]: Skin model pose file /workspaces/solid-invention/servidor_minecraft/config/easy_npc/pose/humanoid_slim/humanoid_slim_poses.json already exists, skipping copy!
[04Apr2025 22:20:45.947] [Server thread/INFO] [Easy NPC/]: 🗣 Register Easy NPC custom poses from /workspaces/solid-invention/servidor_minecraft/config/easy_npc/pose ...
[04Apr2025 22:20:45.949] [Server thread/INFO] [Easy NPC/]: Found custom pose file /workspaces/solid-invention/servidor_minecraft/config/easy_npc/pose/humanoid_slim/humanoid_slim_poses.json ...
[04Apr2025 22:20:45.954] [Server thread/INFO] [Easy NPC/]: [Pose Manager] Registering pose data easy_npc:pose/humanoid_slim/crouching with Animation{name='Crouching', loop='hold_on_last_frame', animation_length=null, bones={Head=Bone{position=[0.0, -4.2, 0.0], rotation=[-7.5, 0.0, 0.0], scale=null, keyframePosition=null, keyframeRotation=null}, Body=Bone{position=[0.0, -3.2, 0.0], rotation=[20.0, 0.0, 0.0], scale=null, keyframePosition=null, keyframeRotation=null}, RightArm=Bone{position=[0.0, -3.2, 1.0], rotation=[40.0, 0.0, 0.0], scale=null, keyframePosition=null, keyframeRotation=null}, LeftArm=Bone{position=[0.0, -3.2, 1.0], rotation=[40.0, 0.0, 0.0], scale=null, keyframePosition=null, keyframeRotation=null}, RightLeg=Bone{position=[0.0, 0.0, 4.0], rotation=[-25.0, 0.0, 0.0], scale=null, keyframePosition=null, keyframeRotation=null}, LeftLeg=Bone{position=[0.0, 0.0, 3.0], rotation=[-10.0, 0.0, 0.0], scale=null, keyframePosition=null, keyframeRotation=null}}}
[04Apr2025 22:20:45.954] [Server thread/INFO] [Easy NPC/]: [Pose Manager] Registering pose data easy_npc:pose/humanoid_slim/standing with Animation{name='Standing', loop='hold_on_last_frame', animation_length=null, bones={Head=Bone{position=[0.0, 0.0, 0.0], rotation=[0.0, 0.0, 0.0], scale=null, keyframePosition=null, keyframeRotation=null}, Body=Bone{position=[0.0, 0.0, 0.0], rotation=[0.0, 0.0, 0.0], scale=null, keyframePosition=null, keyframeRotation=null}, RightArm=Bone{position=[0.0, 0.0, 0.0], rotation=[0.0, 0.0, 0.0], scale=null, keyframePosition=null, keyframeRotation=null}, LeftArm=Bone{position=[0.0, 0.0, 0.0], rotation=[0.0, 0.0, 0.0], scale=null, keyframePosition=null, keyframeRotation=null}, RightLeg=Bone{position=[0.0, 0.0, 0.0], rotation=[0.0, 0.0, 0.0], scale=null, keyframePosition=null, keyframeRotation=null}, LeftLeg=Bone{position=[0.0, 0.0, 0.0], rotation=[0.0, 0.0, 0.0], scale=null, keyframePosition=null, keyframeRotation=null}}}
[04Apr2025 22:20:45.954] [Server thread/INFO] [Easy NPC/]: [Pose Manager] Registering pose data easy_npc:pose/humanoid_slim/sitting with Animation{name='Sitting', loop='hold_on_last_frame', animation_length=null, bones={Head=Bone{position=[0.0, -10.5, 0.0], rotation=[0.0, 0.0, -2.5], scale=null, keyframePosition=null, keyframeRotation=null}, Body=Bone{position=[0.0, -10.5, 0.0], rotation=null, scale=null, keyframePosition=null, keyframeRotation=null}, RightArm=Bone{position=[0.0, -10.5, 0.0], rotation=[-35.0, 0.0, 0.0], scale=null, keyframePosition=null, keyframeRotation=null}, LeftArm=Bone{position=[0.0, -10.5, 0.0], rotation=[-35.0, 0.0, 0.0], scale=null, keyframePosition=null, keyframeRotation=null}, RightLeg=Bone{position=[0.0, -10.0, 0.0], rotation=[-90.0, 15.0, 0.0], scale=null, keyframePosition=null, keyframeRotation=null}, LeftLeg=Bone{position=[0.0, -10.0, 0.0], rotation=[-90.0, -10.5, 0.0], scale=null, keyframePosition=null, keyframeRotation=null}}}
[04Apr2025 22:20:45.955] [Server thread/INFO] [Easy NPC/]: [Pose Manager] Registering pose data easy_npc:pose/humanoid_slim/chilling with Animation{name='Chilling', loop='hold_on_last_frame', animation_length=null, bones={Head=Bone{position=[0.0, -12.5, 2.0], rotation=[-2.5, 0.0, 2.5], scale=null, keyframePosition=null, keyframeRotation=null}, Body=Bone{position=[0.0, -12.25, 3.0], rotation=[-20.0, 0.0, 0.0], scale=null, keyframePosition=null, keyframeRotation=null}, RightArm=Bone{position=[0.0, -12.5, 2.0], rotation=[17.5, 0.0, 0.0], scale=null, keyframePosition=null, keyframeRotation=null}, LeftArm=Bone{position=[0.0, -12.5, 2.0], rotation=[20.0, 0.0, 0.0], scale=null, keyframePosition=null, keyframeRotation=null}, RightLeg=Bone{position=[0.0, -10.0, 0.0], rotation=[-90.0, 15.0, -5.0], scale=null, keyframePosition=null, keyframeRotation=null}, LeftLeg=Bone{position=[0.0, -10.0, 0.75], rotation=[-90.0, -10.5, 5.0], scale=null, keyframePosition=null, keyframeRotation=null}}}
[04Apr2025 22:20:45.955] [Server thread/INFO] [Easy NPC/]: [Pose Manager] Registering pose data easy_npc:pose/humanoid_slim/rest with Animation{name='Rest', loop='hold_on_last_frame', animation_length=null, bones={Head=Bone{position=[0.0, -12.0, 0.0], rotation=[5.0, 0.0, 5.0], scale=null, keyframePosition=null, keyframeRotation=null}, Body=Bone{position=[0.0, -12.0, 0.0], rotation=[0.0, 0.0, 2.5], scale=null, keyframePosition=null, keyframeRotation=null}, RightArm=Bone{position=[-1.0, -11.0, 0.0], rotation=[-75.0, -30.0, 0.0], scale=null, keyframePosition=null, keyframeRotation=null}, LeftArm=Bone{position=[0.0, -12.0, 0.0], rotation=[-52.5, -5.0, 0.0], scale=null, keyframePosition=null, keyframeRotation=null}, RightLeg=Bone{position=[-3.0, -2.0, -2.0], rotation=[-32.5, -20.0, 0.0], scale=null, keyframePosition=null, keyframeRotation=null}, LeftLeg=Bone{position=[6.75, -10.0, 0.0], rotation=[-90.0, 40.0, 0.0], scale=null, keyframePosition=null, keyframeRotation=null}}}
[04Apr2025 22:20:45.956] [Server thread/INFO] [Easy NPC/]: 🗣 Register Easy NPC Backup data folders ...
[04Apr2025 22:20:46.002] [Advanced Display Data Manager/INFO] [de.mrjulsen.crn.CreateRailwaysNavigator/]: Advanced Display Data Manager has been started.
[04Apr2025 22:20:46.011] [Server thread/INFO] [FTB Ranks/]: Loaded 4 ranks
[04Apr2025 22:20:46.011] [Server thread/INFO] [FTB Quests/]: Loading quests from /workspaces/solid-invention/servidor_minecraft/config/ftbquests/quests
[04Apr2025 22:20:46.028] [CRN Train Listener Launcher/INFO] [de.mrjulsen.crn.CreateRailwaysNavigator/]: Train listener has been started.
[04Apr2025 22:20:46.095] [Server thread/INFO] [FTB Quests/]: Loaded 4 chapter groups, 19 chapters, 212 quests, 7 reward tables
[04Apr2025 22:20:46.114] [Server thread/INFO] [com.cupboard.Cupboard/]: Loaded config for: dragonfight.json
[04Apr2025 22:20:46.196] [Server thread/INFO] [net.bettercombat.logic.WeaponRegistry/]: Encoded Weapon Attribute registry size (with package overhead): 117820 bytes (in 12 string chunks with the size of 10000)
[04Apr2025 22:20:46.267] [Server thread/WARN] [net.minecraft.network.syncher.SynchedEntityData/]: defineId called for: class net.minecraft.world.entity.player.Player from class tschipp.carryon.common.carry.CarryOnDataManager
[04Apr2025 22:20:46.417] [Server thread/INFO] [com.yellowbrossproductions.illageandspillage.IllageAndSpillage/]: Removed entity.illageandspillage.boss_randomizer from Raids to prevent a post-mod-removal crash
[04Apr2025 22:20:46.419] [Server thread/INFO] [com.yellowbrossproductions.illageandspillage.IllageAndSpillage/]: Removed entity.illageandspillage.igniter from Raids to prevent a post-mod-removal crash
[04Apr2025 22:20:46.419] [Server thread/INFO] [com.yellowbrossproductions.illageandspillage.IllageAndSpillage/]: Removed entity.illageandspillage.engineer from Raids to prevent a post-mod-removal crash
[04Apr2025 22:20:46.420] [Server thread/INFO] [com.yellowbrossproductions.illageandspillage.IllageAndSpillage/]: Removed entity.illageandspillage.twittollager from Raids to prevent a post-mod-removal crash
[04Apr2025 22:20:46.420] [Server thread/INFO] [com.yellowbrossproductions.illageandspillage.IllageAndSpillage/]: Removed entity.illageandspillage.magispeller from Raids to prevent a post-mod-removal crash
[04Apr2025 22:20:46.421] [Server thread/INFO] [com.yellowbrossproductions.illageandspillage.IllageAndSpillage/]: Removed entity.illageandspillage.spiritcaller from Raids to prevent a post-mod-removal crash
[04Apr2025 22:20:46.421] [Server thread/INFO] [com.yellowbrossproductions.illageandspillage.IllageAndSpillage/]: Removed entity.illageandspillage.crocofang from Raids to prevent a post-mod-removal crash
[04Apr2025 22:20:46.422] [Server thread/INFO] [com.yellowbrossproductions.illageandspillage.IllageAndSpillage/]: Removed entity.illageandspillage.absorber from Raids to prevent a post-mod-removal crash
[04Apr2025 22:20:46.423] [Server thread/INFO] [com.yellowbrossproductions.illageandspillage.IllageAndSpillage/]: Removed entity.illageandspillage.preserver from Raids to prevent a post-mod-removal crash
[04Apr2025 22:20:46.424] [Server thread/INFO] [com.yellowbrossproductions.illageandspillage.IllageAndSpillage/]: Removed entity.illageandspillage.freakager from Raids to prevent a post-mod-removal crash
[04Apr2025 22:20:46.426] [Server thread/INFO] [com.yellowbrossproductions.illageandspillage.IllageAndSpillage/]: Removed entity.illageandspillage.old_freakager from Raids to prevent a post-mod-removal crash
[04Apr2025 22:20:46.426] [Server thread/INFO] [com.yellowbrossproductions.illageandspillage.IllageAndSpillage/]: Removed entity.illageandspillage.old_magispeller from Raids to prevent a post-mod-removal crash
[04Apr2025 22:20:46.438] [Server thread/INFO] [patchouli/]: Sending reload packet to clients
[04Apr2025 22:20:46.461] [Server thread/WARN] [voicechat/]: [voicechat] Running in offline mode - Voice chat encryption is not secure!
[04Apr2025 22:20:46.493] [VoiceChatServerThread/ERROR] [voicechat/]: [voicechat] Failed to bind to address '135.237.130.224', binding to wildcard IP instead
[04Apr2025 22:20:46.493] [VoiceChatServerThread/INFO] [voicechat/]: [voicechat] Voice chat server started at 135.237.130.224:25565
[04Apr2025 22:20:48.630] [Server thread/WARN] [net.minecraft.server.MinecraftServer/]: Can't keep up! Is the server overloaded? Running 2035ms or 40 ticks behind
[04Apr2025 22:21:03.292] [Server thread/INFO] [Easy NPC/]: Define custom server-side data for Allay['Allay'/120, l='ServerLevel[world]', x=0.00, y=0.00, z=0.00] ...
[04Apr2025 22:21:03.293] [Server thread/INFO] [Easy NPC/]: Register default handler for Allay['Allay'/120, l='ServerLevel[world]', x=0.00, y=0.00, z=0.00] with variant DEFAULT ...
[04Apr2025 22:21:03.293] [Server thread/INFO] [Easy NPC/]: Easy NPC Data version 3 for Allay['Papu Secreto'/120, l='ServerLevel[world]', x=874.50, y=74.00, z=662.50].
[04Apr2025 22:21:03.294] [Server thread/INFO] [Easy NPC/]: Define custom server-side data for Allay['Allay'/121, l='ServerLevel[world]', x=0.00, y=0.00, z=0.00] ...
[04Apr2025 22:21:03.295] [Server thread/INFO] [Easy NPC/]: Register default handler for Allay['Allay'/121, l='ServerLevel[world]', x=0.00, y=0.00, z=0.00] with variant DEFAULT ...
[04Apr2025 22:21:03.296] [Server thread/INFO] [Easy NPC/]: Easy NPC Data version 3 for Allay['Papu Secreto'/121, l='ServerLevel[world]', x=873.50, y=74.00, z=662.50].
[04Apr2025 22:21:03.296] [Server thread/INFO] [Easy NPC/]: Define custom server-side data for Allay['Allay'/122, l='ServerLevel[world]', x=0.00, y=0.00, z=0.00] ...
[04Apr2025 22:21:03.297] [Server thread/INFO] [Easy NPC/]: Register default handler for Allay['Allay'/122, l='ServerLevel[world]', x=0.00, y=0.00, z=0.00] with variant DEFAULT ...
[04Apr2025 22:21:03.297] [Server thread/INFO] [Easy NPC/]: Easy NPC Data version 3 for Allay['Papu Secreto'/122, l='ServerLevel[world]', x=872.50, y=74.00, z=662.50].
[04Apr2025 22:21:03.298] [Server thread/INFO] [Easy NPC/]: Define custom server-side data for Allay['Allay'/123, l='ServerLevel[world]', x=0.00, y=0.00, z=0.00] ...
[04Apr2025 22:21:03.299] [Server thread/INFO] [Easy NPC/]: Register default handler for Allay['Allay'/123, l='ServerLevel[world]', x=0.00, y=0.00, z=0.00] with variant DEFAULT ...
[04Apr2025 22:21:03.300] [Server thread/INFO] [Easy NPC/]: Easy NPC Data version 3 for Allay['Papu Secreto'/123, l='ServerLevel[world]', x=871.50, y=74.00, z=664.50].
[04Apr2025 22:22:13.102] [Server thread/INFO] [net.minecraft.server.network.ServerLoginPacketListenerImpl/]: com.mojang.authlib.GameProfile@7fbc7d7e[id=<null>,name=ElPerejil24,properties={},legacy=false] (/127.123.134.5:37345) lost connection: Disconnected
[04Apr2025 22:22:24.296] [Server thread/INFO] [net.minecraft.server.players.PlayerList/]: ElPerejil24[/127.123.134.5:44541] logged in with entity id 132 at (806.5, 172.9084845706803, 1113.5)
[04Apr2025 22:22:24.550] [Server thread/INFO] [net.minecraft.server.MinecraftServer/]: [PAPU SUPREMO] ElPerejil24 joined the game
[04Apr2025 22:22:25.099] [Server thread/INFO] [voicechat/]: [voicechat] Received secret request of ElPerejil24 (18)
[04Apr2025 22:22:25.103] [Server thread/INFO] [voicechat/]: [voicechat] Sent secret to ElPerejil24
[04Apr2025 22:22:25.106] [Server thread/INFO] [com.alrex.parcool.ParCool/]: Limitation of 9b62ed79-c86d-3066-8f98-8bbb6e55216d was loaded
[04Apr2025 22:22:34.851] [Server thread/WARN] [net.minecraft.server.MinecraftServer/]: Can't keep up! Is the server overloaded? Running 10556ms or 211 ticks behind
[04Apr2025 22:23:16.847] [Server thread/INFO] [net.minecraft.server.MinecraftServer/]: [[PAPU SUPREMO] ElPerejil24: Set own game mode to Creative Mode]
[04Apr2025 22:23:23.344] [Server thread/INFO] [net.minecraft.server.MinecraftServer/]: [[PAPU SUPREMO] ElPerejil24: Set own game mode to Survival Mode]
[04Apr2025 22:24:01.633] [Server thread/INFO] [net.minecraft.server.MinecraftServer/]: [[PAPU SUPREMO] ElPerejil24: Set own game mode to Spectator Mode]
[04Apr2025 22:24:04.268] [Server thread/INFO] [net.minecraft.server.MinecraftServer/]: [[PAPU SUPREMO] ElPerejil24: Set own game mode to Survival Mode]
[04Apr2025 22:24:10.134] [Server thread/INFO] [net.minecraft.server.MinecraftServer/]: [[PAPU SUPREMO] ElPerejil24: Set own game mode to Creative Mode]
[04Apr2025 22:26:33.263] [Server thread/INFO] [net.minecraft.server.network.ServerGamePacketListenerImpl/]: ElPerejil24 lost connection: Disconnected
[04Apr2025 22:26:33.264] [Server thread/INFO] [net.minecraft.server.MinecraftServer/]: [PAPU SUPREMO] ElPerejil24 left the game
[04Apr2025 22:26:33.267] [Server thread/INFO] [com.alrex.parcool.ParCool/]: Limitation of 9b62ed79-c86d-3066-8f98-8bbb6e55216d was unloaded
[04Apr2025 22:26:33.269] [Server thread/INFO] [voicechat/]: [voicechat] Disconnecting client ElPerejil24
[04Apr2025 22:26:40.695] [Server thread/INFO] [de.mrjulsen.crn.CreateRailwaysNavigator/]: Stopping train listener...
[04Apr2025 22:26:40.695] [Server thread/INFO] [de.mrjulsen.crn.CreateRailwaysNavigator/]: Stopping Advanced Display Data Manager...
[04Apr2025 22:26:40.695] [Server thread/INFO] [de.mrjulsen.crn.CreateRailwaysNavigator/]: All events have been closed.
[04Apr2025 22:26:40.699] [Server thread/INFO] [com.yellowbrossproductions.illageandspillage.IllageAndSpillage/]: Removed entity.illageandspillage.boss_randomizer from Raids to prevent a post-mod-removal crash
[04Apr2025 22:26:40.699] [Server thread/INFO] [com.yellowbrossproductions.illageandspillage.IllageAndSpillage/]: Removed entity.illageandspillage.igniter from Raids to prevent a post-mod-removal crash
[04Apr2025 22:26:40.699] [Server thread/INFO] [com.yellowbrossproductions.illageandspillage.IllageAndSpillage/]: Removed entity.illageandspillage.engineer from Raids to prevent a post-mod-removal crash
[04Apr2025 22:26:40.699] [Server thread/INFO] [com.yellowbrossproductions.illageandspillage.IllageAndSpillage/]: Removed entity.illageandspillage.twittollager from Raids to prevent a post-mod-removal crash
[04Apr2025 22:26:40.700] [Server thread/INFO] [com.yellowbrossproductions.illageandspillage.IllageAndSpillage/]: Removed entity.illageandspillage.magispeller from Raids to prevent a post-mod-removal crash
[04Apr2025 22:26:40.700] [Server thread/INFO] [com.yellowbrossproductions.illageandspillage.IllageAndSpillage/]: Removed entity.illageandspillage.spiritcaller from Raids to prevent a post-mod-removal crash
[04Apr2025 22:26:40.700] [Server thread/INFO] [com.yellowbrossproductions.illageandspillage.IllageAndSpillage/]: Removed entity.illageandspillage.crocofang from Raids to prevent a post-mod-removal crash
[04Apr2025 22:26:40.700] [Server thread/INFO] [com.yellowbrossproductions.illageandspillage.IllageAndSpillage/]: Removed entity.illageandspillage.absorber from Raids to prevent a post-mod-removal crash
[04Apr2025 22:26:40.700] [Server thread/INFO] [com.yellowbrossproductions.illageandspillage.IllageAndSpillage/]: Removed entity.illageandspillage.preserver from Raids to prevent a post-mod-removal crash
[04Apr2025 22:26:40.700] [Server thread/INFO] [com.yellowbrossproductions.illageandspillage.IllageAndSpillage/]: Removed entity.illageandspillage.freakager from Raids to prevent a post-mod-removal crash
[04Apr2025 22:26:40.700] [Server thread/INFO] [com.yellowbrossproductions.illageandspillage.IllageAndSpillage/]: Removed entity.illageandspillage.old_freakager from Raids to prevent a post-mod-removal crash
[04Apr2025 22:26:40.700] [Server thread/INFO] [com.yellowbrossproductions.illageandspillage.IllageAndSpillage/]: Removed entity.illageandspillage.old_magispeller from Raids to prevent a post-mod-removal crash
[04Apr2025 22:26:40.703] [Server thread/INFO] [net.minecraft.server.MinecraftServer/]: Stopping server
[04Apr2025 22:26:40.703] [Server thread/INFO] [net.minecraft.server.MinecraftServer/]: Saving players
[04Apr2025 22:26:40.703] [Server thread/INFO] [net.minecraft.server.MinecraftServer/]: Saving worlds
[04Apr2025 22:26:40.766] [Server thread/INFO] [net.minecraft.server.MinecraftServer/]: Saving chunks for level 'ServerLevel[world]'/minecraft:overworld
[04Apr2025 22:26:40.896] [Server thread/INFO] [net.minecraft.server.MinecraftServer/]: Saving chunks for level 'ServerLevel[world]'/papucraft:papu_dimension_alterna
[04Apr2025 22:26:40.897] [Server thread/INFO] [net.minecraft.server.MinecraftServer/]: Saving chunks for level 'ServerLevel[world]'/minecraft:the_end
[04Apr2025 22:26:40.898] [Server thread/INFO] [net.minecraft.server.MinecraftServer/]: Saving chunks for level 'ServerLevel[world]'/the_bumblezone:the_bumblezone
[04Apr2025 22:26:40.898] [Server thread/INFO] [net.minecraft.server.MinecraftServer/]: Saving chunks for level 'ServerLevel[world]'/minecraft:the_nether
[04Apr2025 22:26:40.961] [Server thread/INFO] [net.minecraft.server.MinecraftServer/]: ThreadedAnvilChunkStorage (world): All chunks are saved
[04Apr2025 22:26:40.961] [Server thread/INFO] [net.minecraft.server.MinecraftServer/]: ThreadedAnvilChunkStorage (papu_dimension_alterna): All chunks are saved
[04Apr2025 22:26:40.961] [Server thread/INFO] [net.minecraft.server.MinecraftServer/]: ThreadedAnvilChunkStorage (DIM1): All chunks are saved
[04Apr2025 22:26:40.961] [Server thread/INFO] [net.minecraft.server.MinecraftServer/]: ThreadedAnvilChunkStorage (the_bumblezone): All chunks are saved
[04Apr2025 22:26:40.961] [Server thread/INFO] [net.minecraft.server.MinecraftServer/]: ThreadedAnvilChunkStorage (DIM-1): All chunks are saved
[04Apr2025 22:26:40.961] [Server thread/INFO] [net.minecraft.server.MinecraftServer/]: ThreadedAnvilChunkStorage: All dimensions are saved
[04Apr2025 22:26:41.007] [Server thread/INFO] [com.yellowbrossproductions.illageandspillage.IllageAndSpillage/]: Removed entity.illageandspillage.boss_randomizer from Raids to prevent a post-mod-removal crash
[04Apr2025 22:26:41.007] [Server thread/INFO] [com.yellowbrossproductions.illageandspillage.IllageAndSpillage/]: Removed entity.illageandspillage.igniter from Raids to prevent a post-mod-removal crash
[04Apr2025 22:26:41.007] [Server thread/INFO] [com.yellowbrossproductions.illageandspillage.IllageAndSpillage/]: Removed entity.illageandspillage.engineer from Raids to prevent a post-mod-removal crash
[04Apr2025 22:26:41.007] [Server thread/INFO] [com.yellowbrossproductions.illageandspillage.IllageAndSpillage/]: Removed entity.illageandspillage.twittollager from Raids to prevent a post-mod-removal crash
[04Apr2025 22:26:41.007] [Server thread/INFO] [com.yellowbrossproductions.illageandspillage.IllageAndSpillage/]: Removed entity.illageandspillage.magispeller from Raids to prevent a post-mod-removal crash
[04Apr2025 22:26:41.008] [Server thread/INFO] [com.yellowbrossproductions.illageandspillage.IllageAndSpillage/]: Removed entity.illageandspillage.spiritcaller from Raids to prevent a post-mod-removal crash
[04Apr2025 22:26:41.008] [Server thread/INFO] [com.yellowbrossproductions.illageandspillage.IllageAndSpillage/]: Removed entity.illageandspillage.crocofang from Raids to prevent a post-mod-removal crash
[04Apr2025 22:26:41.008] [Server thread/INFO] [com.yellowbrossproductions.illageandspillage.IllageAndSpillage/]: Removed entity.illageandspillage.absorber from Raids to prevent a post-mod-removal crash
[04Apr2025 22:26:41.008] [Server thread/INFO] [com.yellowbrossproductions.illageandspillage.IllageAndSpillage/]: Removed entity.illageandspillage.preserver from Raids to prevent a post-mod-removal crash
[04Apr2025 22:26:41.008] [Server thread/INFO] [com.yellowbrossproductions.illageandspillage.IllageAndSpillage/]: Removed entity.illageandspillage.freakager from Raids to prevent a post-mod-removal crash
[04Apr2025 22:26:41.008] [Server thread/INFO] [com.yellowbrossproductions.illageandspillage.IllageAndSpillage/]: Removed entity.illageandspillage.old_freakager from Raids to prevent a post-mod-removal crash
[04Apr2025 22:26:41.008] [Server thread/INFO] [com.yellowbrossproductions.illageandspillage.IllageAndSpillage/]: Removed entity.illageandspillage.old_magispeller from Raids to prevent a post-mod-removal crash
[04Apr2025 22:26:41.012] [Server thread/INFO] [com.yellowbrossproductions.illageandspillage.IllageAndSpillage/]: Removed entity.illageandspillage.boss_randomizer from Raids to prevent a post-mod-removal crash
[04Apr2025 22:26:41.012] [Server thread/INFO] [com.yellowbrossproductions.illageandspillage.IllageAndSpillage/]: Removed entity.illageandspillage.igniter from Raids to prevent a post-mod-removal crash
[04Apr2025 22:26:41.012] [Server thread/INFO] [com.yellowbrossproductions.illageandspillage.IllageAndSpillage/]: Removed entity.illageandspillage.engineer from Raids to prevent a post-mod-removal crash
[04Apr2025 22:26:41.012] [Server thread/INFO] [com.yellowbrossproductions.illageandspillage.IllageAndSpillage/]: Removed entity.illageandspillage.twittollager from Raids to prevent a post-mod-removal crash
[04Apr2025 22:26:41.012] [Server thread/INFO] [com.yellowbrossproductions.illageandspillage.IllageAndSpillage/]: Removed entity.illageandspillage.magispeller from Raids to prevent a post-mod-removal crash
[04Apr2025 22:26:41.012] [Server thread/INFO] [com.yellowbrossproductions.illageandspillage.IllageAndSpillage/]: Removed entity.illageandspillage.spiritcaller from Raids to prevent a post-mod-removal crash
[04Apr2025 22:26:41.012] [Server thread/INFO] [com.yellowbrossproductions.illageandspillage.IllageAndSpillage/]: Removed entity.illageandspillage.crocofang from Raids to prevent a post-mod-removal crash
[04Apr2025 22:26:41.012] [Server thread/INFO] [com.yellowbrossproductions.illageandspillage.IllageAndSpillage/]: Removed entity.illageandspillage.absorber from Raids to prevent a post-mod-removal crash
[04Apr2025 22:26:41.012] [Server thread/INFO] [com.yellowbrossproductions.illageandspillage.IllageAndSpillage/]: Removed entity.illageandspillage.preserver from Raids to prevent a post-mod-removal crash
[04Apr2025 22:26:41.012] [Server thread/INFO] [com.yellowbrossproductions.illageandspillage.IllageAndSpillage/]: Removed entity.illageandspillage.freakager from Raids to prevent a post-mod-removal crash
[04Apr2025 22:26:41.012] [Server thread/INFO] [com.yellowbrossproductions.illageandspillage.IllageAndSpillage/]: Removed entity.illageandspillage.old_freakager from Raids to prevent a post-mod-removal crash
[04Apr2025 22:26:41.012] [Server thread/INFO] [com.yellowbrossproductions.illageandspillage.IllageAndSpillage/]: Removed entity.illageandspillage.old_magispeller from Raids to prevent a post-mod-removal crash
[04Apr2025 22:26:41.013] [Server thread/INFO] [com.yellowbrossproductions.illageandspillage.IllageAndSpillage/]: Removed entity.illageandspillage.boss_randomizer from Raids to prevent a post-mod-removal crash
[04Apr2025 22:26:41.013] [Server thread/INFO] [com.yellowbrossproductions.illageandspillage.IllageAndSpillage/]: Removed entity.illageandspillage.igniter from Raids to prevent a post-mod-removal crash
[04Apr2025 22:26:41.013] [Server thread/INFO] [com.yellowbrossproductions.illageandspillage.IllageAndSpillage/]: Removed entity.illageandspillage.engineer from Raids to prevent a post-mod-removal crash
[04Apr2025 22:26:41.013] [Server thread/INFO] [com.yellowbrossproductions.illageandspillage.IllageAndSpillage/]: Removed entity.illageandspillage.twittollager from Raids to prevent a post-mod-removal crash
[04Apr2025 22:26:41.013] [Server thread/INFO] [com.yellowbrossproductions.illageandspillage.IllageAndSpillage/]: Removed entity.illageandspillage.magispeller from Raids to prevent a post-mod-removal crash
[04Apr2025 22:26:41.013] [Server thread/INFO] [com.yellowbrossproductions.illageandspillage.IllageAndSpillage/]: Removed entity.illageandspillage.spiritcaller from Raids to prevent a post-mod-removal crash
[04Apr2025 22:26:41.013] [Server thread/INFO] [com.yellowbrossproductions.illageandspillage.IllageAndSpillage/]: Removed entity.illageandspillage.crocofang from Raids to prevent a post-mod-removal crash
[04Apr2025 22:26:41.013] [Server thread/INFO] [com.yellowbrossproductions.illageandspillage.IllageAndSpillage/]: Removed entity.illageandspillage.absorber from Raids to prevent a post-mod-removal crash
[04Apr2025 22:26:41.013] [Server thread/INFO] [com.yellowbrossproductions.illageandspillage.IllageAndSpillage/]: Removed entity.illageandspillage.preserver from Raids to prevent a post-mod-removal crash
[04Apr2025 22:26:41.013] [Server thread/INFO] [com.yellowbrossproductions.illageandspillage.IllageAndSpillage/]: Removed entity.illageandspillage.freakager from Raids to prevent a post-mod-removal crash
[04Apr2025 22:26:41.013] [Server thread/INFO] [com.yellowbrossproductions.illageandspillage.IllageAndSpillage/]: Removed entity.illageandspillage.old_freakager from Raids to prevent a post-mod-removal crash
[04Apr2025 22:26:41.013] [Server thread/INFO] [com.yellowbrossproductions.illageandspillage.IllageAndSpillage/]: Removed entity.illageandspillage.old_magispeller from Raids to prevent a post-mod-removal crash
[04Apr2025 22:26:41.014] [Server thread/INFO] [com.yellowbrossproductions.illageandspillage.IllageAndSpillage/]: Removed entity.illageandspillage.boss_randomizer from Raids to prevent a post-mod-removal crash
[04Apr2025 22:26:41.014] [Server thread/INFO] [com.yellowbrossproductions.illageandspillage.IllageAndSpillage/]: Removed entity.illageandspillage.igniter from Raids to prevent a post-mod-removal crash
[04Apr2025 22:26:41.014] [Server thread/INFO] [com.yellowbrossproductions.illageandspillage.IllageAndSpillage/]: Removed entity.illageandspillage.engineer from Raids to prevent a post-mod-removal crash
[04Apr2025 22:26:41.014] [Server thread/INFO] [com.yellowbrossproductions.illageandspillage.IllageAndSpillage/]: Removed entity.illageandspillage.twittollager from Raids to prevent a post-mod-removal crash
[04Apr2025 22:26:41.014] [Server thread/INFO] [com.yellowbrossproductions.illageandspillage.IllageAndSpillage/]: Removed entity.illageandspillage.magispeller from Raids to prevent a post-mod-removal crash
[04Apr2025 22:26:41.014] [Server thread/INFO] [com.yellowbrossproductions.illageandspillage.IllageAndSpillage/]: Removed entity.illageandspillage.spiritcaller from Raids to prevent a post-mod-removal crash
[04Apr2025 22:26:41.014] [Server thread/INFO] [com.yellowbrossproductions.illageandspillage.IllageAndSpillage/]: Removed entity.illageandspillage.crocofang from Raids to prevent a post-mod-removal crash
[04Apr2025 22:26:41.014] [Server thread/INFO] [com.yellowbrossproductions.illageandspillage.IllageAndSpillage/]: Removed entity.illageandspillage.absorber from Raids to prevent a post-mod-removal crash
[04Apr2025 22:26:41.014] [Server thread/INFO] [com.yellowbrossproductions.illageandspillage.IllageAndSpillage/]: Removed entity.illageandspillage.preserver from Raids to prevent a post-mod-removal crash
[04Apr2025 22:26:41.014] [Server thread/INFO] [com.yellowbrossproductions.illageandspillage.IllageAndSpillage/]: Removed entity.illageandspillage.freakager from Raids to prevent a post-mod-removal crash
[04Apr2025 22:26:41.014] [Server thread/INFO] [com.yellowbrossproductions.illageandspillage.IllageAndSpillage/]: Removed entity.illageandspillage.old_freakager from Raids to prevent a post-mod-removal crash
[04Apr2025 22:26:41.014] [Server thread/INFO] [com.yellowbrossproductions.illageandspillage.IllageAndSpillage/]: Removed entity.illageandspillage.old_magispeller from Raids to prevent a post-mod-removal crash
[04Apr2025 22:26:41.015] [Server thread/INFO] [com.yellowbrossproductions.illageandspillage.IllageAndSpillage/]: Removed entity.illageandspillage.boss_randomizer from Raids to prevent a post-mod-removal crash
[04Apr2025 22:26:41.015] [Server thread/INFO] [com.yellowbrossproductions.illageandspillage.IllageAndSpillage/]: Removed entity.illageandspillage.igniter from Raids to prevent a post-mod-removal crash
[04Apr2025 22:26:41.015] [Server thread/INFO] [com.yellowbrossproductions.illageandspillage.IllageAndSpillage/]: Removed entity.illageandspillage.engineer from Raids to prevent a post-mod-removal crash
[04Apr2025 22:26:41.015] [Server thread/INFO] [com.yellowbrossproductions.illageandspillage.IllageAndSpillage/]: Removed entity.illageandspillage.twittollager from Raids to prevent a post-mod-removal crash
[04Apr2025 22:26:41.015] [Server thread/INFO] [com.yellowbrossproductions.illageandspillage.IllageAndSpillage/]: Removed entity.illageandspillage.magispeller from Raids to prevent a post-mod-removal crash
[04Apr2025 22:26:41.015] [Server thread/INFO] [com.yellowbrossproductions.illageandspillage.IllageAndSpillage/]: Removed entity.illageandspillage.spiritcaller from Raids to prevent a post-mod-removal crash
[04Apr2025 22:26:41.015] [Server thread/INFO] [com.yellowbrossproductions.illageandspillage.IllageAndSpillage/]: Removed entity.illageandspillage.crocofang from Raids to prevent a post-mod-removal crash
[04Apr2025 22:26:41.015] [Server thread/INFO] [com.yellowbrossproductions.illageandspillage.IllageAndSpillage/]: Removed entity.illageandspillage.absorber from Raids to prevent a post-mod-removal crash
[04Apr2025 22:26:41.015] [Server thread/INFO] [com.yellowbrossproductions.illageandspillage.IllageAndSpillage/]: Removed entity.illageandspillage.preserver from Raids to prevent a post-mod-removal crash
[04Apr2025 22:26:41.015] [Server thread/INFO] [com.yellowbrossproductions.illageandspillage.IllageAndSpillage/]: Removed entity.illageandspillage.freakager from Raids to prevent a post-mod-removal crash
[04Apr2025 22:26:41.015] [Server thread/INFO] [com.yellowbrossproductions.illageandspillage.IllageAndSpillage/]: Removed entity.illageandspillage.old_freakager from Raids to prevent a post-mod-removal crash
[04Apr2025 22:26:41.015] [Server thread/INFO] [com.yellowbrossproductions.illageandspillage.IllageAndSpillage/]: Removed entity.illageandspillage.old_magispeller from Raids to prevent a post-mod-removal crash
[04Apr2025 22:26:41.017] [Server thread/INFO] [DragonLib/]: Stopping DragonLib Network Manager (Server) worker thread...
[04Apr2025 22:26:41.017] [DragonLib Network Manager (Server)/INFO] [DragonLib/]: DragonLib Network Manager (Server) worker thread has been stopped!
[04Apr2025 22:26:41.017] [Server thread/INFO] [Framework/]: Unloading server configs...
[04Apr2025 22:26:41.019] [Server thread/INFO] [Framework/]: Sending config unload event for refurbished_furniture.server.toml
[04Apr2025 22:26:41.021] [Server thread/INFO] [Framework/]: Sending config unload event for goblintraders-entities.toml
[04Apr2025 22:26:41.021] [Server thread/INFO] [Framework/]: Finished unloading server configs
[04Apr2025 22:26:41.025] [Server thread/INFO] [journeymap/]: Loading JourneyMap Forge Configs
[04Apr2025 22:26:41.066] [Advanced Display Data Manager/INFO] [de.mrjulsen.crn.CreateRailwaysNavigator/]: Advanced Display Data Manager has been stopped.
[04Apr2025 22:26:41.136] [CRN Train Listener/INFO] [de.mrjulsen.crn.CreateRailwaysNavigator/]: Train listener has been stopped.
